record_type,panel,cell,day,donor,cluster,day_numeric,library_size,pseudotime,lineage_weight,dim1,dim2,pseudotime_bin,n_cells,ABNORMAL_REPAIR,KRT14_KRT17_REPAIR,CILIA_CONSENSUS,MULTICILIOGENESIS,MATURE_CILIATED,KRT4_KRT13_TRANSITIONAL_FATE,Repair_Cilia_Imbalance,FOXJ1,MCIDAS,GMNC,program,n_donors,slope_per_unit_pseudotime,CI95_lower,CI95_upper,P,mean_donor_spearman,donor_direction_consistency,FDR,equal_cell_bin,pseudotime_min,pseudotime_mean,pseudotime_max,basal.colonies,basal.confluent,basal.subconfluent,ciliated,ciliating.early,ciliating.late,d.basal,p.basal,passes_visual_rule
cell_embedding,A,chip94581.7.27.26.CGGAGGTCGTA,seed_day,T84,basal.colonies,-3.0,10730.0,0.182018660241392,1.0,11.78626023399787,-4.289142738184811,,,,,,,,,,,,,,,,,,,,,,,,,,,,,,,,,,
cell_embedding,A,chip94581.7.27.27.CGCTATCCGGA,seed_day,T84,basal.colonies,-3.0,9681.0,0.191854004101192,1.0,11.564968051977896,-4.5565884780435795,,,,,,,,,,,,,,,,,,,,,,,,,,,,,,,,,,
cell_embedding,A,chip94581.7.27.31.CGGAGGCTGCC,seed_day,T84,basal.colonies,-3.0,10532.0,0.309582601464657,1.0,8.598515626364367,0.6029600260097386,,,,,,,,,,,,,,,,,,,,,,,,,,,,,,,,,,
cell_embedding,A,chip94581.7.27.48.CGGTTGCGGAA,seed_day,T84,basal.colonies,-3.0,5236.0,0.16934937434711,1.0,8.510518249887584,-4.9122429347028245,,,,,,,,,,,,,,,,,,,,,,,,,,,,,,,,,,
cell_embedding,A,chip94581.7.27.4.CGGTTCTAAGG,seed_day,T84,basal.colonies,-3.0,6730.0,0.164718899922112,1.0,9.969796368175034,-5.947042642200786,,,,,,,,,,,,,,,,,,,,,,,,,,,,,,,,,,
cell_embedding,A,chip94581.7.27.53.CGGTTGATTGC,seed_day,T84,basal.colonies,-3.0,17983.0,0.256076858184956,0.682303035668447,13.059715464465905,1.2596942377712634,,,,,,,,,,,,,,,,,,,,,,,,,,,,,,,,,,
cell_embedding,A,chip94581.7.27.57.CGGTTATAGCA,seed_day,T84,basal.colonies,-3.0,16376.0,0.202000192514144,0.53674056937949,13.314446805004176,-2.6554967393213627,,,,,,,,,,,,,,,,,,,,,,,,,,,,,,,,,,
cell_embedding,A,chip94581.7.27.59.CGGTTGCCAGC,seed_day,T84,basal.colonies,-3.0,12621.0,0.217486134030166,1.0,13.187714855406336,-1.880663988143923,,,,,,,,,,,,,,,,,,,,,,,,,,,,,,,,,,
cell_embedding,A,chip94581.7.27.5.CGGTTGCTATT,seed_day,T84,basal.colonies,-3.0,8312.0,0.183069820270648,1.0,11.346537815902296,-3.798688550670251,,,,,,,,,,,,,,,,,,,,,,,,,,,,,,,,,,
cell_embedding,A,chip94581.7.28.48.CGGATTAATAT,seed_day,T84,basal.colonies,-3.0,7857.0,0.180130016341307,1.0,11.198976185848478,-5.179497804537447,,,,,,,,,,,,,,,,,,,,,,,,,,,,,,,,,,
cell_embedding,A,chip94581.7.28.51.CGGAGTACGAC,seed_day,T84,basal.colonies,-3.0,5657.0,0.149365788828487,1.0,9.677295663878326,-8.64834279192065,,,,,,,,,,,,,,,,,,,,,,,,,,,,,,,,,,
cell_embedding,A,chip94581.7.28.57.CGGAGTAACTA,seed_day,T84,basal.colonies,-3.0,15904.0,0.212793618528032,1.0,13.517337759745075,-1.0583467200665702,,,,,,,,,,,,,,,,,,,,,,,,,,,,,,,,,,
cell_embedding,A,chip94581.7.29.10.CGTCGTATCGT,seed_day,T84,basal.colonies,-3.0,10264.0,0.177455749496619,1.0,12.897629125135374,-4.0435255627011495,,,,,,,,,,,,,,,,,,,,,,,,,,,,,,,,,,
cell_embedding,A,chip94581.7.29.26.CGGTATATCGA,seed_day,T84,basal.colonies,-3.0,9838.0,0.211456073401661,1.0,11.769865548975304,-1.2136403665944686,,,,,,,,,,,,,,,,,,,,,,,,,,,,,,,,,,
cell_embedding,A,chip94581.7.29.2.CGTTAGAATAG,seed_day,T84,basal.colonies,-3.0,2795.0,0.0832675056044145,1.0,5.816324310080368,-8.925565033424604,,,,,,,,,,,,,,,,,,,,,,,,,,,,,,,,,,
cell_embedding,A,chip94581.7.29.3.CGTCGGTCGAG,seed_day,T84,basal.colonies,-3.0,18189.0,0.252682829461581,0.727682682731341,13.31265041438097,0.7035959211814251,,,,,,,,,,,,,,,,,,,,,,,,,,,,,,,,,,
cell_embedding,A,chip94581.7.29.49.CGTCCTCAGCT,seed_day,T84,basal.colonies,-3.0,4927.0,0.16353089485256,1.0,6.828087020703268,-4.5151809531814715,,,,,,,,,,,,,,,,,,,,,,,,,,,,,,,,,,
cell_embedding,A,chip94581.7.29.4.CGTCGTAACTG,seed_day,T84,basal.colonies,-3.0,5250.0,0.157516206716774,1.0,11.009117468358696,-5.526927836874631,,,,,,,,,,,,,,,,,,,,,,,,,,,,,,,,,,
cell_embedding,A,chip94581.7.29.50.CGTCGGAGGTC,seed_day,T84,basal.colonies,-3.0,12720.0,0.214392935007708,1.0,12.941869462703474,-1.776778797861183,,,,,,,,,,,,,,,,,,,,,,,,,,,,,,,,,,
cell_embedding,A,chip94581.7.29.52.CGTATAGTATC,seed_day,T84,basal.colonies,-3.0,9249.0,0.196568963795229,1.0,12.013992896979302,-2.743617085100223,,,,,,,,,,,,,,,,,,,,,,,,,,,,,,,,,,
cell_embedding,A,chip94581.7.29.53.CGTATTATTAA,seed_day,T84,basal.colonies,-3.0,13706.0,0.190148106386965,1.0,12.495964876264644,-2.61316493780877,,,,,,,,,,,,,,,,,,,,,,,,,,,,,,,,,,
cell_embedding,A,chip94581.7.29.6.CGTCTGGCTCC,seed_day,T84,basal.colonies,-3.0,7910.0,0.225873723611378,1.0,11.303030983165074,0.0655738933412108,,,,,,,,,,,,,,,,,,,,,,,,,,,,,,,,,,
cell_embedding,A,chip94581.7.30.34.CGTCTCAATTA,seed_day,T84,basal.colonies,-3.0,7912.0,0.21223289033746,1.0,10.47612095477026,-1.9178162786833437,,,,,,,,,,,,,,,,,,,,,,,,,,,,,,,,,,
cell_embedding,A,chip94581.7.30.55.CGGTATCCTGC,seed_day,T84,basal.colonies,-3.0,10433.0,0.212016709396924,1.0,11.951196190880603,-2.279977317989093,,,,,,,,,,,,,,,,,,,,,,,,,,,,,,,,,,
cell_embedding,A,chip94581.7.30.6.CGGTCGACGCC,seed_day,T84,basal.colonies,-3.0,17460.0,0.268633474131395,0.706080186472857,13.383439136129835,3.919060399358019,,,,,,,,,,,,,,,,,,,,,,,,,,,,,,,,,,
cell_embedding,A,chip94581.7.30.9.CGGTATGCCGG,seed_day,T84,basal.colonies,-3.0,5326.0,0.149967872579502,1.0,9.7368434454873,-6.51935947109234,,,,,,,,,,,,,,,,,,,,,,,,,,,,,,,,,,
cell_embedding,A,chip94581.7.31.30.CGGTCTAGGTC,seed_day,T84,basal.colonies,-3.0,14570.0,0.240627162415768,1.0,13.809742753155632,0.4888796104582956,,,,,,,,,,,,,,,,,,,,,,,,,,,,,,,,,,
cell_embedding,A,chip94581.7.31.31.CGGTTAATGAG,seed_day,T84,basal.colonies,-3.0,6657.0,0.170872022837778,1.0,11.575705898928492,-5.1024930561409265,,,,,,,,,,,,,,,,,,,,,,,,,,,,,,,,,,
cell_embedding,A,chip94581.7.31.34.CGGTCAATTCC,seed_day,T84,basal.colonies,-3.0,8077.0,0.176050404487493,1.0,11.51880254171784,-4.2784914270567835,,,,,,,,,,,,,,,,,,,,,,,,,,,,,,,,,,
cell_embedding,A,chip94581.7.31.3.CGTTATATCAT,seed_day,T84,basal.colonies,-3.0,1738.0,0.0101799330487177,1.0,4.892924631414205,-13.519512200285895,,,,,,,,,,,,,,,,,,,,,,,,,,,,,,,,,,
cell_embedding,A,chip94581.7.31.56.CGTTCGGCCGC,seed_day,T84,basal.colonies,-3.0,4081.0,0.111227853015601,1.0,7.717142939119763,-7.647589937833722,,,,,,,,,,,,,,,,,,,,,,,,,,,,,,,,,,
cell_embedding,A,chip94581.7.31.59.CGTTATGAACT,seed_day,T84,basal.colonies,-3.0,19019.0,0.282574675774759,0.433228641112919,12.48606998053812,4.448799278230769,,,,,,,,,,,,,,,,,,,,,,,,,,,,,,,,,,
cell_embedding,A,chip94581.7.31.6.CGTTCCAGATG,seed_day,T84,basal.colonies,-3.0,9331.0,0.337215044305689,0.369223341764685,6.845678987485096,3.5307381747557325,,,,,,,,,,,,,,,,,,,,,,,,,,,,,,,,,,
cell_embedding,A,chip94581.7.32.1.CTGGTACTGGC,seed_day,T84,basal.colonies,-3.0,12379.0,0.247160886576898,1.0,12.454350345824992,0.873105845600488,,,,,,,,,,,,,,,,,,,,,,,,,,,,,,,,,,
cell_embedding,A,chip94581.7.32.24.CTTGCATGCGT,seed_day,T84,basal.colonies,-3.0,11559.0,0.207743479369787,1.0,12.651000271812478,-2.0385483465202285,,,,,,,,,,,,,,,,,,,,,,,,,,,,,,,,,,
cell_embedding,A,chip94581.7.32.27.CTTGATATGAA,seed_day,T84,basal.colonies,-3.0,4849.0,0.148676851418987,1.0,6.84368888596756,-6.4009079499443144,,,,,,,,,,,,,,,,,,,,,,,,,,,,,,,,,,
cell_embedding,A,chip94581.7.32.29.CTTGATTGGTA,seed_day,T84,basal.colonies,-3.0,2340.0,0.0806241084095338,1.0,3.768417247536523,-8.905898213158116,,,,,,,,,,,,,,,,,,,,,,,,,,,,,,,,,,
cell_embedding,A,chip94581.7.32.33.CTTGAGTTACC,seed_day,T84,basal.colonies,-3.0,9212.0,0.223366219466983,1.0,11.892309955098876,-1.6818820985311775,,,,,,,,,,,,,,,,,,,,,,,,,,,,,,,,,,
cell_embedding,A,chip94581.7.32.56.CTGGTAATCAG,seed_day,T84,basal.colonies,-3.0,9270.0,0.206491046087014,1.0,12.7360489652997,-2.8565524952680104,,,,,,,,,,,,,,,,,,,,,,,,,,,,,,,,,,
cell_embedding,A,chip94581.7.33.27.CTGGTCCGTAC,seed_day,T84,basal.colonies,-3.0,10601.0,0.232700149875526,1.0,12.6618096596059,0.2812614984765125,,,,,,,,,,,,,,,,,,,,,,,,,,,,,,,,,,
cell_embedding,A,chip94581.7.33.2.CTTGGCTTCGG,seed_day,T84,basal.colonies,-3.0,10031.0,0.206837107936407,1.0,12.05912565847612,-1.8760866856108416,,,,,,,,,,,,,,,,,,,,,,,,,,,,,,,,,,
cell_embedding,A,chip94581.7.33.30.CTGGTTGCGCC,seed_day,T84,basal.colonies,-3.0,10515.0,0.217172461261648,1.0,13.58006536801406,-0.3719746731437363,,,,,,,,,,,,,,,,,,,,,,,,,,,,,,,,,,
cell_embedding,A,chip94581.7.33.33.CTGGTCCGATT,seed_day,T84,basal.colonies,-3.0,6178.0,0.327020082439207,0.848860640170371,6.88921075001891,-3.724950559739721,,,,,,,,,,,,,,,,,,,,,,,,,,,,,,,,,,
cell_embedding,A,chip94581.7.33.49.CTTGCGTCGCA,seed_day,T84,basal.colonies,-3.0,7635.0,0.259839258456444,1.0,8.094795375355291,-0.9210764656448184,,,,,,,,,,,,,,,,,,,,,,,,,,,,,,,,,,
cell_embedding,A,chip94581.7.33.50.CTTGCTCAATT,seed_day,T84,basal.colonies,-3.0,6089.0,0.206724791610752,1.0,11.263910507840134,-3.7153943194608208,,,,,,,,,,,,,,,,,,,,,,,,,,,,,,,,,,
cell_embedding,A,chip94581.7.33.53.CTTGCCTAGGA,seed_day,T84,basal.colonies,-3.0,7491.0,0.21171059435792,1.0,11.053081370499084,-3.4142617744711377,,,,,,,,,,,,,,,,,,,,,,,,,,,,,,,,,,
cell_embedding,A,chip94581.7.33.55.CTTGCTAACCG,seed_day,T84,basal.colonies,-3.0,18790.0,0.270731070672194,1.0,12.161500999542811,2.9523510915765483,,,,,,,,,,,,,,,,,,,,,,,,,,,,,,,,,,
cell_embedding,A,chip94581.7.33.59.CTTGCCTCTAC,seed_day,T84,basal.colonies,-3.0,15981.0,0.233048838128929,0.709197444218647,15.212308928848742,-1.1045509248673306,,,,,,,,,,,,,,,,,,,,,,,,,,,,,,,,,,
cell_embedding,A,chip94581.7.33.6.CTTGGATAACT,seed_day,T84,basal.colonies,-3.0,6083.0,0.185959513414366,0.985902225074725,8.177501768376512,-3.99805304184376,,,,,,,,,,,,,,,,,,,,,,,,,,,,,,,,,,
cell_embedding,A,chip94581.7.34.11.CTTCATGGTAG,seed_day,T84,basal.colonies,-3.0,8987.0,0.182131213454098,1.0,10.734299028996716,-4.1476701060073875,,,,,,,,,,,,,,,,,,,,,,,,,,,,,,,,,,
cell_embedding,A,chip94581.7.34.35.CTTGGCCGGCA,seed_day,T84,basal.colonies,-3.0,15837.0,0.254491795088724,1.0,13.142123392243542,0.8080123055440176,,,,,,,,,,,,,,,,,,,,,,,,,,,,,,,,,,
cell_embedding,A,chip94581.7.34.50.CTTATATGCGC,seed_day,T84,basal.colonies,-3.0,5395.0,0.178136303611487,1.0,7.688828387977577,-5.296507738648455,,,,,,,,,,,,,,,,,,,,,,,,,,,,,,,,,,
cell_embedding,A,chip94581.7.34.54.CTTACGGTACG,seed_day,T84,basal.colonies,-3.0,14776.0,0.248303722800478,0.549021370204979,13.940154541074357,1.106655431063957,,,,,,,,,,,,,,,,,,,,,,,,,,,,,,,,,,
cell_embedding,A,chip94581.7.34.55.CTTATAATCCG,seed_day,T84,basal.colonies,-3.0,18397.0,0.254491795088724,1.0,14.09079110447805,1.0914387735848154,,,,,,,,,,,,,,,,,,,,,,,,,,,,,,,,,,
cell_embedding,A,chip94581.7.34.56.CTTATAGGCTA,seed_day,T84,basal.colonies,-3.0,1856.0,0.0175088566385479,1.0,2.928527343756472,-14.471432622880608,,,,,,,,,,,,,,,,,,,,,,,,,,,,,,,,,,
cell_embedding,A,chip94581.7.35.0.GAACCGCAGCG,seed_day,T84,basal.colonies,-3.0,7529.0,0.401333014921652,1.0,1.7957714278925605,-1.3918105062081216,,,,,,,,,,,,,,,,,,,,,,,,,,,,,,,,,,
cell_embedding,A,chip94581.7.35.28.CTTCATCGGCC,seed_day,T84,basal.colonies,-3.0,11528.0,0.209915266851435,1.0,13.282851343443564,-2.7615973750852003,,,,,,,,,,,,,,,,,,,,,,,,,,,,,,,,,,
cell_embedding,A,chip94581.7.35.2.GAACCGTCAGG,seed_day,T84,basal.colonies,-3.0,13085.0,0.229382074810333,1.0,14.081662781258334,-0.250207063280613,,,,,,,,,,,,,,,,,,,,,,,,,,,,,,,,,,
cell_embedding,A,chip94581.7.35.32.CTTCGCAGCGG,seed_day,T84,basal.colonies,-3.0,20487.0,0.275446861827785,0.325031626440431,12.633616114546074,3.998336290593638,,,,,,,,,,,,,,,,,,,,,,,,,,,,,,,,,,
cell_embedding,A,chip94581.7.35.35.CTTCCGAACCA,seed_day,T84,basal.colonies,-3.0,7676.0,0.192641049635528,1.0,10.376464256619284,-4.269126573606977,,,,,,,,,,,,,,,,,,,,,,,,,,,,,,,,,,
cell_embedding,A,chip94581.7.35.3.GAACCATCGCG,seed_day,T84,basal.colonies,-3.0,10363.0,0.233048838128929,1.0,12.497411232689426,-1.5633938643809837,,,,,,,,,,,,,,,,,,,,,,,,,,,,,,,,,,
cell_embedding,A,chip94581.7.35.56.GAACCGGCGAG,seed_day,T84,basal.colonies,-3.0,6210.0,0.165108079672065,1.0,9.072207607961325,-5.576897331676641,,,,,,,,,,,,,,,,,,,,,,,,,,,,,,,,,,
cell_embedding,A,chip94581.7.35.57.GAACCAATATC,seed_day,T84,basal.colonies,-3.0,2244.0,0.0482036010716435,1.0,4.864771686813347,-9.666223021675291,,,,,,,,,,,,,,,,,,,,,,,,,,,,,,,,,,
cell_embedding,A,chip94581.7.35.58.GAACCAGCTTG,seed_day,T84,basal.colonies,-3.0,12324.0,0.268633474131395,1.0,12.1082679131107,3.3448277569513234,,,,,,,,,,,,,,,,,,,,,,,,,,,,,,,,,,
cell_embedding,A,chip94581.7.35.9.GAACCATACTG,seed_day,T84,basal.colonies,-3.0,5546.0,0.171487969548107,1.0,9.546665718481306,-5.11310854220586,,,,,,,,,,,,,,,,,,,,,,,,,,,,,,,,,,
cell_embedding,A,chip94581.7.63.10.TGGAAGCGCTT,seed_day,T84,basal.colonies,-3.0,8450.0,0.236308800796758,1.0,9.592574046303472,-2.104195215479779,,,,,,,,,,,,,,,,,,,,,,,,,,,,,,,,,,
cell_embedding,A,chip94581.7.63.1.TGGACCGCGCG,seed_day,T84,basal.colonies,-3.0,10864.0,0.212644638637926,1.0,11.76570241786659,-1.897712833647478,,,,,,,,,,,,,,,,,,,,,,,,,,,,,,,,,,
cell_embedding,A,chip94581.7.63.25.TGCATGCCGAT,seed_day,T84,basal.colonies,-3.0,11485.0,0.207376827711184,1.0,11.850752754657398,-2.857537751767021,,,,,,,,,,,,,,,,,,,,,,,,,,,,,,,,,,
cell_embedding,A,chip94581.7.63.29.TGATTGCCTTC,seed_day,T84,basal.colonies,-3.0,2487.0,0.0798717124594912,1.0,6.8495535861564765,-9.973864861818928,,,,,,,,,,,,,,,,,,,,,,,,,,,,,,,,,,
cell_embedding,A,chip94581.7.63.2.TGGACGGAGTT,seed_day,T84,basal.colonies,-3.0,9332.0,0.321327936297603,0.740923584865518,7.412364517509458,1.0982726849210371,,,,,,,,,,,,,,,,,,,,,,,,,,,,,,,,,,
cell_embedding,A,chip94581.7.63.59.TGGAAGGCGGC,seed_day,T84,basal.colonies,-3.0,18566.0,0.232065595233875,0.708280480818919,14.90439476517806,-0.6922311682273312,,,,,,,,,,,,,,,,,,,,,,,,,,,,,,,,,,
cell_embedding,A,chip94581.7.63.7.TGGACGAAGGC,seed_day,T84,basal.colonies,-3.0,3533.0,,0.0,5.0267938901945195,-7.479735857238941,,,,,,,,,,,,,,,,,,,,,,,,,,,,,,,,,,
cell_embedding,A,chip94581.7.64.0.TTAACCGGTTC,seed_day,T84,basal.colonies,-3.0,10987.0,0.317889832800384,0.854547475318444,8.095989742227435,1.0608541047159454,,,,,,,,,,,,,,,,,,,,,,,,,,,,,,,,,,
cell_embedding,A,chip94581.7.64.24.TTATCATATAA,seed_day,T84,basal.colonies,-3.0,13706.0,0.21959322679422,1.0,11.922337735182111,-1.519237512033111,,,,,,,,,,,,,,,,,,,,,,,,,,,,,,,,,,
cell_embedding,A,chip94581.7.64.25.TTATCTGACGC,seed_day,T84,basal.colonies,-3.0,9705.0,0.190148106386965,1.0,13.060470597658638,-4.09963827786857,,,,,,,,,,,,,,,,,,,,,,,,,,,,,,,,,,
cell_embedding,A,chip94581.7.64.29.TTATATTAGCC,seed_day,T84,basal.colonies,-3.0,6554.0,0.181744170576233,1.0,9.502427396208995,-5.534857522984371,,,,,,,,,,,,,,,,,,,,,,,,,,,,,,,,,,
cell_embedding,A,chip94581.7.64.50.TTAATCTCGAG,seed_day,T84,basal.colonies,-3.0,1706.0,0.0,1.0,4.035612759151544,-14.547256987019413,,,,,,,,,,,,,,,,,,,,,,,,,,,,,,,,,,
cell_embedding,A,chip94581.7.64.52.TGGTTCCAATA,seed_day,T84,basal.colonies,-3.0,4554.0,0.157476025350201,0.95872918752906,5.7719893783183895,-6.703866494101068,,,,,,,,,,,,,,,,,,,,,,,,,,,,,,,,,,
cell_embedding,A,chip94581.7.64.7.TTAATGGTACC,seed_day,T84,basal.colonies,-3.0,8688.0,0.214297727358263,1.0,11.518000695173791,-2.915952401209101,,,,,,,,,,,,,,,,,,,,,,,,,,,,,,,,,,
cell_embedding,A,chip94581.7.65.2.TTCAATGACGG,seed_day,T84,basal.colonies,-3.0,14276.0,0.223464716021935,1.0,13.265473659745444,-1.2708333718615088,,,,,,,,,,,,,,,,,,,,,,,,,,,,,,,,,,
cell_embedding,A,chip94581.7.65.35.TTACGTTCCGT,seed_day,T84,basal.colonies,-3.0,9249.0,0.176023413459261,1.0,12.239729447140478,-5.343848941515408,,,,,,,,,,,,,,,,,,,,,,,,,,,,,,,,,,
cell_embedding,A,chip94581.7.65.4.TTATGGTAAGT,seed_day,T84,basal.colonies,-3.0,14013.0,0.205669152335449,1.0,12.862960085504913,-2.188494153903909,,,,,,,,,,,,,,,,,,,,,,,,,,,,,,,,,,
cell_embedding,A,chip94581.7.65.52.TTATATCAGTT,seed_day,T84,basal.colonies,-3.0,5472.0,0.159466231273964,1.0,8.828186899531547,-7.419217998725595,,,,,,,,,,,,,,,,,,,,,,,,,,,,,,,,,,
cell_embedding,A,chip94581.7.65.56.TTATGCGACTC,seed_day,T84,basal.colonies,-3.0,10670.0,0.211535515286222,1.0,12.962803646414716,-2.28555374293236,,,,,,,,,,,,,,,,,,,,,,,,,,,,,,,,,,
cell_embedding,A,chip94581.7.65.57.TTATATAGATG,seed_day,T84,basal.colonies,-3.0,12957.0,0.25675294750017,0.971276403445218,11.037017105916757,0.3784968078197238,,,,,,,,,,,,,,,,,,,,,,,,,,,,,,,,,,
cell_embedding,A,chip94581.7.66.10.TTAGATGATAC,seed_day,T84,basal.colonies,-3.0,6856.0,0.188005201842578,1.0,10.798638283546987,-4.678142356387776,,,,,,,,,,,,,,,,,,,,,,,,,,,,,,,,,,
cell_embedding,A,chip94581.7.66.29.TTATTGATATG,seed_day,T84,basal.colonies,-3.0,14514.0,0.250500589618878,0.744570860727719,13.80364795963254,1.106577640473772,,,,,,,,,,,,,,,,,,,,,,,,,,,,,,,,,,
cell_embedding,A,chip94581.7.66.31.TTCAGCGGCGA,seed_day,T84,basal.colonies,-3.0,5219.0,0.181092505514252,1.0,8.26637187818176,-5.949508581886363,,,,,,,,,,,,,,,,,,,,,,,,,,,,,,,,,,
cell_embedding,A,chip94581.7.66.33.TTATTAGCGCC,seed_day,T84,basal.colonies,-3.0,6055.0,0.205735457328615,0.967997485602594,7.841266227571373,-5.158338379293422,,,,,,,,,,,,,,,,,,,,,,,,,,,,,,,,,,
cell_embedding,A,chip94581.7.66.35.TTATTGATGCT,seed_day,T84,basal.colonies,-3.0,5785.0,0.238610381171835,0.946161605313831,7.800095297813768,-2.610306611945138,,,,,,,,,,,,,,,,,,,,,,,,,,,,,,,,,,
cell_embedding,A,chip94581.7.66.4.TTAGATCGATA,seed_day,T84,basal.colonies,-3.0,10256.0,0.316059303488052,0.342330953062419,8.267715777175749,2.3053003835614345,,,,,,,,,,,,,,,,,,,,,,,,,,,,,,,,,,
cell_embedding,A,chip94581.7.66.58.TTACGGCTGCC,seed_day,T84,basal.colonies,-3.0,20419.0,0.259941186940027,0.596885551578525,13.826255365761476,3.054518786026516,,,,,,,,,,,,,,,,,,,,,,,,,,,,,,,,,,
cell_embedding,A,chip94581.7.67.10.TTCATTCGCCT,seed_day,T84,basal.colonies,-3.0,11815.0,0.217757367386937,1.0,12.789158100942082,-1.1679629013166302,,,,,,,,,,,,,,,,,,,,,,,,,,,,,,,,,,
cell_embedding,A,chip94581.7.67.25.TTAGGCCGCGC,seed_day,T84,basal.colonies,-3.0,9679.0,0.236406993350042,0.97439548244748,8.61896061377253,-2.5608850235735092,,,,,,,,,,,,,,,,,,,,,,,,,,,,,,,,,,
cell_embedding,A,chip94581.7.67.30.TTAGGAAGCGG,seed_day,T84,basal.colonies,-3.0,17466.0,0.225873723611378,0.712524029407621,14.249757016301198,-1.4970212409554482,,,,,,,,,,,,,,,,,,,,,,,,,,,,,,,,,,
cell_embedding,A,chip94581.7.67.34.TTAGCATCGTA,seed_day,T84,basal.colonies,-3.0,9535.0,0.218700248329187,1.0,12.278100220855404,-2.60685230139644,,,,,,,,,,,,,,,,,,,,,,,,,,,,,,,,,,
cell_embedding,A,chip94581.7.67.35.TTAGCTCAGTC,seed_day,T84,basal.colonies,-3.0,15472.0,0.309928315424775,0.277246908911696,9.705215719395127,3.9008748195903817,,,,,,,,,,,,,,,,,,,,,,,,,,,,,,,,,,
cell_embedding,A,chip94581.7.67.3.TTCATGGAACG,seed_day,T84,basal.colonies,-3.0,17280.0,0.305799917295407,0.196440717494744,10.567512000208506,7.506649302073721,,,,,,,,,,,,,,,,,,,,,,,,,,,,,,,,,,
cell_embedding,A,chip94581.7.67.49.TTCCGTCGGCC,seed_day,T84,basal.colonies,-3.0,14536.0,0.227741826955347,1.0,13.00367657094983,-1.9732925448831051,,,,,,,,,,,,,,,,,,,,,,,,,,,,,,,,,,
cell_embedding,A,chip94581.7.67.51.TTCAGTCGTAC,seed_day,T84,basal.colonies,-3.0,18203.0,0.24021435528219,1.0,13.98528565635755,-0.3517419311996121,,,,,,,,,,,,,,,,,,,,,,,,,,,,,,,,,,
cell_embedding,A,chip94581.7.67.52.TTCATATTCTT,seed_day,T84,basal.colonies,-3.0,4047.0,0.118131502897143,0.987889673949015,6.2235066439828,-7.885062129774016,,,,,,,,,,,,,,,,,,,,,,,,,,,,,,,,,,
cell_embedding,A,chip94581.7.67.53.TTCCAATAGAT,seed_day,T84,basal.colonies,-3.0,6144.0,0.16953078692263,1.0,9.679716983064152,-4.946476284459075,,,,,,,,,,,,,,,,,,,,,,,,,,,,,,,,,,
cell_embedding,A,chip94581.7.67.7.TTCCTCGCCGT,seed_day,T84,basal.colonies,-3.0,3334.0,0.132926640068303,1.0,8.06203352691913,-7.557218178118233,,,,,,,,,,,,,,,,,,,,,,,,,,,,,,,,,,
cell_embedding,A,chip94581.7.68.31.TTCGAGTTAGC,seed_day,T84,basal.colonies,-3.0,6164.0,0.165699033851146,1.0,9.826772149051315,-5.425800822820952,,,,,,,,,,,,,,,,,,,,,,,,,,,,,,,,,,
cell_embedding,A,chip94581.7.68.4.TTAGGTTCATA,seed_day,T84,basal.colonies,-3.0,16144.0,0.225873723611378,1.0,12.71437139647396,-1.6457947556335286,,,,,,,,,,,,,,,,,,,,,,,,,,,,,,,,,,
cell_embedding,A,chip94581.7.68.51.TTAGGTACCTG,seed_day,T84,basal.colonies,-3.0,17470.0,0.254032822293207,1.0,13.090293259512624,2.066250316274201,,,,,,,,,,,,,,,,,,,,,,,,,,,,,,,,,,
cell_embedding,A,chip94581.7.68.52.TTAGGTAGAAC,seed_day,T84,basal.colonies,-3.0,4881.0,0.15680541257942,1.0,11.268075898431102,-6.063853387534026,,,,,,,,,,,,,,,,,,,,,,,,,,,,,,,,,,
cell_embedding,A,chip94581.7.68.59.TTAGTAGTTCT,seed_day,T84,basal.colonies,-3.0,14717.0,0.225873723611378,1.0,13.654137402069924,-0.5990095624149661,,,,,,,,,,,,,,,,,,,,,,,,,,,,,,,,,,
cell_embedding,A,chip94581.7.69.24.TTCGGCTTGGA,seed_day,T84,basal.colonies,-3.0,11850.0,0.19778196829495,1.0,14.13527702668216,-3.7244794963805097,,,,,,,,,,,,,,,,,,,,,,,,,,,,,,,,,,
cell_embedding,A,chip94581.7.69.2.TTCTCTATCCA,seed_day,T84,basal.colonies,-3.0,9956.0,0.217296710348734,1.0,11.93742654809632,-1.0501681578499769,,,,,,,,,,,,,,,,,,,,,,,,,,,,,,,,,,
cell_embedding,A,chip94581.7.69.53.TTCGACCAGGA,seed_day,T84,basal.colonies,-3.0,1549.0,0.0041919470118628,1.0,3.042592795063648,-13.903793120964556,,,,,,,,,,,,,,,,,,,,,,,,,,,,,,,,,,
cell_embedding,A,chip94581.7.69.59.TTCGACCTTGG,seed_day,T84,basal.colonies,-3.0,12820.0,0.254491795088724,1.0,12.174238499931834,1.6175708494906078,,,,,,,,,,,,,,,,,,,,,,,,,,,,,,,,,,
cell_embedding,A,chip94581.7.69.9.TTCGTTCGCGG,seed_day,T84,basal.colonies,-3.0,13767.0,0.247364753637935,1.0,12.609872608253228,0.674829977545847,,,,,,,,,,,,,,,,,,,,,,,,,,,,,,,,,,
cell_embedding,A,chip94581.7.70.1.TTGATACTCCG,seed_day,T84,basal.colonies,-3.0,11077.0,0.202424741267738,1.0,11.670557665602251,-2.961422980530104,,,,,,,,,,,,,,,,,,,,,,,,,,,,,,,,,,
cell_embedding,A,chip94581.7.70.24.TTGACGGTACT,seed_day,T84,basal.colonies,-3.0,11748.0,0.211709930226758,1.0,12.728109544738508,-2.5642597978111663,,,,,,,,,,,,,,,,,,,,,,,,,,,,,,,,,,
cell_embedding,A,chip94581.7.70.28.TTGAAGTCTCG,seed_day,T84,basal.colonies,-3.0,11853.0,0.218700248329187,1.0,12.9776948306192,-0.4358279784587965,,,,,,,,,,,,,,,,,,,,,,,,,,,,,,,,,,
cell_embedding,A,chip94581.7.70.3.TTGAGCCGGTA,seed_day,T84,basal.colonies,-3.0,10806.0,0.193389022611181,1.0,12.471202711642146,-4.083390834998103,,,,,,,,,,,,,,,,,,,,,,,,,,,,,,,,,,
cell_embedding,A,chip94581.7.70.4.TTGAGCGATAG,seed_day,T84,basal.colonies,-3.0,3920.0,0.0961515321823409,1.0,5.001401141353937,-8.3846395457676,,,,,,,,,,,,,,,,,,,,,,,,,,,,,,,,,,
cell_embedding,A,chip94581.7.70.50.TTGAACGCCTG,seed_day,T84,basal.colonies,-3.0,3189.0,0.118801139852334,1.0,7.7079350491276095,-6.328921751478815,,,,,,,,,,,,,,,,,,,,,,,,,,,,,,,,,,
cell_embedding,A,chip94581.7.70.54.TTCTTCCGAAT,seed_day,T84,basal.colonies,-3.0,9236.0,0.364029208963609,0.943930662850528,5.133476206218775,0.7001779375734658,,,,,,,,,,,,,,,,,,,,,,,,,,,,,,,,,,
cell_embedding,A,chip94581.7.70.58.TTCTGGCAGCT,seed_day,T84,basal.colonies,-3.0,15289.0,0.248468834516335,1.0,12.475497614450394,1.064642718719017,,,,,,,,,,,,,,,,,,,,,,,,,,,,,,,,,,
cell_embedding,A,chip94581.7.70.6.TTGAGGTTCTA,seed_day,T84,basal.colonies,-3.0,5576.0,0.156319870967054,1.0,10.30221128861938,-6.106731364685847,,,,,,,,,,,,,,,,,,,,,,,,,,,,,,,,,,
cell_embedding,A,chip94581.7.70.9.TTGAGATGAAC,seed_day,T84,basal.colonies,-3.0,5507.0,0.142608138748548,1.0,8.33749995727312,-7.908991872536686,,,,,,,,,,,,,,,,,,,,,,,,,,,,,,,,,,
cell_embedding,A,chip94581.7.71.1.TTGCGTCGTAT,seed_day,T84,basal.colonies,-3.0,13618.0,0.195692614642806,0.687737587164552,13.74226385230695,-3.1326956560403505,,,,,,,,,,,,,,,,,,,,,,,,,,,,,,,,,,
cell_embedding,A,chip94581.7.71.26.TTGCCTTGCGT,seed_day,T84,basal.colonies,-3.0,19131.0,0.256095738085454,0.48261325712678,13.27720734488069,2.811088604413076,,,,,,,,,,,,,,,,,,,,,,,,,,,,,,,,,,
cell_embedding,A,chip94581.7.71.50.TTGCAGGCATC,seed_day,T84,basal.colonies,-3.0,7095.0,0.224773348946237,1.0,8.920926288957563,-3.38627978646986,,,,,,,,,,,,,,,,,,,,,,,,,,,,,,,,,,
cell_embedding,A,chip94581.7.71.53.TTGATTCTGCC,seed_day,T84,basal.colonies,-3.0,10955.0,0.238063022337214,1.0,11.253044436005784,-0.8278208907339847,,,,,,,,,,,,,,,,,,,,,,,,,,,,,,,,,,
cell_embedding,A,chip94581.7.71.56.TTGCAGGAAGG,seed_day,T84,basal.colonies,-3.0,9413.0,0.190522820132543,1.0,12.000338405444548,-3.672574747168906,,,,,,,,,,,,,,,,,,,,,,,,,,,,,,,,,,
cell_embedding,A,chip94581.7.71.59.TTGATTCTTAA,seed_day,T84,basal.colonies,-3.0,4308.0,0.107501673263874,1.0,7.258124439658641,-9.863333369407515,,,,,,,,,,,,,,,,,,,,,,,,,,,,,,,,,,
cell_embedding,A,chip94581.7.71.6.TTGCGGTTGGC,seed_day,T84,basal.colonies,-3.0,13454.0,0.253072389906467,1.0,12.915528059920552,1.1480109769879878,,,,,,,,,,,,,,,,,,,,,,,,,,,,,,,,,,
cell_embedding,A,chip94581.7.71.9.TTGCGCCGCAG,seed_day,T84,basal.colonies,-3.0,12318.0,0.24021435528219,1.0,11.662934305883333,-0.3047239041835241,,,,,,,,,,,,,,,,,,,,,,,,,,,,,,,,,,
cell_embedding,A,chip94581.8.27.12.CGACCTTGGTA,day_minus2,T84,basal.subconfluent,-2.0,4653.0,0.14683848333864,1.0,9.296989493509814,-7.562072931914448,,,,,,,,,,,,,,,,,,,,,,,,,,,,,,,,,,
cell_embedding,A,chip94581.8.27.13.CGACTCAACTG,day_minus2,T84,basal.subconfluent,-2.0,4838.0,0.166057077760323,1.0,7.254301172485499,-5.915644233722924,,,,,,,,,,,,,,,,,,,,,,,,,,,,,,,,,,
cell_embedding,A,chip94581.8.27.16.CGACCGACTAG,day_minus2,T84,basal.subconfluent,-2.0,4839.0,,0.0,8.21203164531161,-6.287771662166479,,,,,,,,,,,,,,,,,,,,,,,,,,,,,,,,,,
cell_embedding,A,chip94581.8.27.23.CGACCTTCATC,day_minus2,T84,basal.subconfluent,-2.0,19720.0,,0.0,11.20572827990378,4.0877353847697435,,,,,,,,,,,,,,,,,,,,,,,,,,,,,,,,,,
cell_embedding,A,chip94581.8.27.41.CCTCTCCGCAT,day_minus2,T84,basal.subconfluent,-2.0,4146.0,0.146830111433829,1.0,7.888329540926134,-4.564994015036465,,,,,,,,,,,,,,,,,,,,,,,,,,,,,,,,,,
cell_embedding,A,chip94581.8.27.46.CCTCTATGAGA,day_minus2,T84,basal.subconfluent,-2.0,7261.0,0.236314898625211,1.0,10.289394233716322,-1.134960535272736,,,,,,,,,,,,,,,,,,,,,,,,,,,,,,,,,,
cell_embedding,A,chip94581.8.27.63.CGAAGTTGATA,day_minus2,T84,basal.subconfluent,-2.0,3829.0,0.110806483099336,1.0,7.867247041760885,-8.635295253302818,,,,,,,,,,,,,,,,,,,,,,,,,,,,,,,,,,
cell_embedding,A,chip94581.8.27.71.CGACCTCATCG,day_minus2,T84,basal.subconfluent,-2.0,11742.0,0.239188225471028,1.0,12.886246437244486,0.1861123194825041,,,,,,,,,,,,,,,,,,,,,,,,,,,,,,,,,,
cell_embedding,A,chip94581.8.28.69.CCTCTTCTCGG,day_minus2,T84,basal.subconfluent,-2.0,6359.0,0.239663151554733,1.0,10.605116557772805,-1.0543591042304952,,,,,,,,,,,,,,,,,,,,,,,,,,,,,,,,,,
cell_embedding,A,chip94581.8.29.21.CGATGGTAATA,day_minus2,T84,basal.subconfluent,-2.0,16583.0,0.254491795088724,0.393144595415501,12.756398474624136,2.481693122963668,,,,,,,,,,,,,,,,,,,,,,,,,,,,,,,,,,
cell_embedding,A,chip94581.8.29.36.CCTTACGCGCA,day_minus2,T84,basal.subconfluent,-2.0,13234.0,0.265458263115962,0.496001787066413,10.86081317256457,1.0734530391668424,,,,,,,,,,,,,,,,,,,,,,,,,,,,,,,,,,
cell_embedding,A,chip94581.8.29.44.CCTTCAGCTCT,day_minus2,T84,basal.subconfluent,-2.0,3976.0,0.146055222857528,1.0,8.402562590767758,-7.1624894361595155,,,,,,,,,,,,,,,,,,,,,,,,,,,,,,,,,,
cell_embedding,A,chip94581.8.30.12.CGAACCGAGAG,day_minus2,T84,basal.subconfluent,-2.0,11543.0,,0.0,9.0929159420376,2.590443167167223,,,,,,,,,,,,,,,,,,,,,,,,,,,,,,,,,,
cell_embedding,A,chip94581.8.30.17.CGAACCAGTCG,day_minus2,T84,basal.subconfluent,-2.0,4906.0,0.202326723244596,0.987398535947698,8.268854754046222,-3.872433338275705,,,,,,,,,,,,,,,,,,,,,,,,,,,,,,,,,,
cell_embedding,A,chip94581.8.30.18.CGAACCGGATT,day_minus2,T84,basal.subconfluent,-2.0,4400.0,0.186051649282761,1.0,8.121269147764517,-2.652493729880031,,,,,,,,,,,,,,,,,,,,,,,,,,,,,,,,,,
cell_embedding,A,chip94581.8.30.20.CGAAGAATCCA,day_minus2,T84,basal.subconfluent,-2.0,10369.0,0.22323851899709,1.0,11.910468302815858,-2.1936703998808693,,,,,,,,,,,,,,,,,,,,,,,,,,,,,,,,,,
cell_embedding,A,chip94581.8.30.39.CGATTCTAGAT,day_minus2,T84,basal.subconfluent,-2.0,3591.0,0.103497171366752,1.0,7.014019969441973,-9.923659561379884,,,,,,,,,,,,,,,,,,,,,,,,,,,,,,,,,,
cell_embedding,A,chip94581.8.30.44.CGCATCTGCAT,day_minus2,T84,basal.subconfluent,-2.0,20928.0,,0.0,12.91159350457195,1.4402043220466527,,,,,,,,,,,,,,,,,,,,,,,,,,,,,,,,,,
cell_embedding,A,chip94581.8.30.45.CGATTCGCTTC,day_minus2,T84,basal.subconfluent,-2.0,19890.0,,0.0,10.284252761471356,5.608917154019526,,,,,,,,,,,,,,,,,,,,,,,,,,,,,,,,,,
cell_embedding,A,chip94581.8.30.61.CCTTCATGACG,day_minus2,T84,basal.subconfluent,-2.0,13043.0,0.261588748338711,1.0,11.84869690715128,1.6762156136673112,,,,,,,,,,,,,,,,,,,,,,,,,,,,,,,,,,
cell_embedding,A,chip94581.8.30.62.CCTTCGATCCA,day_minus2,T84,basal.subconfluent,-2.0,19088.0,,0.0,10.806161147179012,6.762651241939788,,,,,,,,,,,,,,,,,,,,,,,,,,,,,,,,,,
cell_embedding,A,chip94581.8.31.13.CGCGAGAGATA,day_minus2,T84,basal.subconfluent,-2.0,5768.0,,0.0,7.34294166616061,-0.4924825267433651,,,,,,,,,,,,,,,,,,,,,,,,,,,,,,,,,,
cell_embedding,A,chip94581.8.31.23.CGCCGCCATCG,day_minus2,T84,basal.subconfluent,-2.0,14348.0,,0.0,6.973230531705648,6.660350125198828,,,,,,,,,,,,,,,,,,,,,,,,,,,,,,,,,,
cell_embedding,A,chip94581.8.31.43.CGAAGCCATCC,day_minus2,T84,basal.subconfluent,-2.0,3800.0,0.133972348490745,1.0,8.089733065893808,-7.871146507273091,,,,,,,,,,,,,,,,,,,,,,,,,,,,,,,,,,
cell_embedding,A,chip94581.8.31.44.CGAAGGTAAGG,day_minus2,T84,basal.subconfluent,-2.0,3250.0,,0.0,5.0155801966183144,-6.012567976744947,,,,,,,,,,,,,,,,,,,,,,,,,,,,,,,,,,
cell_embedding,A,chip94581.8.31.63.CGCCAACCTCG,day_minus2,T84,basal.subconfluent,-2.0,19199.0,0.226492798098621,0.301228014199501,13.689250378711726,-0.8786467871947448,,,,,,,,,,,,,,,,,,,,,,,,,,,,,,,,,,
cell_embedding,A,chip94581.8.31.64.CGCCAACTCGG,day_minus2,T84,basal.subconfluent,-2.0,11962.0,,0.0,7.603194892449603,5.352430030003042,,,,,,,,,,,,,,,,,,,,,,,,,,,,,,,,,,
cell_embedding,A,chip94581.8.31.65.CGCCAATTATA,day_minus2,T84,basal.subconfluent,-2.0,3599.0,0.119430558927616,1.0,7.328738055981778,-7.74550115403007,,,,,,,,,,,,,,,,,,,,,,,,,,,,,,,,,,
cell_embedding,A,chip94581.8.32.20.CGTTGGTACTG,day_minus2,T84,basal.subconfluent,-2.0,4817.0,,0.0,4.806163621582287,-7.266923767939006,,,,,,,,,,,,,,,,,,,,,,,,,,,,,,,,,,
cell_embedding,A,chip94581.8.32.37.CTCGGTCTGGA,day_minus2,T84,basal.subconfluent,-2.0,4666.0,0.172093911386559,1.0,9.131167509522268,-4.109942199784554,,,,,,,,,,,,,,,,,,,,,,,,,,,,,,,,,,
cell_embedding,A,chip94581.8.32.66.CGTTGCATGCA,day_minus2,T84,basal.subconfluent,-2.0,12018.0,0.275466913109254,0.690076601006709,10.918147690494054,2.97184444832429,,,,,,,,,,,,,,,,,,,,,,,,,,,,,,,,,,
cell_embedding,A,chip94581.8.33.12.CTCTCTAAGTC,day_minus2,T84,basal.subconfluent,-2.0,22046.0,,0.0,11.394109040001371,4.8616945476099325,,,,,,,,,,,,,,,,,,,,,,,,,,,,,,,,,,
cell_embedding,A,chip94581.8.33.46.CTAATCTTAAG,day_minus2,T84,basal.subconfluent,-2.0,1748.0,0.0473264817764542,1.0,2.6622257977614927,-13.4964612222172,,,,,,,,,,,,,,,,,,,,,,,,,,,,,,,,,,
cell_embedding,A,chip94581.8.33.62.CTCTAACTAGA,day_minus2,T84,basal.subconfluent,-2.0,10165.0,0.275628608989948,0.774957085911509,10.371380222120978,1.8129072016249317,,,,,,,,,,,,,,,,,,,,,,,,,,,,,,,,,,
cell_embedding,A,chip94581.8.34.15.CTATCTTAGAA,day_minus2,T84,basal.subconfluent,-2.0,8875.0,0.190108861510703,0.866783833551803,13.50952033771292,-3.074575816979311,,,,,,,,,,,,,,,,,,,,,,,,,,,,,,,,,,
cell_embedding,A,chip94581.8.34.19.CTCCAGACTGA,day_minus2,T84,basal.subconfluent,-2.0,4065.0,,0.0,4.189712336312705,-4.471327961507041,,,,,,,,,,,,,,,,,,,,,,,,,,,,,,,,,,
cell_embedding,A,chip94581.8.35.16.CTGAGGAATGA,day_minus2,T84,basal.subconfluent,-2.0,3217.0,,0.0,6.850153673622646,-7.98454535700852,,,,,,,,,,,,,,,,,,,,,,,,,,,,,,,,,,
cell_embedding,A,chip94581.8.35.18.CTGATCTCTGA,day_minus2,T84,basal.subconfluent,-2.0,15237.0,,0.0,11.708863012760224,5.7211166821960875,,,,,,,,,,,,,,,,,,,,,,,,,,,,,,,,,,
cell_embedding,A,chip94581.8.35.37.CTCCAGCTCCT,day_minus2,T84,basal.subconfluent,-2.0,16046.0,0.250397232720495,0.524241675971499,14.07659732490878,1.3096843102666649,,,,,,,,,,,,,,,,,,,,,,,,,,,,,,,,,,
cell_embedding,A,chip94581.8.35.63.CTGAATATAGA,day_minus2,T84,basal.subconfluent,-2.0,3031.0,0.125922966112727,1.0,7.745718610891475,-6.747762014987814,,,,,,,,,,,,,,,,,,,,,,,,,,,,,,,,,,
cell_embedding,A,chip94581.8.63.37.TCTATCGGCGT,day_minus2,T84,basal.subconfluent,-2.0,14286.0,,0.0,4.7424051809028835,6.596687796005561,,,,,,,,,,,,,,,,,,,,,,,,,,,,,,,,,,
cell_embedding,A,chip94581.8.63.68.TTGGTTAGATG,day_minus2,T84,basal.subconfluent,-2.0,12273.0,0.252258790637502,0.526047789966744,12.095351460501,0.4766605864803487,,,,,,,,,,,,,,,,,,,,,,,,,,,,,,,,,,
cell_embedding,A,chip94581.8.64.13.TGGAGGACTGA,day_minus2,T84,basal.subconfluent,-2.0,7771.0,,0.0,7.683487048955096,3.161691702825268,,,,,,,,,,,,,,,,,,,,,,,,,,,,,,,,,,
cell_embedding,A,chip94581.8.64.62.TGGAGCTGGAG,day_minus2,T84,basal.subconfluent,-2.0,2982.0,0.096185517457179,1.0,6.744380268986776,-9.094439549430884,,,,,,,,,,,,,,,,,,,,,,,,,,,,,,,,,,
cell_embedding,A,chip94581.8.64.68.TGGAGCGGACG,day_minus2,T84,basal.subconfluent,-2.0,3312.0,0.0843858821749629,1.0,7.373952624896325,-10.13503625483898,,,,,,,,,,,,,,,,,,,,,,,,,,,,,,,,,,
cell_embedding,A,chip94581.8.65.12.TGGCTTGGTAG,day_minus2,T84,basal.subconfluent,-2.0,18403.0,0.24021435528219,0.555489358177333,13.948246328771445,0.456641276556248,,,,,,,,,,,,,,,,,,,,,,,,,,,,,,,,,,
cell_embedding,A,chip94581.8.65.15.TGGCTGAGGCC,day_minus2,T84,basal.subconfluent,-2.0,9314.0,,0.0,9.172244087499044,0.3392563876030421,,,,,,,,,,,,,,,,,,,,,,,,,,,,,,,,,,
cell_embedding,A,chip94581.8.65.41.TGGATACGGAC,day_minus2,T84,basal.subconfluent,-2.0,13111.0,0.239108261850459,0.59930080437575,12.225471309067323,-1.5061298210346583,,,,,,,,,,,,,,,,,,,,,,,,,,,,,,,,,,
cell_embedding,A,chip94581.8.65.43.TGGATATTGCC,day_minus2,T84,basal.subconfluent,-2.0,3774.0,0.121449105831125,1.0,9.297126584362006,-8.436024710994824,,,,,,,,,,,,,,,,,,,,,,,,,,,,,,,,,,
cell_embedding,A,chip94581.8.65.45.TGGAGGTTGCG,day_minus2,T84,basal.subconfluent,-2.0,4013.0,,0.0,6.320863856751698,-7.153447404072375,,,,,,,,,,,,,,,,,,,,,,,,,,,,,,,,,,
cell_embedding,A,chip94581.8.65.62.TGGCTCGTTGG,day_minus2,T84,basal.subconfluent,-2.0,9029.0,0.24021435528219,0.677916376294701,11.30342090682429,-0.5131648962018369,,,,,,,,,,,,,,,,,,,,,,,,,,,,,,,,,,
cell_embedding,A,chip94581.8.65.63.TGGCGGCGGAC,day_minus2,T84,basal.subconfluent,-2.0,14111.0,,0.0,9.010852322754332,5.449381231795144,,,,,,,,,,,,,,,,,,,,,,,,,,,,,,,,,,
cell_embedding,A,chip94581.8.66.13.TGGCATATATA,day_minus2,T84,basal.subconfluent,-2.0,16553.0,0.2314404824062,0.546172761676189,12.927770577000372,-0.4864932834070667,,,,,,,,,,,,,,,,,,,,,,,,,,,,,,,,,,
cell_embedding,A,chip94581.8.66.15.TGGATGCTGAG,day_minus2,T84,basal.subconfluent,-2.0,14037.0,0.254491795088724,0.581832831809888,12.299275808165092,0.5904374358468109,,,,,,,,,,,,,,,,,,,,,,,,,,,,,,,,,,
cell_embedding,A,chip94581.8.66.19.TGGCATCGGTT,day_minus2,T84,basal.subconfluent,-2.0,4227.0,0.107384685785055,1.0,8.982474341013221,-7.889821455463467,,,,,,,,,,,,,,,,,,,,,,,,,,,,,,,,,,
cell_embedding,A,chip94581.8.66.47.TGGTAAGTATC,day_minus2,T84,basal.subconfluent,-2.0,5011.0,0.299326633997657,0.898939625006375,6.554382141081894,-2.0676041152580806,,,,,,,,,,,,,,,,,,,,,,,,,,,,,,,,,,
cell_embedding,A,chip94581.8.66.63.TGGAGTTGACC,day_minus2,T84,basal.subconfluent,-2.0,8520.0,,0.0,8.537279727821502,-0.2244050178331114,,,,,,,,,,,,,,,,,,,,,,,,,,,,,,,,,,
cell_embedding,A,chip94581.8.66.67.TGGATCTCCAG,day_minus2,T84,basal.subconfluent,-2.0,21978.0,0.259036664410267,0.322529300799886,14.143705982540576,2.2052834261462726,,,,,,,,,,,,,,,,,,,,,,,,,,,,,,,,,,
cell_embedding,A,chip94581.8.67.16.TGGTAGTATGG,day_minus2,T84,basal.subconfluent,-2.0,16739.0,0.245673339561902,0.544551037338409,13.399100361603995,-0.0373028661651966,,,,,,,,,,,,,,,,,,,,,,,,,,,,,,,,,,
cell_embedding,A,chip94581.8.67.40.TGGATTCTATA,day_minus2,T84,basal.subconfluent,-2.0,4149.0,,0.0,6.960203686059785,-6.845255775639853,,,,,,,,,,,,,,,,,,,,,,,,,,,,,,,,,,
cell_embedding,A,chip94581.8.67.44.TGGCCAAGAGG,day_minus2,T84,basal.subconfluent,-2.0,12390.0,,0.0,11.575155117653138,0.5391708475237574,,,,,,,,,,,,,,,,,,,,,,,,,,,,,,,,,,
cell_embedding,A,chip94581.8.67.60.TGGTATGCAGC,day_minus2,T84,basal.subconfluent,-2.0,10651.0,0.241860411352104,0.707530343462183,13.29437300880658,-0.2688287268596184,,,,,,,,,,,,,,,,,,,,,,,,,,,,,,,,,,
cell_embedding,A,chip94581.8.67.65.TGGTATAAGTA,day_minus2,T84,basal.subconfluent,-2.0,3208.0,0.128451837769303,1.0,5.717508652127864,-8.082413366749796,,,,,,,,,,,,,,,,,,,,,,,,,,,,,,,,,,
cell_embedding,A,chip94581.8.68.16.TGGCCTGCCTT,day_minus2,T84,basal.subconfluent,-2.0,4468.0,0.157142839011036,1.0,8.924181589354449,-5.621065714836849,,,,,,,,,,,,,,,,,,,,,,,,,,,,,,,,,,
cell_embedding,A,chip94581.8.68.36.TGGTCGGCTTA,day_minus2,T84,basal.subconfluent,-2.0,6124.0,0.252409937286945,1.0,7.998624424288791,-0.973536442339746,,,,,,,,,,,,,,,,,,,,,,,,,,,,,,,,,,
cell_embedding,A,chip94581.8.68.44.TGGTTAGATTG,day_minus2,T84,basal.subconfluent,-2.0,4118.0,0.148649531576669,1.0,8.455063895762999,-6.239232578763263,,,,,,,,,,,,,,,,,,,,,,,,,,,,,,,,,,
cell_embedding,A,chip94581.8.68.61.TGGCGAGTTGC,day_minus2,T84,basal.subconfluent,-2.0,9974.0,0.282516007257802,0.502431084228331,10.011585075415388,1.7506979088752066,,,,,,,,,,,,,,,,,,,,,,,,,,,,,,,,,,
cell_embedding,A,chip94581.8.68.69.TGGCCATGCAA,day_minus2,T84,basal.subconfluent,-2.0,3393.0,0.154735839300588,1.0,8.778919326502232,-5.339466900492411,,,,,,,,,,,,,,,,,,,,,,,,,,,,,,,,,,
cell_embedding,A,chip94581.8.69.66.TGGTCTTAGCG,day_minus2,T84,basal.subconfluent,-2.0,17635.0,,0.0,10.19029449220042,5.997469928726239,,,,,,,,,,,,,,,,,,,,,,,,,,,,,,,,,,
cell_embedding,A,chip94581.8.70.19.TTGATAAGTAC,day_minus2,T84,basal.subconfluent,-2.0,10563.0,0.212757934500703,1.0,12.362584034661086,-1.228408560515308,,,,,,,,,,,,,,,,,,,,,,,,,,,,,,,,,,
cell_embedding,A,chip94581.8.70.39.TTGAAGCTAGG,day_minus2,T84,basal.subconfluent,-2.0,11449.0,0.228332340762373,1.0,13.780786951175411,-1.106801961459526,,,,,,,,,,,,,,,,,,,,,,,,,,,,,,,,,,
cell_embedding,A,chip94581.8.70.45.TTGAAGCCGGA,day_minus2,T84,basal.subconfluent,-2.0,15155.0,,0.0,6.398447096172898,6.133526636949957,,,,,,,,,,,,,,,,,,,,,,,,,,,,,,,,,,
cell_embedding,A,chip94581.8.70.66.TTCTTAAGTAT,day_minus2,T84,basal.subconfluent,-2.0,19357.0,0.233048838128929,0.613364427664513,13.4630337504364,-0.7994221828536403,,,,,,,,,,,,,,,,,,,,,,,,,,,,,,,,,,
cell_embedding,A,chip94581.8.71.13.TTGCGTAAGAT,day_minus2,T84,basal.subconfluent,-2.0,16166.0,0.223373852210375,0.467134291953638,13.845350066779805,-2.363695067683754,,,,,,,,,,,,,,,,,,,,,,,,,,,,,,,,,,
cell_embedding,A,chip94581.8.71.19.TTGCGTATCTG,day_minus2,T84,basal.subconfluent,-2.0,21018.0,,0.0,8.71001382117638,7.6814312503202515,,,,,,,,,,,,,,,,,,,,,,,,,,,,,,,,,,
cell_embedding,A,chip94581.8.71.43.TTGCCTATGGC,day_minus2,T84,basal.subconfluent,-2.0,19602.0,,0.0,11.656731678290754,4.63239811985305,,,,,,,,,,,,,,,,,,,,,,,,,,,,,,,,,,
cell_embedding,A,chip94575.1.0.24.AACGCCAGGCT,day_0,T84,basal.confluent,0.0,16038.0,,0.0,8.502614574547644,8.10835259992971,,,,,,,,,,,,,,,,,,,,,,,,,,,,,,,,,,
cell_embedding,A,chip94575.1.0.51.AACCTTACGGC,day_0,T84,basal.confluent,0.0,1304.0,,0.0,-0.9117419539015438,-12.880713480138231,,,,,,,,,,,,,,,,,,,,,,,,,,,,,,,,,,
cell_embedding,A,chip94575.1.0.7.AACGAAGCGGA,day_0,T84,basal.confluent,0.0,1178.0,,0.0,-1.5242461168168735,-13.021905753229529,,,,,,,,,,,,,,,,,,,,,,,,,,,,,,,,,,
cell_embedding,A,chip94575.1.0.8.AACGAAGCTCG,day_0,T84,basal.confluent,0.0,4425.0,,0.0,4.907093839158869,-4.3545238850616235,,,,,,,,,,,,,,,,,,,,,,,,,,,,,,,,,,
cell_embedding,A,chip94575.1.1.11.AACGCGCAACG,day_0,T84,basal.confluent,0.0,9524.0,,0.0,9.944929925998691,2.0977047541997296,,,,,,,,,,,,,,,,,,,,,,,,,,,,,,,,,,
cell_embedding,A,chip94575.1.1.25.AACGACGGCAA,day_0,T84,basal.confluent,0.0,4302.0,,0.0,5.80533771531851,-3.448332409228873,,,,,,,,,,,,,,,,,,,,,,,,,,,,,,,,,,
cell_embedding,A,chip94575.1.1.27.AACGAATACCA,day_0,T84,basal.confluent,0.0,2251.0,,0.0,-3.684445414459863,-4.540380467876228,,,,,,,,,,,,,,,,,,,,,,,,,,,,,,,,,,
cell_embedding,A,chip94575.1.1.29.AACGACCGCCG,day_0,T84,basal.confluent,0.0,2865.0,,0.0,1.223599802058374,-7.054527209731233,,,,,,,,,,,,,,,,,,,,,,,,,,,,,,,,,,
cell_embedding,A,chip94575.1.1.4.AACGCGAACGC,day_0,T84,basal.confluent,0.0,5394.0,,0.0,-2.334483488763016,2.1052353411035893,,,,,,,,,,,,,,,,,,,,,,,,,,,,,,,,,,
cell_embedding,A,chip94575.1.1.51.AACGCATGATG,day_0,T84,basal.confluent,0.0,3918.0,,0.0,5.655055690698355,-2.8218395237208327,,,,,,,,,,,,,,,,,,,,,,,,,,,,,,,,,,
cell_embedding,A,chip94575.1.1.56.AACGCCTCAGG,day_0,T84,basal.confluent,0.0,10005.0,,0.0,4.259503539484831,5.385237668158379,,,,,,,,,,,,,,,,,,,,,,,,,,,,,,,,,,
cell_embedding,A,chip94575.1.1.58.AACGCCAACCA,day_0,T84,basal.confluent,0.0,4568.0,,0.0,6.75472625744687,-1.2974752182946794,,,,,,,,,,,,,,,,,,,,,,,,,,,,,,,,,,
cell_embedding,A,chip94575.1.2.0.AACGAGGAATC,day_0,T84,basal.confluent,0.0,6857.0,,0.0,4.152792333096503,2.433738250947439,,,,,,,,,,,,,,,,,,,,,,,,,,,,,,,,,,
cell_embedding,A,chip94575.1.2.11.AACGAGCGGCC,day_0,T84,basal.confluent,0.0,13812.0,,0.0,9.765347954851125,6.658403585488938,,,,,,,,,,,,,,,,,,,,,,,,,,,,,,,,,,
cell_embedding,A,chip94575.1.2.3.AACGAGAAGGT,day_0,T84,basal.confluent,0.0,4678.0,,0.0,3.7631743166386817,-3.1641695300092847,,,,,,,,,,,,,,,,,,,,,,,,,,,,,,,,,,
cell_embedding,A,chip94575.1.2.49.AACGACTCAAC,day_0,T84,basal.confluent,0.0,3136.0,,0.0,1.2139883259648037,-6.115660574128399,,,,,,,,,,,,,,,,,,,,,,,,,,,,,,,,,,
cell_embedding,A,chip94575.1.2.52.AACGACCATTG,day_0,T84,basal.confluent,0.0,4253.0,,0.0,5.623346366570162,-6.207314971651934,,,,,,,,,,,,,,,,,,,,,,,,,,,,,,,,,,
cell_embedding,A,chip94575.1.2.56.AACGACTGGAT,day_0,T84,basal.confluent,0.0,3603.0,,0.0,0.6701394555093073,-2.805429486002039,,,,,,,,,,,,,,,,,,,,,,,,,,,,,,,,,,
cell_embedding,A,chip94575.1.3.0.AACGGACCGAA,day_0,T84,basal.confluent,0.0,3270.0,,0.0,3.116654717418102,-2.4944211486386427,,,,,,,,,,,,,,,,,,,,,,,,,,,,,,,,,,
cell_embedding,A,chip94575.1.3.1.AACGGAGGAGA,day_0,T84,basal.confluent,0.0,1666.0,,0.0,-0.2047965113635121,-10.01125229538678,,,,,,,,,,,,,,,,,,,,,,,,,,,,,,,,,,
cell_embedding,A,chip94575.1.3.32.AACGATATATC,day_0,T84,basal.confluent,0.0,3912.0,,0.0,5.906686427502816,-6.289919506431098,,,,,,,,,,,,,,,,,,,,,,,,,,,,,,,,,,
cell_embedding,A,chip94575.1.3.49.AACGGACGACT,day_0,T84,basal.confluent,0.0,2575.0,,0.0,0.0034792094296807,-5.76968717586427,,,,,,,,,,,,,,,,,,,,,,,,,,,,,,,,,,
cell_embedding,A,chip94575.1.3.5.AACGGAATAGG,day_0,T84,basal.confluent,0.0,1953.0,,0.0,-3.043064195652476,-7.707950055679364,,,,,,,,,,,,,,,,,,,,,,,,,,,,,,,,,,
cell_embedding,A,chip94575.1.36.31.GAACCTTCTGC,day_0,T84,basal.confluent,0.0,1614.0,,0.0,-3.0589450858893787,-10.271581810432531,,,,,,,,,,,,,,,,,,,,,,,,,,,,,,,,,,
cell_embedding,A,chip94575.1.36.54.CTTCTTGACGG,day_0,T84,basal.confluent,0.0,1792.0,,0.0,2.6226953504354227,-7.96843835028968,,,,,,,,,,,,,,,,,,,,,,,,,,,,,,,,,,
cell_embedding,A,chip94575.1.3.6.AACGGACCTTC,day_0,T84,basal.confluent,0.0,2954.0,,0.0,3.036105536443207,-5.478571672846089,,,,,,,,,,,,,,,,,,,,,,,,,,,,,,,,,,
cell_embedding,A,chip94575.1.37.29.GATTGACGTCC,day_0,T84,basal.confluent,0.0,2052.0,,0.0,2.210339640460475,-8.256197545535118,,,,,,,,,,,,,,,,,,,,,,,,,,,,,,,,,,
cell_embedding,A,chip94575.1.37.59.GAACCTGGACC,day_0,T84,basal.confluent,0.0,2003.0,,0.0,0.795652997417345,-6.103312603305302,,,,,,,,,,,,,,,,,,,,,,,,,,,,,,,,,,
cell_embedding,A,chip94575.1.37.8.GCCTTGATCGC,day_0,T84,basal.confluent,0.0,2543.0,,0.0,-2.348225178438235,-6.155508768213161,,,,,,,,,,,,,,,,,,,,,,,,,,,,,,,,,,
cell_embedding,A,chip94575.1.38.0.GCAAGTTAGAA,day_0,T84,basal.confluent,0.0,547.0,,0.0,-3.105470995460469,-16.69910803034143,,,,,,,,,,,,,,,,,,,,,,,,,,,,,,,,,,
cell_embedding,A,chip94575.1.38.10.GCAAGACGGTC,day_0,T84,basal.confluent,0.0,1570.0,,0.0,-2.405103370504422,-9.826848089472824,,,,,,,,,,,,,,,,,,,,,,,,,,,,,,,,,,
cell_embedding,A,chip94575.1.38.1.GCAATCTCTCT,day_0,T84,basal.confluent,0.0,3481.0,,0.0,3.780290706736692,-2.842876769025841,,,,,,,,,,,,,,,,,,,,,,,,,,,,,,,,,,
cell_embedding,A,chip94575.1.38.24.GCCTGCTGGTC,day_0,T84,basal.confluent,0.0,2371.0,,0.0,5.360606828281337,-8.613671468643217,,,,,,,,,,,,,,,,,,,,,,,,,,,,,,,,,,
cell_embedding,A,chip94575.1.38.3.GCAAGAAGCCT,day_0,T84,basal.confluent,0.0,3485.0,,0.0,7.22344724013455,-5.408082782332656,,,,,,,,,,,,,,,,,,,,,,,,,,,,,,,,,,
cell_embedding,A,chip94575.1.38.49.GCAACCGGCTC,day_0,T84,basal.confluent,0.0,2222.0,,0.0,-4.2838546013421,-6.245590086473689,,,,,,,,,,,,,,,,,,,,,,,,,,,,,,,,,,
cell_embedding,A,chip94575.1.38.58.GATTCTTCTGG,day_0,T84,basal.confluent,0.0,3113.0,,0.0,2.8655294291844062,-4.551285788729731,,,,,,,,,,,,,,,,,,,,,,,,,,,,,,,,,,
cell_embedding,A,chip94575.1.3.8.AACGGAGTATC,day_0,T84,basal.confluent,0.0,1904.0,,0.0,-3.529200980141426,-8.652009686420323,,,,,,,,,,,,,,,,,,,,,,,,,,,,,,,,,,
cell_embedding,A,chip94575.1.39.50.GCGGAGTTCCT,day_0,T84,basal.confluent,0.0,1230.0,,0.0,-0.9746406875051384,-11.185876199503635,,,,,,,,,,,,,,,,,,,,,,,,,,,,,,,,,,
cell_embedding,A,chip94575.1.39.51.GCGAGTTCTTG,day_0,T84,basal.confluent,0.0,1565.0,,0.0,0.9273799605200312,-11.90669114245959,,,,,,,,,,,,,,,,,,,,,,,,,,,,,,,,,,
cell_embedding,A,chip94575.1.39.59.GCGCTCCGCTG,day_0,T84,basal.confluent,0.0,2737.0,,0.0,1.2439194106634262,-6.686863130289334,,,,,,,,,,,,,,,,,,,,,,,,,,,,,,,,,,
cell_embedding,A,chip94575.1.39.8.GCGGCTCCGGC,day_0,T84,basal.confluent,0.0,2743.0,,0.0,-1.769678947284918,-6.552310227554949,,,,,,,,,,,,,,,,,,,,,,,,,,,,,,,,,,
cell_embedding,A,chip94575.1.40.30.GCGGTTGCCTT,day_0,T84,basal.confluent,0.0,2692.0,,0.0,4.258357988037925,-6.105242785623098,,,,,,,,,,,,,,,,,,,,,,,,,,,,,,,,,,
cell_embedding,A,chip94575.1.40.3.GCAGCTCGGAA,day_0,T84,basal.confluent,0.0,3701.0,,0.0,0.2329480329271698,-1.796856685637274,,,,,,,,,,,,,,,,,,,,,,,,,,,,,,,,,,
cell_embedding,A,chip94575.1.40.59.GCAGTCCAATG,day_0,T84,basal.confluent,0.0,1918.0,,0.0,0.4504961214462065,-7.782611218118926,,,,,,,,,,,,,,,,,,,,,,,,,,,,,,,,,,
cell_embedding,A,chip94575.1.40.6.GCATATGCGTC,day_0,T84,basal.confluent,0.0,948.0,,0.0,-4.37569899731729,-11.724150556709198,,,,,,,,,,,,,,,,,,,,,,,,,,,,,,,,,,
cell_embedding,A,chip94575.1.4.10.AACGATGGACG,day_0,T84,basal.confluent,0.0,1833.0,,0.0,-3.5143970695703985,-8.940723237353406,,,,,,,,,,,,,,,,,,,,,,,,,,,,,,,,,,
cell_embedding,A,chip94575.1.41.10.GCGTTATATCC,day_0,T84,basal.confluent,0.0,473.0,,0.0,-3.9523506750009303,-16.535843412332554,,,,,,,,,,,,,,,,,,,,,,,,,,,,,,,,,,
cell_embedding,A,chip94575.1.41.3.GCGTTAGACTC,day_0,T84,basal.confluent,0.0,605.0,,0.0,-3.1840271269098777,-15.987174276941955,,,,,,,,,,,,,,,,,,,,,,,,,,,,,,,,,,
cell_embedding,A,chip94575.1.41.49.GCGTCTGAGTA,day_0,T84,basal.confluent,0.0,1008.0,,0.0,-2.757077935037291,-11.182115105773882,,,,,,,,,,,,,,,,,,,,,,,,,,,,,,,,,,
cell_embedding,A,chip94575.1.41.57.GCGGTCATTGC,day_0,T84,basal.confluent,0.0,2110.0,,0.0,2.4650954464737618,-9.552223994130795,,,,,,,,,,,,,,,,,,,,,,,,,,,,,,,,,,
cell_embedding,A,chip94575.1.41.5.GCGTTCTTAAC,day_0,T84,basal.confluent,0.0,535.0,,0.0,-3.572151695529671,-16.87656496523746,,,,,,,,,,,,,,,,,,,,,,,,,,,,,,,,,,
cell_embedding,A,chip94575.1.42.24.GCTAATAGCCT,day_0,T84,basal.confluent,0.0,1982.0,,0.0,-2.4402090213189185,-9.843589183399413,,,,,,,,,,,,,,,,,,,,,,,,,,,,,,,,,,
cell_embedding,A,chip94575.1.42.2.GGTAAGATCTC,day_0,T84,basal.confluent,0.0,7754.0,,0.0,7.261113839317162,1.3279291031438476,,,,,,,,,,,,,,,,,,,,,,,,,,,,,,,,,,
cell_embedding,A,chip94575.1.42.35.GCGTTGGCCGC,day_0,T84,basal.confluent,0.0,1651.0,,0.0,2.5279640091455353,-8.943725039096599,,,,,,,,,,,,,,,,,,,,,,,,,,,,,,,,,,
cell_embedding,A,chip94575.1.42.3.GGCTGGTCGAA,day_0,T84,basal.confluent,0.0,527.0,,0.0,-5.648606330692868,-16.14787212628956,,,,,,,,,,,,,,,,,,,,,,,,,,,,,,,,,,
cell_embedding,A,chip94575.1.42.50.GCCGTCGCGCT,day_0,T84,basal.confluent,0.0,5222.0,,0.0,4.982530285632341,-2.232635899401461,,,,,,,,,,,,,,,,,,,,,,,,,,,,,,,,,,
cell_embedding,A,chip94575.1.42.57.GCCAACCGTTG,day_0,T84,basal.confluent,0.0,2041.0,,0.0,0.4426094974032731,-7.277548428292068,,,,,,,,,,,,,,,,,,,,,,,,,,,,,,,,,,
cell_embedding,A,chip94575.1.42.6.GGTAACCGCGG,day_0,T84,basal.confluent,0.0,2576.0,,0.0,1.7935566405422676,-6.229531166616233,,,,,,,,,,,,,,,,,,,,,,,,,,,,,,,,,,
cell_embedding,A,chip94575.1.4.31.AACGGTAACGA,day_0,T84,basal.confluent,0.0,2930.0,,0.0,-0.5520319416262471,-4.852818562614545,,,,,,,,,,,,,,,,,,,,,,,,,,,,,,,,,,
cell_embedding,A,chip94575.1.43.1.GGTCCTAGTCA,day_0,T84,basal.confluent,0.0,6417.0,,0.0,3.969560729355036,1.9724889981671287,,,,,,,,,,,,,,,,,,,,,,,,,,,,,,,,,,
cell_embedding,A,chip94575.1.43.35.GGTAACGACTG,day_0,T84,basal.confluent,0.0,879.0,,0.0,-3.1050619851245393,-13.580316887858585,,,,,,,,,,,,,,,,,,,,,,,,,,,,,,,,,,
cell_embedding,A,chip94575.1.43.4.GGTCATAATGG,day_0,T84,basal.confluent,0.0,1595.0,,0.0,-0.6587909227277243,-11.893766179235998,,,,,,,,,,,,,,,,,,,,,,,,,,,,,,,,,,
cell_embedding,A,chip94575.1.43.54.GGTCATTCCGC,day_0,T84,basal.confluent,0.0,3174.0,,0.0,3.980738353905083,-4.596622632177511,,,,,,,,,,,,,,,,,,,,,,,,,,,,,,,,,,
cell_embedding,A,chip94575.1.43.55.GGTCCGTCGTT,day_0,T84,basal.confluent,0.0,1538.0,,0.0,-2.4117491755265137,-8.943717496357644,,,,,,,,,,,,,,,,,,,,,,,,,,,,,,,,,,
cell_embedding,A,chip94575.1.43.6.GGTCCGCGCTG,day_0,T84,basal.confluent,0.0,1356.0,,0.0,-3.4897868854929905,-10.237106192057636,,,,,,,,,,,,,,,,,,,,,,,,,,,,,,,,,,
cell_embedding,A,chip94575.1.44.32.GGTCGGATATC,day_0,T84,basal.confluent,0.0,562.0,,0.0,-2.7944981425429383,-17.64629772470312,,,,,,,,,,,,,,,,,,,,,,,,,,,,,,,,,,
cell_embedding,A,chip94575.1.44.4.GGTAATTGCAT,day_0,T84,basal.confluent,0.0,1478.0,,0.0,-1.3008244753390112,-11.75091658476905,,,,,,,,,,,,,,,,,,,,,,,,,,,,,,,,,,
cell_embedding,A,chip94575.1.44.50.GGTAGAGAACC,day_0,T84,basal.confluent,0.0,1814.0,,0.0,2.145810443610194,-9.178959296153744,,,,,,,,,,,,,,,,,,,,,,,,,,,,,,,,,,
cell_embedding,A,chip94575.1.44.51.GGTAATACCTG,day_0,T84,basal.confluent,0.0,2185.0,,0.0,-2.904468254819234,-7.404286024122974,,,,,,,,,,,,,,,,,,,,,,,,,,,,,,,,,,
cell_embedding,A,chip94575.1.44.52.GGTAATATAGC,day_0,T84,basal.confluent,0.0,1676.0,,0.0,2.819783368572826,-8.817019580988667,,,,,,,,,,,,,,,,,,,,,,,,,,,,,,,,,,
cell_embedding,A,chip94575.1.44.6.GGTAGAATATG,day_0,T84,basal.confluent,0.0,1503.0,,0.0,-0.1398504679145654,-12.252459952627428,,,,,,,,,,,,,,,,,,,,,,,,,,,,,,,,,,
cell_embedding,A,chip94575.1.4.54.AACGCAACGCA,day_0,T84,basal.confluent,0.0,777.0,,0.0,-2.8892292479982444,-16.04521784179862,,,,,,,,,,,,,,,,,,,,,,,,,,,,,,,,,,
cell_embedding,A,chip94575.1.4.56.AACGCAATCTT,day_0,T84,basal.confluent,0.0,2745.0,,0.0,-2.4228123628426768,-4.4150806639624705,,,,,,,,,,,,,,,,,,,,,,,,,,,,,,,,,,
cell_embedding,A,chip94575.1.5.11.AAGAATTAGGT,day_0,T84,basal.confluent,0.0,4247.0,,0.0,3.0283235904916923,-1.930785180932455,,,,,,,,,,,,,,,,,,,,,,,,,,,,,,,,,,
cell_embedding,A,chip94575.1.5.25.AACTTATTGCA,day_0,T84,basal.confluent,0.0,5191.0,,0.0,6.251780030145784,-0.3874166079225193,,,,,,,,,,,,,,,,,,,,,,,,,,,,,,,,,,
cell_embedding,A,chip94575.1.5.28.AACTGGTCAGT,day_0,T84,basal.confluent,0.0,2802.0,,0.0,-2.4648293344243855,-7.183256035229375,,,,,,,,,,,,,,,,,,,,,,,,,,,,,,,,,,
cell_embedding,A,chip94575.1.5.33.AACTGGCTACT,day_0,T84,basal.confluent,0.0,1099.0,,0.0,-0.4052295383668708,-11.539987056090652,,,,,,,,,,,,,,,,,,,,,,,,,,,,,,,,,,
cell_embedding,A,chip94575.1.5.48.AACGGCTCGGT,day_0,T84,basal.confluent,0.0,1340.0,,0.0,-0.5802705129332056,-11.197861283541378,,,,,,,,,,,,,,,,,,,,,,,,,,,,,,,,,,
cell_embedding,A,chip94575.1.6.25.AAGACCATCTA,day_0,T84,basal.confluent,0.0,10478.0,,0.0,9.83839701789315,1.7299959288764652,,,,,,,,,,,,,,,,,,,,,,,,,,,,,,,,,,
cell_embedding,A,chip94575.1.6.28.AAGAATGCGAT,day_0,T84,basal.confluent,0.0,4944.0,,0.0,7.314959516804092,-2.728255684224333,,,,,,,,,,,,,,,,,,,,,,,,,,,,,,,,,,
cell_embedding,A,chip94575.1.6.31.AAGACCATGGT,day_0,T84,basal.confluent,0.0,17540.0,,0.0,10.196098996427478,8.312732253084699,,,,,,,,,,,,,,,,,,,,,,,,,,,,,,,,,,
cell_embedding,A,chip94575.1.6.32.AAGACCGAGCC,day_0,T84,basal.confluent,0.0,5505.0,,0.0,5.872986170507352,0.6207953138668024,,,,,,,,,,,,,,,,,,,,,,,,,,,,,,,,,,
cell_embedding,A,chip94575.1.6.35.AAGACCAACGC,day_0,T84,basal.confluent,0.0,1568.0,,0.0,0.1929182434716479,-10.91925862451769,,,,,,,,,,,,,,,,,,,,,,,,,,,,,,,,,,
cell_embedding,A,chip94575.1.6.3.AACTTCTTAAT,day_0,T84,basal.confluent,0.0,2485.0,,0.0,-1.3784982873328826,-4.73213841562477,,,,,,,,,,,,,,,,,,,,,,,,,,,,,,,,,,
cell_embedding,A,chip94575.1.6.50.AACTTCGACCA,day_0,T84,basal.confluent,0.0,1345.0,,0.0,-2.040517936112048,-12.197751991561118,,,,,,,,,,,,,,,,,,,,,,,,,,,,,,,,,,
cell_embedding,A,chip94575.1.6.56.AACTTCCTACC,day_0,T84,basal.confluent,0.0,1127.0,,0.0,-2.4297276042365508,-11.953741107055352,,,,,,,,,,,,,,,,,,,,,,,,,,,,,,,,,,
cell_embedding,A,chip94575.1.6.58.AACTTAATCTG,day_0,T84,basal.confluent,0.0,5683.0,,0.0,6.214675420590401,0.4158140163644179,,,,,,,,,,,,,,,,,,,,,,,,,,,,,,,,,,
cell_embedding,A,chip94575.1.6.6.AACTTGGATGC,day_0,T84,basal.confluent,0.0,4628.0,,0.0,6.459571732500317,-2.1797330584689276,,,,,,,,,,,,,,,,,,,,,,,,,,,,,,,,,,
cell_embedding,A,chip94575.1.6.7.AAGAACCGCCA,day_0,T84,basal.confluent,0.0,2924.0,,0.0,3.830264051680989,-6.016452833948099,,,,,,,,,,,,,,,,,,,,,,,,,,,,,,,,,,
cell_embedding,A,chip94575.1.7.11.AAGACGAGAGA,day_0,T84,basal.confluent,0.0,2628.0,,0.0,-5.235064644116024,-8.902185766460004,,,,,,,,,,,,,,,,,,,,,,,,,,,,,,,,,,
cell_embedding,A,chip94575.1.7.24.AAGAACCAGAC,day_0,T84,basal.confluent,0.0,2583.0,,0.0,-3.5689982808416607,-4.137527170388968,,,,,,,,,,,,,,,,,,,,,,,,,,,,,,,,,,
cell_embedding,A,chip94575.1.7.27.AACTTGACTCT,day_0,T84,basal.confluent,0.0,6441.0,,0.0,7.1092765067531385,0.5972761654082727,,,,,,,,,,,,,,,,,,,,,,,,,,,,,,,,,,
cell_embedding,A,chip94575.1.7.28.AACTTGAGCAG,day_0,T84,basal.confluent,0.0,1692.0,,0.0,-0.9114410283037532,-7.904703827140896,,,,,,,,,,,,,,,,,,,,,,,,,,,,,,,,,,
cell_embedding,A,chip94575.1.7.31.AAGAACCTGCT,day_0,T84,basal.confluent,0.0,2218.0,,0.0,-1.147264340392263,-6.5762657414361865,,,,,,,,,,,,,,,,,,,,,,,,,,,,,,,,,,
cell_embedding,A,chip94575.1.7.32.AAGAACGAAGT,day_0,T84,basal.confluent,0.0,3444.0,,0.0,4.741714269902926,-5.5488609218507365,,,,,,,,,,,,,,,,,,,,,,,,,,,,,,,,,,
cell_embedding,A,chip94575.1.7.52.AAGACCGGCGA,day_0,T84,basal.confluent,0.0,866.0,,0.0,-2.210560935093377,-15.149504408854282,,,,,,,,,,,,,,,,,,,,,,,,,,,,,,,,,,
cell_embedding,A,chip94575.1.7.58.AAGACCGTAGG,day_0,T84,basal.confluent,0.0,790.0,,0.0,-3.271102048790759,-12.799577964289345,,,,,,,,,,,,,,,,,,,,,,,,,,,,,,,,,,
cell_embedding,A,chip94575.1.7.59.AAGACGAACTT,day_0,T84,basal.confluent,0.0,24420.0,,0.0,5.459861153176454,11.258368617848737,,,,,,,,,,,,,,,,,,,,,,,,,,,,,,,,,,
cell_embedding,A,chip94575.1.7.6.AAGACGATTAC,day_0,T84,basal.confluent,0.0,5375.0,,0.0,6.089827907482423,-2.5704982224759094,,,,,,,,,,,,,,,,,,,,,,,,,,,,,,,,,,
cell_embedding,A,chip94575.1.8.24.AAGACTATCAT,day_0,T84,basal.confluent,0.0,10257.0,,0.0,7.706662725368211,4.4301952027877975,,,,,,,,,,,,,,,,,,,,,,,,,,,,,,,,,,
cell_embedding,A,chip94575.1.8.26.AAGACTGCTCG,day_0,T84,basal.confluent,0.0,5904.0,,0.0,8.86029812547936,-1.0361053755008471,,,,,,,,,,,,,,,,,,,,,,,,,,,,,,,,,,
cell_embedding,A,chip94575.1.8.3.AAGAACGGTCT,day_0,T84,basal.confluent,0.0,7438.0,,0.0,-1.1423640121133505,1.8319267409802744,,,,,,,,,,,,,,,,,,,,,,,,,,,,,,,,,,
cell_embedding,A,chip94575.1.8.51.AAGAACGCAAC,day_0,T84,basal.confluent,0.0,3205.0,,0.0,-0.9604275971007926,-5.790067188622044,,,,,,,,,,,,,,,,,,,,,,,,,,,,,,,,,,
cell_embedding,A,chip94575.1.8.54.AAGAACTGCGC,day_0,T84,basal.confluent,0.0,2980.0,,0.0,4.914177110386617,-7.197225112497542,,,,,,,,,,,,,,,,,,,,,,,,,,,,,,,,,,
cell_embedding,A,chip94575.2.0.36.AACCGCCTAAC,day_1,T84,d.basal,1.0,4852.0,0.413921688722416,0.770084038904074,0.1624254101169422,-1.02317327457329,,,,,,,,,,,,,,,,,,,,,,,,,,,,,,,,,,
cell_embedding,A,chip94575.2.0.39.AACCGCAGACC,day_1,T84,p.basal,1.0,5958.0,0.279535988070685,1.0,8.326663170369942,-0.4824455017804611,,,,,,,,,,,,,,,,,,,,,,,,,,,,,,,,,,
cell_embedding,A,chip94575.2.0.43.AACCGCGCTCA,day_1,T84,d.basal,1.0,7248.0,0.299307518437711,1.0,8.23216235804075,0.7753704717146473,,,,,,,,,,,,,,,,,,,,,,,,,,,,,,,,,,
cell_embedding,A,chip94575.2.0.64.AACCAACCTGC,day_1,T84,p.basal,1.0,5609.0,0.320745460899935,1.0,6.304054499014756,0.6613302156975437,,,,,,,,,,,,,,,,,,,,,,,,,,,,,,,,,,
cell_embedding,A,chip94575.2.1.37.AACCAGCAGGA,day_1,T84,p.basal,1.0,3815.0,0.177983448436583,1.0,8.814729874390151,-3.8055285232355662,,,,,,,,,,,,,,,,,,,,,,,,,,,,,,,,,,
cell_embedding,A,chip94575.2.1.42.AACCAGAGCGC,day_1,T84,d.basal,1.0,3899.0,0.164045307301411,1.0,7.12627009833034,-5.2026576747587185,,,,,,,,,,,,,,,,,,,,,,,,,,,,,,,,,,
cell_embedding,A,chip94575.2.1.64.AACCGCCAGTC,day_1,T84,p.basal,1.0,9145.0,0.275628608989948,1.0,9.984402748039376,2.922952390985564,,,,,,,,,,,,,,,,,,,,,,,,,,,,,,,,,,
cell_embedding,A,chip94575.2.1.68.AACCGCTTCAA,day_1,T84,p.basal,1.0,9913.0,0.371402179302444,0.121679327647514,2.5130783556470355,6.669664798853447,,,,,,,,,,,,,,,,,,,,,,,,,,,,,,,,,,
cell_embedding,A,chip94575.2.2.19.AACCATCTCGC,day_1,T84,p.basal,1.0,4054.0,0.20755918118911,1.0,8.671959309984217,-3.969965218216199,,,,,,,,,,,,,,,,,,,,,,,,,,,,,,,,,,
cell_embedding,A,chip94575.2.2.38.AACCTAACCTT,day_1,T84,basal.confluent,1.0,10299.0,,0.0,6.899606478973713,4.636591489450659,,,,,,,,,,,,,,,,,,,,,,,,,,,,,,,,,,
cell_embedding,A,chip94575.2.2.60.AACCAGATTCC,day_1,T84,d.basal,1.0,3922.0,0.355916234908551,1.0,5.798663129064621,-3.110481464833816,,,,,,,,,,,,,,,,,,,,,,,,,,,,,,,,,,
cell_embedding,A,chip94575.2.2.65.AACCAGAGTAT,day_1,T84,p.basal,1.0,11224.0,0.288378834979653,0.643271860546638,10.67794581427034,4.866098786710397,,,,,,,,,,,,,,,,,,,,,,,,,,,,,,,,,,
cell_embedding,A,chip94575.2.2.67.AACCAGGCGGC,day_1,T84,p.basal,1.0,6589.0,0.335442457441611,1.0,6.044937137802706,1.423270310054723,,,,,,,,,,,,,,,,,,,,,,,,,,,,,,,,,,
cell_embedding,A,chip94575.2.3.42.AACCATCGTTC,day_1,T84,p.basal,1.0,6747.0,0.259486292659186,1.0,8.808160080727035,1.4709295597258578,,,,,,,,,,,,,,,,,,,,,,,,,,,,,,,,,,
cell_embedding,A,chip94575.2.3.45.AACCATAACGT,day_1,T84,p.basal,1.0,3310.0,0.413858472516656,0.708126976892411,1.9918778736605016,-4.5594823813761165,,,,,,,,,,,,,,,,,,,,,,,,,,,,,,,,,,
cell_embedding,A,chip94575.2.36.63.CTCCATCTGCG,day_1,T84,d.basal,1.0,1730.0,,0.0,1.3895009740704294,-8.645093399863299,,,,,,,,,,,,,,,,,,,,,,,,,,,,,,,,,,
cell_embedding,A,chip94575.2.3.68.AACCTCAGAAT,day_1,T84,p.basal,1.0,5351.0,0.247649915663812,1.0,8.607618788692369,-0.1630424829937753,,,,,,,,,,,,,,,,,,,,,,,,,,,,,,,,,,
cell_embedding,A,chip94575.2.37.12.GAAGCGACTAT,day_1,T84,d.basal,1.0,1901.0,,0.0,4.021291472565876,-9.423008020162436,,,,,,,,,,,,,,,,,,,,,,,,,,,,,,,,,,
cell_embedding,A,chip94575.2.39.68.GAGAAGAGGTC,day_1,T84,d.basal,1.0,1482.0,,0.0,0.1841338967197897,-11.314638209822508,,,,,,,,,,,,,,,,,,,,,,,,,,,,,,,,,,
cell_embedding,A,chip94575.2.40.61.GAAGAATCCGG,day_1,T84,d.basal,1.0,2065.0,,0.0,4.442732769052806,-7.167309099391135,,,,,,,,,,,,,,,,,,,,,,,,,,,,,,,,,,
cell_embedding,A,chip94575.2.40.71.GAACTTAGTAC,day_1,T84,p.basal,1.0,9088.0,0.343200198619709,0.569090663388418,6.15594910611777,5.682790279827929,,,,,,,,,,,,,,,,,,,,,,,,,,,,,,,,,,
cell_embedding,A,chip94575.2.4.12.AACCGAGCAAC,day_1,T84,d.basal,1.0,1917.0,,0.0,1.001955852297597,-9.272198020212588,,,,,,,,,,,,,,,,,,,,,,,,,,,,,,,,,,
cell_embedding,A,chip94575.2.4.20.AACCGCAACCT,day_1,T84,d.basal,1.0,3741.0,0.390076535146737,0.90197315916537,2.6270046836828636,-0.5875100821044402,,,,,,,,,,,,,,,,,,,,,,,,,,,,,,,,,,
cell_embedding,A,chip94575.2.42.13.GCTCGTTGCTC,day_1,T84,d.basal,1.0,1743.0,,0.0,1.1490281318072042,-7.726623866980432,,,,,,,,,,,,,,,,,,,,,,,,,,,,,,,,,,
cell_embedding,A,chip94575.2.42.19.GCTCTATTAAC,day_1,T84,basal.confluent,1.0,2002.0,,0.0,-5.6008721871894664,-9.468730878587907,,,,,,,,,,,,,,,,,,,,,,,,,,,,,,,,,,
cell_embedding,A,chip94575.2.42.44.GATTAGATTCT,day_1,T84,p.basal,1.0,1303.0,,0.0,-3.5696720576679057,-9.56027506351248,,,,,,,,,,,,,,,,,,,,,,,,,,,,,,,,,,
cell_embedding,A,chip94575.2.42.63.GAAGAGATGAG,day_1,T84,p.basal,1.0,2679.0,0.493061994018291,0.606323722902023,-5.429267088085507,-6.587740427323798,,,,,,,,,,,,,,,,,,,,,,,,,,,,,,,,,,
cell_embedding,A,chip94575.2.43.39.GCTCCGGAGAC,day_1,T84,p.basal,1.0,1909.0,,0.0,-0.3894778832433703,-8.333850581238833,,,,,,,,,,,,,,,,,,,,,,,,,,,,,,,,,,
cell_embedding,A,chip94575.2.43.44.GCTCTTCCGTT,day_1,T84,d.basal,1.0,3005.0,,0.0,-2.8684419794954574,-5.176180323465923,,,,,,,,,,,,,,,,,,,,,,,,,,,,,,,,,,
cell_embedding,A,chip94575.2.43.65.GGACGGCGACG,day_1,T84,p.basal,1.0,2296.0,0.448069900989665,0.46542577198722,-0.5999432730707258,-5.641377958304754,,,,,,,,,,,,,,,,,,,,,,,,,,,,,,,,,,
cell_embedding,A,chip94575.2.4.43.AACCTGCCAGA,day_1,T84,p.basal,1.0,8467.0,0.272885439597277,1.0,10.017127984682034,1.933817931923203,,,,,,,,,,,,,,,,,,,,,,,,,,,,,,,,,,
cell_embedding,A,chip94575.2.44.61.GCTGCGTACGA,day_1,T84,d.basal,1.0,2613.0,,0.0,2.8058296769248097,-4.327854421418977,,,,,,,,,,,,,,,,,,,,,,,,,,,,,,,,,,
cell_embedding,A,chip94575.2.5.13.AACTCATCAAC,day_1,T84,p.basal,1.0,4602.0,0.187194404029431,0.989531383999784,8.213627761002146,-3.333945238730892,,,,,,,,,,,,,,,,,,,,,,,,,,,,,,,,,,
cell_embedding,A,chip94575.2.5.15.AACTATGCAGG,day_1,T84,p.basal,1.0,1795.0,,0.0,1.9245017931703272,-10.172356756080784,,,,,,,,,,,,,,,,,,,,,,,,,,,,,,,,,,
cell_embedding,A,chip94575.2.5.23.AACTCAGACTT,day_1,T84,d.basal,1.0,1898.0,,0.0,0.3849205290689804,-8.151212537933315,,,,,,,,,,,,,,,,,,,,,,,,,,,,,,,,,,
cell_embedding,A,chip94575.2.5.39.AACGGTTCCAA,day_1,T84,d.basal,1.0,4648.0,0.396427444830537,1.0,1.0695104550850103,-0.3665531017141063,,,,,,,,,,,,,,,,,,,,,,,,,,,,,,,,,,
cell_embedding,A,chip94575.2.5.44.AACGTCAATAT,day_1,T84,p.basal,1.0,5042.0,0.419080039510094,0.732698426644677,-0.726777643946975,1.1900594050614277,,,,,,,,,,,,,,,,,,,,,,,,,,,,,,,,,,
cell_embedding,A,chip94575.2.6.18.AACGTTCATGC,day_1,T84,basal.confluent,1.0,15479.0,,0.0,9.642360967984526,4.699892567231971,,,,,,,,,,,,,,,,,,,,,,,,,,,,,,,,,,
cell_embedding,A,chip94575.2.6.20.AACTAAGAGTA,day_1,T84,p.basal,1.0,2848.0,0.147148208963113,1.0,6.103729379503537,-5.095152917895899,,,,,,,,,,,,,,,,,,,,,,,,,,,,,,,,,,
cell_embedding,A,chip94575.2.6.37.AACTCATTCGC,day_1,T84,p.basal,1.0,5948.0,0.276623699933809,1.0,8.654357993393557,0.9018824407647588,,,,,,,,,,,,,,,,,,,,,,,,,,,,,,,,,,
cell_embedding,A,chip94575.2.6.45.AACTCAACCTC,day_1,T84,p.basal,1.0,3350.0,0.414783948635193,1.0,-0.9265841434678332,-1.8002384452308764,,,,,,,,,,,,,,,,,,,,,,,,,,,,,,,,,,
cell_embedding,A,chip94575.2.7.12.AACTCGCAGAA,day_1,T84,d.basal,1.0,2559.0,,0.0,4.563466135063366,-5.749716390419592,,,,,,,,,,,,,,,,,,,,,,,,,,,,,,,,,,
cell_embedding,A,chip94575.2.7.36.AACTAACCTTG,day_1,T84,d.basal,1.0,4147.0,0.258475605084209,0.876265433979637,6.221919013260004,-2.0014783379216676,,,,,,,,,,,,,,,,,,,,,,,,,,,,,,,,,,
cell_embedding,A,chip94575.2.7.40.AACGTCTCTGC,day_1,T84,d.basal,1.0,5422.0,,0.0,-0.1776493863709013,0.3457068266929602,,,,,,,,,,,,,,,,,,,,,,,,,,,,,,,,,,
cell_embedding,A,chip94575.2.7.43.AACTAAGGTAG,day_1,T84,p.basal,1.0,6293.0,0.226543099196275,1.0,9.683090158007516,-1.6899239738545346,,,,,,,,,,,,,,,,,,,,,,,,,,,,,,,,,,
cell_embedding,A,chip94575.2.7.63.AACTCCGAATA,day_1,T84,d.basal,1.0,3236.0,,0.0,2.246189902246863,-2.555353275494885,,,,,,,,,,,,,,,,,,,,,,,,,,,,,,,,,,
cell_embedding,A,chip94575.2.7.71.AACTCCTGGCC,day_1,T84,p.basal,1.0,6732.0,0.344596042831365,1.0,5.189888186815411,3.9840785780565766,,,,,,,,,,,,,,,,,,,,,,,,,,,,,,,,,,
cell_embedding,A,chip94575.2.8.23.AACTACGCTTA,day_1,T84,d.basal,1.0,3344.0,0.428599459923145,1.0,0.261815749467729,-3.601282475773859,,,,,,,,,,,,,,,,,,,,,,,,,,,,,,,,,,
cell_embedding,A,chip94575.2.8.38.AACTGACCAGC,day_1,T84,d.basal,1.0,5080.0,0.339074334557544,1.0,4.184240231727154,1.4106958032087256,,,,,,,,,,,,,,,,,,,,,,,,,,,,,,,,,,
cell_embedding,A,chip94575.2.8.60.AACTACGATGG,day_1,T84,d.basal,1.0,5124.0,,0.0,-1.4952954586573135,0.6410624595678923,,,,,,,,,,,,,,,,,,,,,,,,,,,,,,,,,,
cell_embedding,A,chip94575.2.8.66.AACTACGCCAG,day_1,T84,basal.colonies,1.0,10839.0,0.296323041548373,0.548081820675741,10.037182529282228,4.167832665276535,,,,,,,,,,,,,,,,,,,,,,,,,,,,,,,,,,
cell_embedding,A,chip94575.3.15.52.AGATTGGCGGA,day_21,T84,d.basal,21.0,2264.0,,0.0,-2.477784192761937,-3.615133500167016,,,,,,,,,,,,,,,,,,,,,,,,,,,,,,,,,,
cell_embedding,A,chip94575.3.53.53.GTTCGATCTTA,day_21,T84,ciliating.late,21.0,7343.0,0.707628118530402,1.0,-13.489697950797702,9.33125316781828,,,,,,,,,,,,,,,,,,,,,,,,,,,,,,,,,,
cell_embedding,A,chip94575.6.18.16.AGTTGATAGAA,day_23,T84,ciliating.late,23.0,4192.0,0.649429490256104,1.0,-12.456018252485489,3.054175571863172,,,,,,,,,,,,,,,,,,,,,,,,,,,,,,,,,,
cell_embedding,A,chip94575.6.19.44.ATCCAAGGTAC,day_23,T84,p.basal,23.0,1989.0,,0.0,-2.5576648539168736,-6.858702176682927,,,,,,,,,,,,,,,,,,,,,,,,,,,,,,,,,,
cell_embedding,A,chip94575.6.20.36.CAACCAGGATC,day_23,T84,ciliating.late,23.0,2739.0,0.591015056295536,1.0,-12.128823824433548,-1.1311393842800832,,,,,,,,,,,,,,,,,,,,,,,,,,,,,,,,,,
cell_embedding,A,chip94575.6.21.14.CCATATGGCGC,day_23,T84,ciliating.late,23.0,11000.0,0.72270503523644,1.0,-12.785920236064836,10.028148415526855,,,,,,,,,,,,,,,,,,,,,,,,,,,,,,,,,,
cell_embedding,A,chip94575.6.22.17.CCAGCAATAAT,day_23,T84,d.basal,23.0,4467.0,,0.0,-4.027264176359459,0.3845358802015421,,,,,,,,,,,,,,,,,,,,,,,,,,,,,,,,,,
cell_embedding,A,chip94575.6.23.23.CCATCGCTATG,day_23,T84,ciliated,23.0,8173.0,0.784881224009916,1.0,-6.931080373506372,7.700429365691898,,,,,,,,,,,,,,,,,,,,,,,,,,,,,,,,,,
cell_embedding,A,chip94575.6.23.62.CCATCTCATCA,day_23,T84,ciliating.late,23.0,8047.0,0.669214175644849,1.0,-16.01897028742947,5.753593084643761,,,,,,,,,,,,,,,,,,,,,,,,,,,,,,,,,,
cell_embedding,A,chip94575.6.23.69.CCATCAATTAG,day_23,T84,ciliating.early,23.0,6017.0,0.708251259317323,1.0,-11.6497695058123,5.435242720916252,,,,,,,,,,,,,,,,,,,,,,,,,,,,,,,,,,
cell_embedding,A,chip94575.6.24.41.CCATGCGCGAC,day_23,T84,ciliating.late,23.0,8962.0,0.684444317431523,1.0,-16.247513540647166,6.997961794001878,,,,,,,,,,,,,,,,,,,,,,,,,,,,,,,,,,
cell_embedding,A,chip94575.6.24.45.CCATCTTACCT,day_23,T84,ciliating.late,23.0,9393.0,0.691874275659708,1.0,-15.47996988057451,8.176080998592257,,,,,,,,,,,,,,,,,,,,,,,,,,,,,,,,,,
cell_embedding,A,chip94575.6.25.12.CCGAACCAGAT,day_23,T84,ciliating.late,23.0,7762.0,0.695183749295174,1.0,-14.391814313727368,7.254706858034991,,,,,,,,,,,,,,,,,,,,,,,,,,,,,,,,,,
cell_embedding,A,chip94575.6.25.38.CCATAAGCCGG,day_23,T84,ciliated,23.0,5825.0,0.725275313715451,1.0,-9.969072294341832,6.048982900899833,,,,,,,,,,,,,,,,,,,,,,,,,,,,,,,,,,
cell_embedding,A,chip94575.6.26.18.CCTCTCCATGA,day_23,T84,p.basal,23.0,4724.0,0.29981787153552,0.88126609370262,2.9903833589000017,0.8761547099725507,,,,,,,,,,,,,,,,,,,,,,,,,,,,,,,,,,
cell_embedding,A,chip94575.6.26.44.CCGAATTAGCG,day_23,T84,ciliating.late,23.0,6677.0,0.665935589197647,1.0,-16.81412849576107,6.407280098906068,,,,,,,,,,,,,,,,,,,,,,,,,,,,,,,,,,
cell_embedding,A,chip94575.6.26.68.CCATAATATCG,day_23,T84,ciliating.late,23.0,6871.0,0.674316762709153,1.0,-15.64863601093845,4.2863654200919585,,,,,,,,,,,,,,,,,,,,,,,,,,,,,,,,,,
cell_embedding,A,chip94575.6.54.13.GTTGAATAAGG,day_23,T84,d.basal,23.0,792.0,,0.0,-5.486148456674574,-14.194883452120932,,,,,,,,,,,,,,,,,,,,,,,,,,,,,,,,,,
cell_embedding,A,chip94575.6.54.19.GTTGAATAGTA,day_23,T84,ciliated,23.0,1821.0,0.588157848230163,1.0,-13.277060530531507,-3.14831482468405,,,,,,,,,,,,,,,,,,,,,,,,,,,,,,,,,,
cell_embedding,A,chip94575.6.54.39.GTTGGATGGTT,day_23,T84,ciliated,23.0,4483.0,0.757777328146722,1.0,-6.703909688537702,5.158993942406565,,,,,,,,,,,,,,,,,,,,,,,,,,,,,,,,,,
cell_embedding,A,chip94575.6.55.41.GTTGAACTAGC,day_23,T84,d.basal,23.0,2505.0,,0.0,-6.817218869411143,-6.716698843734564,,,,,,,,,,,,,,,,,,,,,,,,,,,,,,,,,,
cell_embedding,A,chip94575.6.56.42.TACTTATAACT,day_23,T84,p.basal,23.0,1892.0,,0.0,-3.5980660511207456,-5.8689015411296666,,,,,,,,,,,,,,,,,,,,,,,,,,,,,,,,,,
cell_embedding,A,chip94575.6.57.45.GTTGCATTCCT,day_23,T84,p.basal,23.0,2198.0,0.475371627227332,0.741879989356284,-4.056380225442642,-4.456170563361022,,,,,,,,,,,,,,,,,,,,,,,,,,,,,,,,,,
cell_embedding,A,chip94575.6.57.70.TACCTCAGTCT,day_23,T84,d.basal,23.0,2075.0,0.539711712635155,1.0,-8.584155728575062,-3.05015099333048,,,,,,,,,,,,,,,,,,,,,,,,,,,,,,,,,,
cell_embedding,A,chip94575.6.59.17.TTGCTCTAGGT,day_23,T84,basal.confluent,23.0,3887.0,,0.0,-4.409701897408395,-2.923395428596747,,,,,,,,,,,,,,,,,,,,,,,,,,,,,,,,,,
cell_embedding,A,chip94575.6.59.44.TCGCTTCCATG,day_23,T84,ciliated,23.0,13264.0,0.812745911642487,1.0,-6.188539410527326,10.437457398372183,,,,,,,,,,,,,,,,,,,,,,,,,,,,,,,,,,
cell_embedding,A,chip94575.6.59.65.TTGCTCCGTCT,day_23,T84,ciliating.late,23.0,5082.0,0.669126726479535,1.0,-15.529214129914244,5.336689408390922,,,,,,,,,,,,,,,,,,,,,,,,,,,,,,,,,,
cell_embedding,A,chip94575.6.60.37.TTGGAGGATTC,day_23,T84,ciliating.late,23.0,9456.0,0.705158019709135,1.0,-14.928321684742484,7.860804541547211,,,,,,,,,,,,,,,,,,,,,,,,,,,,,,,,,,
cell_embedding,A,chip94575.6.60.40.TTGGAAGCCTT,day_23,T84,ciliating.late,23.0,5164.0,0.659822751574666,1.0,-16.565374606218903,4.679929202907321,,,,,,,,,,,,,,,,,,,,,,,,,,,,,,,,,,
cell_embedding,A,chip94575.6.61.13.TTGGCGTCAAG,day_23,T84,ciliating.late,23.0,11099.0,0.700055478985347,1.0,-14.423196857101756,9.787082008422416,,,,,,,,,,,,,,,,,,,,,,,,,,,,,,,,,,
cell_embedding,A,chip94575.6.61.16.TTGGCAGAAGA,day_23,T84,ciliating.late,23.0,5942.0,0.664513684762309,1.0,-17.99433947338969,5.201093511960502,,,,,,,,,,,,,,,,,,,,,,,,,,,,,,,,,,
cell_embedding,A,chip94575.6.61.37.TCGTTAAGTTC,day_23,T84,p.basal,23.0,5179.0,0.355789721704903,1.0,1.694118693818825,1.9215623187180488,,,,,,,,,,,,,,,,,,,,,,,,,,,,,,,,,,
cell_embedding,A,chip94575.6.61.62.TTGGATCTGGC,day_23,T84,ciliating.late,23.0,6338.0,0.701030818728587,1.0,-13.130705561140855,7.0335814485536865,,,,,,,,,,,,,,,,,,,,,,,,,,,,,,,,,,
cell_embedding,A,chip94684.1.0.10.AACCTTCGACT,day_12,T84,ciliated,12.0,22381.0,0.821680475955248,1.0,-5.519565884779416,12.334719107724656,,,,,,,,,,,,,,,,,,,,,,,,,,,,,,,,,,
cell_embedding,A,chip94684.1.0.28.AACGCATACTC,day_12,T84,ciliating.late,12.0,4001.0,0.652965490628853,1.0,-16.090314957554234,2.953807957861037,,,,,,,,,,,,,,,,,,,,,,,,,,,,,,,,,,
cell_embedding,A,chip94684.1.1.8.AACGCGTAAGA,day_12,T84,p.basal,12.0,4614.0,0.519397109660483,1.0,-10.663149723758552,0.0153543766482571,,,,,,,,,,,,,,,,,,,,,,,,,,,,,,,,,,
cell_embedding,A,chip94684.1.1.9.AACGCCTGCTT,day_12,T84,ciliated,12.0,4651.0,0.612217032829211,1.0,-14.26363557662686,0.8687910516719286,,,,,,,,,,,,,,,,,,,,,,,,,,,,,,,,,,
cell_embedding,A,chip94684.1.2.31.AACGCTACCTA,day_12,T84,ciliating.late,12.0,7872.0,0.678904513310707,1.0,-16.258556638997295,7.031258366307979,,,,,,,,,,,,,,,,,,,,,,,,,,,,,,,,,,
cell_embedding,A,chip94684.1.2.58.AACGACCGATA,day_12,T84,ciliated,12.0,6983.0,0.739106701682098,1.0,-9.62389366213458,4.976473626095712,,,,,,,,,,,,,,,,,,,,,,,,,,,,,,,,,,
cell_embedding,A,chip94684.1.41.24.GCCATGCCATG,day_12,T84,p.basal,12.0,2691.0,0.516951025227751,1.0,-8.875166122060893,-4.455266401671287,,,,,,,,,,,,,,,,,,,,,,,,,,,,,,,,,,
cell_embedding,A,chip94684.1.4.24.AACGGCGCGTA,day_12,T84,ciliating.late,12.0,6258.0,0.638120052971542,1.0,-17.705393553909783,3.3722519975653085,,,,,,,,,,,,,,,,,,,,,,,,,,,,,,,,,,
cell_embedding,A,chip94684.1.43.3.GGTCAGTCTCG,day_12,T84,ciliating.late,12.0,5811.0,0.64450362190009,1.0,-14.918756168667986,3.2910665129257475,,,,,,,,,,,,,,,,,,,,,,,,,,,,,,,,,,
cell_embedding,A,chip94684.1.43.6.GGTCCGCGCTG,day_12,T84,d.basal,12.0,2022.0,,0.0,-9.352542637247954,-5.099209723310691,,,,,,,,,,,,,,,,,,,,,,,,,,,,,,,,,,
cell_embedding,A,chip94684.1.44.29.GGTCGCATACT,day_12,T84,ciliating.late,12.0,1413.0,0.581679150400067,1.0,-15.623290403301782,-8.415015426660336,,,,,,,,,,,,,,,,,,,,,,,,,,,,,,,,,,
cell_embedding,A,chip94684.1.4.8.AACGCAGAGAA,day_12,T84,d.basal,12.0,963.0,,0.0,-8.321697759731249,-12.87801306342106,,,,,,,,,,,,,,,,,,,,,,,,,,,,,,,,,,
cell_embedding,A,chip94684.1.8.10.AAGAACTACCT,day_12,T84,ciliating.early,12.0,1966.0,0.536293940982819,1.0,-9.667764754323173,-5.372513188192048,,,,,,,,,,,,,,,,,,,,,,,,,,,,,,,,,,
cell_embedding,A,chip94684.1.8.27.AAGACGGCGAC,day_12,T84,ciliating.late,12.0,5377.0,0.659450907976448,1.0,-17.38067780723172,3.936012702935076,,,,,,,,,,,,,,,,,,,,,,,,,,,,,,,,,,
cell_embedding,A,chip94684.3.11.26.AGAACCGATAA,day_25,T84,ciliated,25.0,1807.0,0.581679150400067,1.0,-15.006092592889992,-6.230266814408587,,,,,,,,,,,,,,,,,,,,,,,,,,,,,,,,,,
cell_embedding,A,chip94684.3.14.8.AGAAGAGAAGT,day_25,T84,ciliating.late,25.0,2240.0,0.594054719331423,1.0,-17.083307835213944,-3.861366480973258,,,,,,,,,,,,,,,,,,,,,,,,,,,,,,,,,,
cell_embedding,A,chip94684.3.17.4.CCAACTGAGCC,day_25,T84,ciliated,25.0,9199.0,0.712229161580013,1.0,-12.703443196947282,7.087387850846289,,,,,,,,,,,,,,,,,,,,,,,,,,,,,,,,,,
cell_embedding,A,chip94684.3.45.54.GGTCGCTGGTA,day_25,T84,ciliated,25.0,826.0,0.564834018062791,1.0,-11.71707232474267,-12.485571527433764,,,,,,,,,,,,,,,,,,,,,,,,,,,,,,,,,,
cell_embedding,A,chip94684.3.47.33.GGTATATTGGC,day_25,T84,d.basal,25.0,1525.0,,0.0,-7.449608267103858,-12.050693825591024,,,,,,,,,,,,,,,,,,,,,,,,,,,,,,,,,,
cell_embedding,A,chip94684.3.48.29.GTTAGGAGTTG,day_25,T84,ciliated,25.0,1800.0,0.575198390462494,1.0,-12.250154290670686,-7.0759801374472895,,,,,,,,,,,,,,,,,,,,,,,,,,,,,,,,,,
cell_embedding,A,chip94684.3.50.11.GTCTTATGGTA,day_25,T84,ciliating.late,25.0,6492.0,0.680286493458598,1.0,-14.43859008711618,5.88282423556526,,,,,,,,,,,,,,,,,,,,,,,,,,,,,,,,,,
cell_embedding,A,chip94684.3.50.2.GTTAACGACCT,day_25,T84,ciliating.late,25.0,7672.0,0.683131789926125,1.0,-15.90638208501709,6.773606338785729,,,,,,,,,,,,,,,,,,,,,,,,,,,,,,,,,,
cell_embedding,A,chip94684.3.50.5.GTCTTAATTAG,day_25,T84,ciliating.late,25.0,3302.0,0.597976452532407,1.0,-12.673352259574973,1.1322187658433716,,,,,,,,,,,,,,,,,,,,,,,,,,,,,,,,,,
cell_embedding,A,chip94684.3.51.11.GTTCCAAGGAA,day_25,T84,ciliating.late,25.0,3788.0,0.633299338972745,1.0,-16.88315312715778,2.6393410832835755,,,,,,,,,,,,,,,,,,,,,,,,,,,,,,,,,,
cell_embedding,A,chip94684.3.51.58.GTTCAGCGCCT,day_25,T84,ciliated,25.0,2589.0,0.581679150400067,1.0,-12.95740412009147,-5.374216402747244,,,,,,,,,,,,,,,,,,,,,,,,,,,,,,,,,,
cell_embedding,A,chip94684.3.53.1.TCATCGGCTTG,day_25,T84,ciliating.late,25.0,6482.0,0.658648963436487,1.0,-17.083840429222178,4.947014068810845,,,,,,,,,,,,,,,,,,,,,,,,,,,,,,,,,,
cell_embedding,A,chip94684.3.53.24.TATATAGTCTT,day_25,T84,ciliating.early,25.0,2263.0,0.568715390172819,1.0,-14.409357035962714,-3.8454248458372886,,,,,,,,,,,,,,,,,,,,,,,,,,,,,,,,,,
cell_embedding,A,chip94684.3.53.50.GTTCGGTACCG,day_25,T84,ciliating.late,25.0,1552.0,0.575198390462494,1.0,-14.185193643369592,-7.657244833904634,,,,,,,,,,,,,,,,,,,,,,,,,,,,,,,,,,
cell_embedding,A,chip94684.3.53.52.GTTCCTTCCTC,day_25,T84,ciliating.late,25.0,2880.0,0.604585400902963,1.0,-17.581638595020905,-1.7058884591183383,,,,,,,,,,,,,,,,,,,,,,,,,,,,,,,,,,
cell_embedding,A,chip94684.3.9.4.AAGAGAAGAAT,day_25,T84,ciliating.late,25.0,4616.0,0.639996755291748,1.0,-18.499316742424117,3.888542205030759,,,,,,,,,,,,,,,,,,,,,,,,,,,,,,,,,,
cell_embedding,A,chip94684.6.18.22.AGTTGCGAGGT,day_28,T84,ciliated,28.0,8119.0,0.77016911738094,1.0,-6.57860546552237,4.764937744270233,,,,,,,,,,,,,,,,,,,,,,,,,,,,,,,,,,
cell_embedding,A,chip94684.6.19.42.ATAAGAACGGT,day_28,T84,ciliating.late,28.0,5188.0,0.680046459409518,1.0,-12.615602528855655,6.2309407821951845,,,,,,,,,,,,,,,,,,,,,,,,,,,,,,,,,,
cell_embedding,A,chip94684.6.20.18.ATGCAGTAACG,day_28,T84,ciliating.late,28.0,5434.0,0.652257997755686,1.0,-15.339666389056855,3.3781166195263506,,,,,,,,,,,,,,,,,,,,,,,,,,,,,,,,,,
cell_embedding,A,chip94684.6.20.39.CAACCAACTTA,day_28,T84,ciliating.late,28.0,3156.0,0.614067671170086,1.0,-16.937972343398048,0.6812779437894685,,,,,,,,,,,,,,,,,,,,,,,,,,,,,,,,,,
cell_embedding,A,chip94684.6.21.61.CAACCGAATGA,day_28,T84,ciliating.late,28.0,2960.0,0.614067671170086,1.0,-14.906816698576192,0.6068028171310375,,,,,,,,,,,,,,,,,,,,,,,,,,,,,,,,,,
cell_embedding,A,chip94684.6.22.23.CCAGCAGAAGG,day_28,T84,ciliating.late,28.0,5021.0,0.660129534468125,1.0,-15.240442213145675,4.532459775055953,,,,,,,,,,,,,,,,,,,,,,,,,,,,,,,,,,
cell_embedding,A,chip94684.6.22.36.CCATATAGATA,day_28,T84,ciliated,28.0,2541.0,0.592810070258524,1.0,-14.754582219254566,-3.116668208223561,,,,,,,,,,,,,,,,,,,,,,,,,,,,,,,,,,
cell_embedding,A,chip94684.6.22.41.CCATATACCTT,day_28,T84,ciliated,28.0,4326.0,0.597275421728321,1.0,-10.899767278155675,1.6870063968287303,,,,,,,,,,,,,,,,,,,,,,,,,,,,,,,,,,
cell_embedding,A,chip94684.6.23.13.CCATCTCGCTT,day_28,T84,ciliating.late,28.0,8140.0,0.685433434383453,1.0,-15.90746895267165,7.891976625544264,,,,,,,,,,,,,,,,,,,,,,,,,,,,,,,,,,
cell_embedding,A,chip94684.6.23.46.CCAGCAAGGTC,day_28,T84,ciliating.early,28.0,4540.0,0.591271067223853,1.0,-13.479553349327936,1.5294717662553974,,,,,,,,,,,,,,,,,,,,,,,,,,,,,,,,,,
cell_embedding,A,chip94684.6.24.45.CCATCTTACCT,day_28,T84,ciliating.late,28.0,10717.0,0.714006306740742,1.0,-14.416982051956513,8.76439424820892,,,,,,,,,,,,,,,,,,,,,,,,,,,,,,,,,,
cell_embedding,A,chip94684.6.25.69.CCATGAAGGAC,day_28,T84,ciliating.late,28.0,3842.0,0.638173437172407,1.0,-13.761262817629948,1.6977331060218062,,,,,,,,,,,,,,,,,,,,,,,,,,,,,,,,,,
cell_embedding,A,chip94684.6.26.13.CCTCTCTACTA,day_28,T84,ciliating.late,28.0,5345.0,0.658139607732676,1.0,-14.43200752015121,3.965210881944936,,,,,,,,,,,,,,,,,,,,,,,,,,,,,,,,,,
cell_embedding,A,chip94684.6.26.18.CCTCTCCATGA,day_28,T84,ciliating.late,28.0,6299.0,0.691268456658295,1.0,-14.06627883143231,7.111453903056076,,,,,,,,,,,,,,,,,,,,,,,,,,,,,,,,,,
cell_embedding,A,chip94684.6.26.43.CCGAATCCGGC,day_28,T84,ciliating.late,28.0,12171.0,0.743762209716359,1.0,-11.77799138363761,8.794783348965744,,,,,,,,,,,,,,,,,,,,,,,,,,,,,,,,,,
cell_embedding,A,chip94684.6.54.63.GTTCGTCATGG,day_28,T84,ciliated,28.0,6355.0,0.68188456795704,1.0,-13.052995337041056,5.523143870037075,,,,,,,,,,,,,,,,,,,,,,,,,,,,,,,,,,
cell_embedding,A,chip94684.6.54.68.GTTCTCGCTGC,day_28,T84,ciliated,28.0,3912.0,0.621444997763467,1.0,-13.88721319101462,0.8888242660695054,,,,,,,,,,,,,,,,,,,,,,,,,,,,,,,,,,
cell_embedding,A,chip94684.6.56.14.GTTGCATCAAT,day_28,T84,ciliating.early,28.0,3549.0,0.617198786872228,1.0,-13.707001035505195,1.9529651373286112,,,,,,,,,,,,,,,,,,,,,,,,,,,,,,,,,,
cell_embedding,A,chip94684.6.56.37.TAGCGTTCTTC,day_28,T84,ciliated,28.0,5866.0,0.6804334048293,1.0,-11.75992962185659,3.3167538807199017,,,,,,,,,,,,,,,,,,,,,,,,,,,,,,,,,,
cell_embedding,A,chip94684.6.57.47.GTTGCGCTTAT,day_28,T84,ciliated,28.0,3070.0,0.594369169195331,1.0,-14.925158755500886,-2.7215415440973953,,,,,,,,,,,,,,,,,,,,,,,,,,,,,,,,,,
cell_embedding,A,chip94684.6.57.65.TACTTGCCAGG,day_28,T84,ciliated,28.0,4603.0,0.623843485992327,1.0,-14.16851477721147,1.5524751718149918,,,,,,,,,,,,,,,,,,,,,,,,,,,,,,,,,,
cell_embedding,A,chip94684.6.57.68.TAGGATGGAAT,day_28,T84,p.basal,28.0,1489.0,,0.0,-7.17518020672368,-7.5430248788153955,,,,,,,,,,,,,,,,,,,,,,,,,,,,,,,,,,
cell_embedding,A,chip94684.6.62.71.TCGTCTGAATG,day_28,T84,ciliated,28.0,10892.0,0.798476405070763,1.0,-7.037711837687491,10.089015932734014,,,,,,,,,,,,,,,,,,,,,,,,,,,,,,,,,,
cell_embedding,A,chip94709.1.1.30.AACGACGAAGA,day_14,T84,d.basal,14.0,3284.0,0.494225491822548,1.0,-5.59027299524314,-3.0447078532051206,,,,,,,,,,,,,,,,,,,,,,,,,,,,,,,,,,
cell_embedding,A,chip94709.1.1.54.AACGCCGCAAT,day_14,T84,p.basal,14.0,1142.0,,0.0,-7.971583190583538,-11.794225276083388,,,,,,,,,,,,,,,,,,,,,,,,,,,,,,,,,,
cell_embedding,A,chip94709.1.1.6.AACGCGCCAGT,day_14,T84,ciliating.late,14.0,3399.0,0.601110535514679,1.0,-16.234397315889744,0.2937809369483168,,,,,,,,,,,,,,,,,,,,,,,,,,,,,,,,,,
cell_embedding,A,chip94709.1.38.33.GCCTCAGCTTG,day_14,T84,ciliated,14.0,4152.0,0.637631418984782,1.0,-15.45220545918616,2.6093854392540665,,,,,,,,,,,,,,,,,,,,,,,,,,,,,,,,,,
cell_embedding,A,chip94709.1.38.5.GCAAGGCTGCT,day_14,T84,ciliating.late,14.0,5761.0,0.633514407005386,1.0,-18.618943084615335,2.7580430037167787,,,,,,,,,,,,,,,,,,,,,,,,,,,,,,,,,,
cell_embedding,A,chip94709.1.39.54.GCGCTGATTCA,day_14,T84,d.basal,14.0,1163.0,,0.0,-10.885182025289604,-9.248980623877982,,,,,,,,,,,,,,,,,,,,,,,,,,,,,,,,,,
cell_embedding,A,chip94709.1.4.34.AACGGCAACTC,day_14,T84,ciliating.late,14.0,17881.0,0.70323037320467,1.0,-16.085818064418035,8.212489337296102,,,,,,,,,,,,,,,,,,,,,,,,,,,,,,,,,,
cell_embedding,A,chip94709.1.5.53.AACGGCGTCGA,day_14,T84,ciliating.early,14.0,3498.0,0.594633484041134,1.0,-15.307236453006938,-1.4083918360916003,,,,,,,,,,,,,,,,,,,,,,,,,,,,,,,,,,
cell_embedding,A,chip94709.3.11.1.AGAAGGATCGG,day_30,T84,ciliated,30.0,2668.0,0.581874588647117,1.0,-10.530325957789486,-2.0490542627558193,,,,,,,,,,,,,,,,,,,,,,,,,,,,,,,,,,
cell_embedding,A,chip94709.3.12.30.AGAATAAGAGA,day_30,T84,d.basal,30.0,860.0,,0.0,-11.009986182968706,-11.981192653666003,,,,,,,,,,,,,,,,,,,,,,,,,,,,,,,,,,
cell_embedding,A,chip94709.3.12.48.AGAACCTTGCG,day_30,T84,ciliating.late,30.0,7218.0,0.711669807347859,1.0,-11.738696612785526,8.547989883483861,,,,,,,,,,,,,,,,,,,,,,,,,,,,,,,,,,
cell_embedding,A,chip94709.3.15.2.AGGCTTAGATA,day_30,T84,ciliating.late,30.0,3432.0,0.602892755963113,1.0,-17.36943898652893,-0.4141841172286997,,,,,,,,,,,,,,,,,,,,,,,,,,,,,,,,,,
cell_embedding,A,chip94709.3.15.30.AGAAGACGGTT,day_30,T84,ciliating.late,30.0,5070.0,0.64648042029481,1.0,-17.364040912941284,5.308673694624917,,,,,,,,,,,,,,,,,,,,,,,,,,,,,,,,,,
cell_embedding,A,chip94709.3.15.3.AGCAGTAGAAG,day_30,T84,ciliating.late,30.0,2054.0,0.601110535514679,1.0,-18.78577348016593,-2.125290724266718,,,,,,,,,,,,,,,,,,,,,,,,,,,,,,,,,,
cell_embedding,A,chip94709.3.16.58.CAACCGCCGAT,day_30,T84,ciliating.late,30.0,11629.0,0.680548406485576,1.0,-17.94298801991165,7.040840845406264,,,,,,,,,,,,,,,,,,,,,,,,,,,,,,,,,,
cell_embedding,A,chip94709.3.45.10.GGTCGTCTAGC,day_30,T84,ciliating.early,30.0,3198.0,0.5835097737821,1.0,-15.303452219123669,0.051316702727948,,,,,,,,,,,,,,,,,,,,,,,,,,,,,,,,,,
cell_embedding,A,chip94709.3.46.54.GGTAGGCCTAT,day_30,T84,ciliating.late,30.0,4597.0,0.639996755291748,1.0,-18.23330239946523,3.25469464117404,,,,,,,,,,,,,,,,,,,,,,,,,,,,,,,,,,
cell_embedding,A,chip94709.3.47.26.GGTATTCCTGG,day_30,T84,ciliating.late,30.0,5363.0,0.633514407005386,1.0,-18.28806492535221,2.938969772305044,,,,,,,,,,,,,,,,,,,,,,,,,,,,,,,,,,
cell_embedding,A,chip94709.3.47.6.GGTTACCGCCT,day_30,T84,ciliating.late,30.0,11147.0,0.678744159058672,1.0,-16.229411542591553,6.90070380184721,,,,,,,,,,,,,,,,,,,,,,,,,,,,,,,,,,
cell_embedding,A,chip94709.3.49.28.GTCGTTACTAG,day_30,T84,d.basal,30.0,1645.0,,0.0,-9.758306546720537,-9.173538050458705,,,,,,,,,,,,,,,,,,,,,,,,,,,,,,,,,,
cell_embedding,A,chip94709.3.51.6.GTTCCAGGCTT,day_30,T84,ciliated,30.0,13366.0,0.822393746725862,1.0,-5.922102929562217,13.180041173089034,,,,,,,,,,,,,,,,,,,,,,,,,,,,,,,,,,
cell_embedding,A,chip94709.3.52.57.GTTAAGACCAG,day_30,T84,ciliating.late,30.0,3343.0,0.620549320861083,1.0,-18.4018024307237,0.4394163967233736,,,,,,,,,,,,,,,,,,,,,,,,,,,,,,,,,,
cell_embedding,A,chip94709.3.53.33.TAGTTATCTTC,day_30,T84,ciliated,30.0,6147.0,0.732026876337071,1.0,-9.594522758025994,3.546658033349702,,,,,,,,,,,,,,,,,,,,,,,,,,,,,,,,,,
cell_embedding,A,chip94709.3.53.53.GTTCGATCTTA,day_30,T84,ciliated,30.0,2448.0,0.588157848230163,1.0,-14.676057418641207,-3.469707907096582,,,,,,,,,,,,,,,,,,,,,,,,,,,,,,,,,,
cell_embedding,A,chip94709.3.9.27.AAGAAGCAATA,day_30,T84,ciliated,30.0,2417.0,0.594633484041134,1.0,-16.021860413378153,-3.491634516797886,,,,,,,,,,,,,,,,,,,,,,,,,,,,,,,,,,
cell_embedding,A,chip94709.6.19.20.ATTGGTCAACT,day_32,T84,ciliated,32.0,2667.0,0.588157848230163,1.0,-13.647848844081569,-2.0832178849332403,,,,,,,,,,,,,,,,,,,,,,,,,,,,,,,,,,
cell_embedding,A,chip94709.6.19.23.ATTGGATACGG,day_32,T84,ciliating.late,32.0,4283.0,0.627032732359137,1.0,-16.464954217797345,1.7426760676477349,,,,,,,,,,,,,,,,,,,,,,,,,,,,,,,,,,
cell_embedding,A,chip94709.6.19.71.ATTGGAGAGAT,day_32,T84,ciliating.late,32.0,8822.0,0.692584988790894,1.0,-14.467020887193732,7.728885148443194,,,,,,,,,,,,,,,,,,,,,,,,,,,,,,,,,,
cell_embedding,A,chip94709.6.21.16.CCATACCGCCT,day_32,T84,ciliating.late,32.0,19061.0,0.758894076928469,1.0,-12.608374241509727,11.535817236462217,,,,,,,,,,,,,,,,,,,,,,,,,,,,,,,,,,
cell_embedding,A,chip94709.6.21.23.CCATAGCCTCA,day_32,T84,ciliating.late,32.0,9247.0,0.659450907976448,1.0,-17.437922402273756,6.217049444484613,,,,,,,,,,,,,,,,,,,,,,,,,,,,,,,,,,
cell_embedding,A,chip94709.6.22.12.CCAGCAGCTTG,day_32,T84,ciliating.late,32.0,2323.0,0.601110535514679,1.0,-15.76831364494461,-0.8633110980948987,,,,,,,,,,,,,,,,,,,,,,,,,,,,,,,,,,
cell_embedding,A,chip94709.6.22.18.CCAGCAGTCTT,day_32,T84,ciliating.late,32.0,7000.0,0.657120518523134,1.0,-18.05123149927345,5.978890356003616,,,,,,,,,,,,,,,,,,,,,,,,,,,,,,,,,,
cell_embedding,A,chip94709.6.22.37.CCATATTACTC,day_32,T84,ciliating.early,32.0,3199.0,0.550812826235132,1.0,-11.990966466248786,-0.0494761537525407,,,,,,,,,,,,,,,,,,,,,,,,,,,,,,,,,,
cell_embedding,A,chip94709.6.22.47.CCATATACGAC,day_32,T84,ciliating.late,32.0,12479.0,0.717817085453507,1.0,-14.971283849269492,10.138813821115011,,,,,,,,,,,,,,,,,,,,,,,,,,,,,,,,,,
cell_embedding,A,chip94709.6.23.13.CCATCTCGCTT,day_32,T84,ciliating.late,32.0,8098.0,0.665205745084068,1.0,-16.373309821297184,4.953958544011017,,,,,,,,,,,,,,,,,,,,,,,,,,,,,,,,,,
cell_embedding,A,chip94709.6.23.69.CCATCAATTAG,day_32,T84,ciliating.late,32.0,12811.0,0.691883372111792,1.0,-16.85454940504363,8.506742009456342,,,,,,,,,,,,,,,,,,,,,,,,,,,,,,,,,,
cell_embedding,A,chip94709.6.24.36.CCATGGACCGG,day_32,T84,ciliated,32.0,5891.0,0.662976013613575,1.0,-14.880245135871244,3.963294775828077,,,,,,,,,,,,,,,,,,,,,,,,,,,,,,,,,,
cell_embedding,A,chip94709.6.25.15.CCATTCCTTAC,day_32,T84,ciliating.late,32.0,2741.0,0.607589245927797,1.0,-15.849276310317384,-0.054793136111407,,,,,,,,,,,,,,,,,,,,,,,,,,,,,,,,,,
cell_embedding,A,chip94709.6.25.66.CCATTAACGTA,day_32,T84,ciliating.late,32.0,10566.0,0.697464108769988,1.0,-15.334724352670571,8.315273833790128,,,,,,,,,,,,,,,,,,,,,,,,,,,,,,,,,,
cell_embedding,A,chip94709.6.26.15.CCTCTAAGGAG,day_32,T84,ciliating.late,32.0,5805.0,0.648374603372077,1.0,-17.584273761494806,3.911422557325913,,,,,,,,,,,,,,,,,,,,,,,,,,,,,,,,,,
cell_embedding,A,chip94709.6.26.42.CCGAACGTCGT,day_32,T84,ciliating.late,32.0,8600.0,0.665935589197647,1.0,-16.13024881029698,5.415793076126522,,,,,,,,,,,,,,,,,,,,,,,,,,,,,,,,,,
cell_embedding,A,chip94709.6.26.46.CCATTGCATTG,day_32,T84,ciliating.late,32.0,9886.0,0.685389235467303,1.0,-14.050538901111953,7.995767711155497,,,,,,,,,,,,,,,,,,,,,,,,,,,,,,,,,,
cell_embedding,A,chip94709.6.54.12.GTTGAACCATT,day_32,T84,ciliating.late,32.0,10006.0,0.697445451177277,1.0,-14.271116595073105,8.217941176398067,,,,,,,,,,,,,,,,,,,,,,,,,,,,,,,,,,
cell_embedding,A,chip94709.6.54.39.GTTGGATGGTT,day_32,T84,ciliating.late,32.0,7032.0,0.686656327883456,1.0,-13.9224349516278,6.322395601661475,,,,,,,,,,,,,,,,,,,,,,,,,,,,,,,,,,
cell_embedding,A,chip94709.6.55.69.TAACCATCGAT,day_32,T84,ciliating.late,32.0,3249.0,0.627032732359137,1.0,-17.109147898968757,2.549249094239964,,,,,,,,,,,,,,,,,,,,,,,,,,,,,,,,,,
cell_embedding,A,chip94709.6.56.15.GTTGAGCGACC,day_32,T84,ciliating.late,32.0,9852.0,0.684993322793482,1.0,-16.648719788796548,7.101792809320474,,,,,,,,,,,,,,,,,,,,,,,,,,,,,,,,,,
cell_embedding,A,chip94709.6.56.46.TAAGTTGAACG,day_32,T84,ciliating.late,32.0,8643.0,0.665935589197647,1.0,-16.596814842674604,6.512109262706944,,,,,,,,,,,,,,,,,,,,,,,,,,,,,,,,,,
cell_embedding,A,chip94709.6.56.61.GTTGATGGAGC,day_32,T84,ciliating.late,32.0,7401.0,0.659450907976448,1.0,-15.546470820856545,5.099567398288729,,,,,,,,,,,,,,,,,,,,,,,,,,,,,,,,,,
cell_embedding,A,chip94709.6.56.64.GTTGAGACCGC,day_32,T84,ciliating.late,32.0,4967.0,0.639996755291748,1.0,-16.293322347335828,3.1814452261091355,,,,,,,,,,,,,,,,,,,,,,,,,,,,,,,,,,
cell_embedding,A,chip94709.6.57.18.TAGTAGGATTA,day_32,T84,ciliating.early,32.0,7571.0,0.750164227192649,1.0,-9.766985096492972,9.618515553640144,,,,,,,,,,,,,,,,,,,,,,,,,,,,,,,,,,
cell_embedding,A,chip94709.6.57.19.TAGTCGCATTG,day_32,T84,ciliating.late,32.0,9677.0,0.678904513310707,1.0,-16.349919679640237,6.673283243597389,,,,,,,,,,,,,,,,,,,,,,,,,,,,,,,,,,
cell_embedding,A,chip94709.6.57.22.TAGGTAGGATA,day_32,T84,ciliating.late,32.0,2583.0,0.604456001820236,1.0,-15.525930316492754,-0.1735541532785033,,,,,,,,,,,,,,,,,,,,,,,,,,,,,,,,,,
cell_embedding,A,chip94709.6.58.16.TCGAGCGCTTG,day_32,T84,ciliating.late,32.0,14332.0,0.721083972697842,1.0,-13.848718182621276,10.027390486086611,,,,,,,,,,,,,,,,,,,,,,,,,,,,,,,,,,
cell_embedding,A,chip94709.6.58.19.TCGCTAGTTAT,day_32,T84,ciliating.late,32.0,12975.0,0.698589487912513,1.0,-15.817225937168436,8.39304568911128,,,,,,,,,,,,,,,,,,,,,,,,,,,,,,,,,,
cell_embedding,A,chip94709.6.58.22.TCGAGCTCCAA,day_32,T84,ciliated,32.0,13235.0,0.810347683020346,1.0,-6.30894671424596,11.606682731459124,,,,,,,,,,,,,,,,,,,,,,,,,,,,,,,,,,
cell_embedding,A,chip94709.6.58.60.GTTGCTCCGAC,day_32,T84,ciliating.late,32.0,7894.0,0.666173738512679,1.0,-17.012886939575438,4.898187850607831,,,,,,,,,,,,,,,,,,,,,,,,,,,,,,,,,,
cell_embedding,A,chip94709.6.58.68.GTTGGAATACC,day_32,T84,ciliating.late,32.0,11459.0,0.691874275659708,1.0,-16.012759740540073,8.27866601525409,,,,,,,,,,,,,,,,,,,,,,,,,,,,,,,,,,
cell_embedding,A,chip94709.6.59.15.TTGCTATGCGA,day_32,T84,ciliating.late,32.0,8402.0,0.691874275659708,1.0,-15.177718447090616,7.911312965959937,,,,,,,,,,,,,,,,,,,,,,,,,,,,,,,,,,
cell_embedding,A,chip94709.6.60.45.TTGGAACGGTT,day_32,T84,ciliating.early,32.0,5154.0,0.650594092802727,1.0,-12.356995532191696,2.2903224010576353,,,,,,,,,,,,,,,,,,,,,,,,,,,,,,,,,,
cell_embedding,A,chip94709.6.61.38.TCGTTACGGAA,day_32,T84,ciliating.late,32.0,7525.0,0.68970753980487,1.0,-15.242865181144367,6.9129054861262045,,,,,,,,,,,,,,,,,,,,,,,,,,,,,,,,,,
cell_embedding,A,chip94709.6.62.12.TCTACGCGCGG,day_32,T84,ciliating.late,32.0,5016.0,0.658326199549317,1.0,-15.600750966643805,4.804828883085103,,,,,,,,,,,,,,,,,,,,,,,,,,,,,,,,,,
cell_embedding,A,chip94709.6.62.22.TCGTTGCCGGA,day_32,T84,ciliated,32.0,7511.0,0.774154115440893,1.0,-7.783332821342411,6.915358053622203,,,,,,,,,,,,,,,,,,,,,,,,,,,,,,,,,,
cell_embedding,A,chip94709.6.62.40.TTGGCATGCCT,day_32,T84,ciliating.late,32.0,17807.0,0.716404037655007,1.0,-14.68485752709665,10.22763059656387,,,,,,,,,,,,,,,,,,,,,,,,,,,,,,,,,,
cell_embedding,A,chip94638.1.0.10.AACCTTCGACT,day_2,T84,p.basal,2.0,4368.0,0.354139498992805,1.0,5.203576901404874,-0.6128661505978527,,,,,,,,,,,,,,,,,,,,,,,,,,,,,,,,,,
cell_embedding,A,chip94638.1.0.58.AACCTTAGTAG,day_2,T84,p.basal,2.0,5397.0,0.428322879624581,0.30307002322856,-2.438155258219451,3.655683580994077,,,,,,,,,,,,,,,,,,,,,,,,,,,,,,,,,,
cell_embedding,A,chip94638.1.1.11.AACGCGCAACG,day_2,T84,d.basal,2.0,4047.0,0.430936064453247,0.520761552285473,-1.8846643198028608,2.850849923540745,,,,,,,,,,,,,,,,,,,,,,,,,,,,,,,,,,
cell_embedding,A,chip94638.1.1.28.AACGAATCGAG,day_2,T84,d.basal,2.0,3620.0,0.216498936846648,0.898568766131667,5.179536361986314,-2.185974949302002,,,,,,,,,,,,,,,,,,,,,,,,,,,,,,,,,,
cell_embedding,A,chip94638.1.1.51.AACGCATGATG,day_2,T84,d.basal,2.0,3175.0,0.412687054114736,1.0,0.2766873249404449,-0.6301904488949626,,,,,,,,,,,,,,,,,,,,,,,,,,,,,,,,,,
cell_embedding,A,chip94638.1.2.31.AACGCTACCTA,day_2,T84,d.basal,2.0,7657.0,,0.0,4.773217888080758,5.995077723569921,,,,,,,,,,,,,,,,,,,,,,,,,,,,,,,,,,
cell_embedding,A,chip94638.1.3.26.AACGATCAGTT,day_2,T84,d.basal,2.0,8358.0,,0.0,5.56180045241433,7.1587958293864125,,,,,,,,,,,,,,,,,,,,,,,,,,,,,,,,,,
cell_embedding,A,chip94638.1.3.28.AACGAGATTAG,day_2,T84,d.basal,2.0,7196.0,0.287273274371754,1.0,9.706178331975904,3.5096790137576903,,,,,,,,,,,,,,,,,,,,,,,,,,,,,,,,,,
cell_embedding,A,chip94638.1.3.50.AACGGAGATAG,day_2,T84,p.basal,2.0,8137.0,0.275628608989948,1.0,9.032823404702564,3.4045277328145285,,,,,,,,,,,,,,,,,,,,,,,,,,,,,,,,,,
cell_embedding,A,chip94638.1.3.51.AACGCTCCGGA,day_2,T84,p.basal,2.0,14677.0,0.988611369000175,1.0,9.141078256050871,9.80786569127139,,,,,,,,,,,,,,,,,,,,,,,,,,,,,,,,,,
cell_embedding,A,chip94638.1.36.33.GAACCGTTACC,day_2,T84,p.basal,2.0,5919.0,0.29321911355926,1.0,7.252209499876305,1.840161625649743,,,,,,,,,,,,,,,,,,,,,,,,,,,,,,,,,,
cell_embedding,A,chip94638.1.36.35.GAACCTCTATG,day_2,T84,p.basal,2.0,3306.0,0.453000500993591,0.664104923950028,-3.6186781555376695,-2.332797465774448,,,,,,,,,,,,,,,,,,,,,,,,,,,,,,,,,,
cell_embedding,A,chip94638.1.37.57.GAACCTATGCG,day_2,T84,d.basal,2.0,8425.0,,0.0,7.723939170379858,6.396572975917068,,,,,,,,,,,,,,,,,,,,,,,,,,,,,,,,,,
cell_embedding,A,chip94638.1.37.8.GCCTTGATCGC,day_2,T84,p.basal,2.0,3298.0,0.414793004638545,0.954628234934686,-0.0841381523364144,-1.0986093005275144,,,,,,,,,,,,,,,,,,,,,,,,,,,,,,,,,,
cell_embedding,A,chip94638.1.38.1.GCAATCTCTCT,day_2,T84,d.basal,2.0,3372.0,0.379844644152138,1.0,3.1273670835591556,-0.3461772762070298,,,,,,,,,,,,,,,,,,,,,,,,,,,,,,,,,,
cell_embedding,A,chip94638.1.38.57.GATTCTAGGTT,day_2,T84,p.basal,2.0,6328.0,0.325667436934398,1.0,5.940568110620611,1.78099376819623,,,,,,,,,,,,,,,,,,,,,,,,,,,,,,,,,,
cell_embedding,A,chip94638.1.38.7.GCAATTCAGGT,day_2,T84,d.basal,2.0,8888.0,,0.0,10.282768379600576,6.625398384691334,,,,,,,,,,,,,,,,,,,,,,,,,,,,,,,,,,
cell_embedding,A,chip94638.1.39.2.GCGGCTTATGC,day_2,T84,d.basal,2.0,3479.0,,0.0,2.259202028503832,-2.8842586858952433,,,,,,,,,,,,,,,,,,,,,,,,,,,,,,,,,,
cell_embedding,A,chip94638.1.39.30.GCAATCCAAGA,day_2,T84,d.basal,2.0,3937.0,0.408825480686426,0.67767030065075,-0.2610287995455694,0.1769354131868763,,,,,,,,,,,,,,,,,,,,,,,,,,,,,,,,,,
cell_embedding,A,chip94638.1.39.54.GCGCTGATTCA,day_2,T84,p.basal,2.0,6175.0,0.422190884754042,0.241152858045347,-2.1520464650220843,2.7411620465072857,,,,,,,,,,,,,,,,,,,,,,,,,,,,,,,,,,
cell_embedding,A,chip94638.1.40.28.GCGGTATAAGC,day_2,T84,p.basal,2.0,3576.0,0.456692882035768,0.519630852016844,-5.500582403273107,0.1965424665072472,,,,,,,,,,,,,,,,,,,,,,,,,,,,,,,,,,
cell_embedding,A,chip94638.1.42.10.GGCTTAGTATC,day_2,T84,d.basal,2.0,5496.0,0.345895690172958,0.981360991161335,5.113433419906788,1.4038695104850327,,,,,,,,,,,,,,,,,,,,,,,,,,,,,,,,,,
cell_embedding,A,chip94638.1.42.1.GGTAACTGGTT,day_2,T84,d.basal,2.0,12105.0,,0.0,4.942653946581155,9.87678554555468,,,,,,,,,,,,,,,,,,,,,,,,,,,,,,,,,,
cell_embedding,A,chip94638.1.42.24.GCTAATAGCCT,day_2,T84,basal.confluent,2.0,4165.0,0.391731266163144,0.633151454230443,2.231099428116662,-0.1988901232903121,,,,,,,,,,,,,,,,,,,,,,,,,,,,,,,,,,
cell_embedding,A,chip94638.1.42.4.GGCTGGTTATG,day_2,T84,d.basal,2.0,4511.0,0.405613505524456,1.0,-0.38256933077357,1.1542516402080092,,,,,,,,,,,,,,,,,,,,,,,,,,,,,,,,,,
cell_embedding,A,chip94638.1.42.8.GGTAAGAGATT,day_2,T84,p.basal,2.0,3936.0,0.421997459720899,0.685271906219595,-1.1825846277647756,-0.3162290576669776,,,,,,,,,,,,,,,,,,,,,,,,,,,,,,,,,,
cell_embedding,A,chip94638.1.43.1.GGTCCTAGTCA,day_2,T84,d.basal,2.0,4387.0,0.345259837081699,1.0,5.5006063155873175,-0.8359747723022748,,,,,,,,,,,,,,,,,,,,,,,,,,,,,,,,,,
cell_embedding,A,chip94638.1.43.25.GGTAAGCGTAA,day_2,T84,p.basal,2.0,3516.0,0.176808561477712,1.0,7.63725308683355,-3.946691775927915,,,,,,,,,,,,,,,,,,,,,,,,,,,,,,,,,,
cell_embedding,A,chip94638.1.43.2.GGTCCTGGAAT,day_2,T84,d.basal,2.0,3738.0,0.361823671953975,1.0,5.296189604576114,-0.6900872945575814,,,,,,,,,,,,,,,,,,,,,,,,,,,,,,,,,,
cell_embedding,A,chip94638.1.43.57.GGTCAACCATG,day_2,T84,d.basal,2.0,5309.0,0.333886496372515,1.0,5.72334100581657,3.777725121220429,,,,,,,,,,,,,,,,,,,,,,,,,,,,,,,,,,
cell_embedding,A,chip94638.1.43.8.GGTCCTCCAAC,day_2,T84,d.basal,2.0,3879.0,0.436152215610273,0.595358433938849,-2.160121863821418,0.0402916351534489,,,,,,,,,,,,,,,,,,,,,,,,,,,,,,,,,,
cell_embedding,A,chip94638.1.44.29.GGTCGCATACT,day_2,T84,d.basal,2.0,5630.0,0.381260274867654,0.554415130644528,1.4373094571434883,3.8440801248897225,,,,,,,,,,,,,,,,,,,,,,,,,,,,,,,,,,
cell_embedding,A,chip94638.1.44.32.GGTCGGATATC,day_2,T84,basal.confluent,2.0,5953.0,0.329541066470182,0.977678228300533,5.893993597559707,-0.4002385179371673,,,,,,,,,,,,,,,,,,,,,,,,,,,,,,,,,,
cell_embedding,A,chip94638.1.44.3.GGTAATTGATC,day_2,T84,d.basal,2.0,6424.0,0.364523572218139,0.781374548206412,2.1184942875769535,5.989643742645977,,,,,,,,,,,,,,,,,,,,,,,,,,,,,,,,,,
cell_embedding,A,chip94638.1.44.48.GGTACCGTCCG,day_2,T84,d.basal,2.0,8238.0,0.303135704214186,1.0,9.857287088638213,4.845260633675823,,,,,,,,,,,,,,,,,,,,,,,,,,,,,,,,,,
cell_embedding,A,chip94638.1.5.11.AAGAATTAGGT,day_2,T84,d.basal,2.0,4333.0,0.285659106365008,1.0,6.577964805596913,0.6650814187209436,,,,,,,,,,,,,,,,,,,,,,,,,,,,,,,,,,
cell_embedding,A,chip94638.1.5.48.AACGGCTCGGT,day_2,T84,d.basal,2.0,15499.0,,0.0,7.131164678000042,11.699730882310252,,,,,,,,,,,,,,,,,,,,,,,,,,,,,,,,,,
cell_embedding,A,chip94638.1.5.58.AACGGCCATGA,day_2,T84,d.basal,2.0,7806.0,,0.0,5.760080563865832,6.514387129720961,,,,,,,,,,,,,,,,,,,,,,,,,,,,,,,,,,
cell_embedding,A,chip94638.1.6.3.AACTTCTTAAT,day_2,T84,d.basal,2.0,3833.0,0.456380391906825,0.875235341120762,-3.977834044632688,-0.7031784852774319,,,,,,,,,,,,,,,,,,,,,,,,,,,,,,,,,,
cell_embedding,A,chip94638.1.6.50.AACTTCGACCA,day_2,T84,p.basal,2.0,6983.0,0.274354989578792,1.0,10.519565662330905,1.9066851809898624,,,,,,,,,,,,,,,,,,,,,,,,,,,,,,,,,,
cell_embedding,A,chip94638.1.6.53.AACTTATACGG,day_2,T84,d.basal,2.0,3336.0,0.348429808834089,0.866002442852256,5.244546836265231,-3.615207750336463,,,,,,,,,,,,,,,,,,,,,,,,,,,,,,,,,,
cell_embedding,A,chip94638.1.6.54.AACTTATGATA,day_2,T84,d.basal,2.0,4006.0,0.339313639239944,1.0,5.417375034208792,-1.0570413278390096,,,,,,,,,,,,,,,,,,,,,,,,,,,,,,,,,,
cell_embedding,A,chip94638.1.7.1.AAGACGCGCTA,day_2,T84,d.basal,2.0,10762.0,,0.0,7.162574925146613,10.250120283628515,,,,,,,,,,,,,,,,,,,,,,,,,,,,,,,,,,
cell_embedding,A,chip94638.1.7.28.AACTTGAGCAG,day_2,T84,d.basal,2.0,4561.0,,0.0,6.4336429462737055,-0.900685627758726,,,,,,,,,,,,,,,,,,,,,,,,,,,,,,,,,,
cell_embedding,A,chip94638.1.7.32.AAGAACGAAGT,day_2,T84,d.basal,2.0,2378.0,,0.0,2.8246834907136096,-6.038745214517443,,,,,,,,,,,,,,,,,,,,,,,,,,,,,,,,,,
cell_embedding,A,chip94638.1.7.54.AAGACGACGTA,day_2,T84,d.basal,2.0,6363.0,,0.0,-3.3812169051579937,3.814060872359701,,,,,,,,,,,,,,,,,,,,,,,,,,,,,,,,,,
cell_embedding,A,chip94638.1.7.59.AAGACGAACTT,day_2,T84,d.basal,2.0,3631.0,0.333385717406562,0.94767980423479,5.385741689312592,-1.610073461475468,,,,,,,,,,,,,,,,,,,,,,,,,,,,,,,,,,
cell_embedding,A,chip94638.1.7.5.AAGACGACTCT,day_2,T84,d.basal,2.0,6483.0,0.301829061610547,1.0,8.728328082328584,4.119821936130198,,,,,,,,,,,,,,,,,,,,,,,,,,,,,,,,,,
cell_embedding,A,chip94638.1.7.7.AAGACGCTCCG,day_2,T84,d.basal,2.0,6233.0,0.297291011939635,1.0,8.763770385008554,1.96774304002403,,,,,,,,,,,,,,,,,,,,,,,,,,,,,,,,,,
cell_embedding,A,chip94638.1.8.11.AAGAAGAACCG,day_2,T84,p.basal,2.0,7091.0,0.245842255409938,1.0,11.832874803758129,-0.0966685541563802,,,,,,,,,,,,,,,,,,,,,,,,,,,,,,,,,,
cell_embedding,A,chip94638.1.8.30.AAGACTCAGGA,day_2,T84,d.basal,2.0,5137.0,0.297514644371015,1.0,7.006274413508968,1.8929336549664308,,,,,,,,,,,,,,,,,,,,,,,,,,,,,,,,,,
cell_embedding,A,chip94638.1.8.48.AAGAACTCTCC,day_2,T84,basal.confluent,2.0,3326.0,,0.0,-1.4024458240580788,-5.658079914325559,,,,,,,,,,,,,,,,,,,,,,,,,,,,,,,,,,
cell_embedding,A,chip94638.2.0.36.AACCGCCTAAC,day_4,T84,d.basal,4.0,10401.0,,0.0,6.05838557963749,8.690532225369989,,,,,,,,,,,,,,,,,,,,,,,,,,,,,,,,,,
cell_embedding,A,chip94638.2.0.42.AACCGCCTCGG,day_4,T84,d.basal,4.0,2445.0,,0.0,-1.2817402672631837,-3.498714753470897,,,,,,,,,,,,,,,,,,,,,,,,,,,,,,,,,,
cell_embedding,A,chip94638.2.1.37.AACCAGCAGGA,day_4,T84,p.basal,4.0,2320.0,,0.0,0.3541271681405936,-6.343024834723929,,,,,,,,,,,,,,,,,,,,,,,,,,,,,,,,,,
cell_embedding,A,chip94638.2.1.47.AACCAGACTTA,day_4,T84,d.basal,4.0,1966.0,,0.0,-2.493774461642535,-8.167279084637656,,,,,,,,,,,,,,,,,,,,,,,,,,,,,,,,,,
cell_embedding,A,chip94638.2.1.60.AACCGCGAGGT,day_4,T84,p.basal,4.0,10545.0,0.330295495757243,0.2199629711358,7.039998365650752,7.866990042126744,,,,,,,,,,,,,,,,,,,,,,,,,,,,,,,,,,
cell_embedding,A,chip94638.2.2.47.AACCGTAATCG,day_4,T84,d.basal,4.0,3482.0,0.37444828569794,1.0,2.9005439761466376,-0.644226322966999,,,,,,,,,,,,,,,,,,,,,,,,,,,,,,,,,,
cell_embedding,A,chip94638.2.36.14.CTCCTCTACCG,day_4,T84,d.basal,4.0,4327.0,0.398808546190357,1.0,-0.0314688173375573,3.2233138664881897,,,,,,,,,,,,,,,,,,,,,,,,,,,,,,,,,,
cell_embedding,A,chip94638.2.37.18.GAAGCGATAGT,day_4,T84,p.basal,4.0,1487.0,,0.0,-1.923537882676146,-9.616330424131812,,,,,,,,,,,,,,,,,,,,,,,,,,,,,,,,,,
cell_embedding,A,chip94638.2.38.18.GAACTACGTAT,day_4,T84,d.basal,4.0,4177.0,0.404341912912851,0.722772936675268,0.1070159468063508,1.9883565289365897,,,,,,,,,,,,,,,,,,,,,,,,,,,,,,,,,,
cell_embedding,A,chip94638.2.38.45.GAAGCATGACC,day_4,T84,ciliating.early,4.0,1436.0,0.532195192178588,1.0,-8.645101129098801,-2.705089740043411,,,,,,,,,,,,,,,,,,,,,,,,,,,,,,,,,,
cell_embedding,A,chip94638.2.38.64.GAACGCAAGAC,day_4,T84,d.basal,4.0,4553.0,0.342163894188365,1.0,4.179832557864759,1.3090463867526807,,,,,,,,,,,,,,,,,,,,,,,,,,,,,,,,,,
cell_embedding,A,chip94638.2.39.42.GAACTAGCCAA,day_4,T84,d.basal,4.0,3742.0,0.412299728944491,1.0,-0.496922086512816,-0.6788335220556013,,,,,,,,,,,,,,,,,,,,,,,,,,,,,,,,,,
cell_embedding,A,chip94638.2.39.45.GAACGTCCTTC,day_4,T84,p.basal,4.0,3462.0,0.388600061349149,1.0,2.753330397870211,-1.891491724615077,,,,,,,,,,,,,,,,,,,,,,,,,,,,,,,,,,
cell_embedding,A,chip94638.2.39.66.GACTCGCTCAT,day_4,T84,d.basal,4.0,7249.0,0.282574675774759,1.0,9.569646329835468,3.674213008575321,,,,,,,,,,,,,,,,,,,,,,,,,,,,,,,,,,
cell_embedding,A,chip94638.2.40.13.GAAGACGAGTT,day_4,T84,d.basal,4.0,8287.0,,0.0,2.722210675451603,6.918901338057475,,,,,,,,,,,,,,,,,,,,,,,,,,,,,,,,,,
cell_embedding,A,chip94638.2.40.67.GAAGAATCGAC,day_4,T84,d.basal,4.0,3772.0,0.208843350124734,0.923649442226371,5.514737820839306,-3.805309044283866,,,,,,,,,,,,,,,,,,,,,,,,,,,,,,,,,,
cell_embedding,A,chip94638.2.41.62.GAGTTCTAGGA,day_4,T84,d.basal,4.0,10563.0,,0.0,8.552929080250966,7.675464419854921,,,,,,,,,,,,,,,,,,,,,,,,,,,,,,,,,,
cell_embedding,A,chip94638.2.43.15.GGACCGATACT,day_4,T84,p.basal,4.0,3149.0,0.461727243399709,1.0,-4.063536357161698,-1.4638986545478323,,,,,,,,,,,,,,,,,,,,,,,,,,,,,,,,,,
cell_embedding,A,chip94638.2.43.36.GCTCGGTTCCA,day_4,T84,d.basal,4.0,3526.0,0.407087963281682,1.0,-0.2971538228902644,-1.1814268783507462,,,,,,,,,,,,,,,,,,,,,,,,,,,,,,,,,,
cell_embedding,A,chip94638.2.43.41.GCTCGGCCGAA,day_4,T84,p.basal,4.0,5252.0,0.363457848037822,1.0,3.4702050480786237,4.000004649433168,,,,,,,,,,,,,,,,,,,,,,,,,,,,,,,,,,
cell_embedding,A,chip94638.2.43.61.GGAGGTAGATT,day_4,T84,d.basal,4.0,2542.0,0.433974163149047,0.937059001226,-1.1911631069741857,-2.17870589128995,,,,,,,,,,,,,,,,,,,,,,,,,,,,,,,,,,
cell_embedding,A,chip94638.2.43.64.GGAACCAGTAC,day_4,T84,p.basal,4.0,7102.0,0.305608664517225,0.96160210764172,7.4819871745137405,3.800705259425334,,,,,,,,,,,,,,,,,,,,,,,,,,,,,,,,,,
cell_embedding,A,chip94638.2.43.67.GGAGGTCTTGC,day_4,T84,p.basal,4.0,4949.0,0.390010590790503,0.896212578921297,0.1196572546235724,2.7521652323842973,,,,,,,,,,,,,,,,,,,,,,,,,,,,,,,,,,
cell_embedding,A,chip94638.2.44.22.GCTGATCTCGC,day_4,T84,p.basal,4.0,11690.0,0.949084913481912,0.438636180842322,4.8570596475214485,10.743480687960629,,,,,,,,,,,,,,,,,,,,,,,,,,,,,,,,,,
cell_embedding,A,chip94638.2.44.23.GCTGCATGGTC,day_4,T84,ciliating.early,4.0,8284.0,0.838426421906945,1.0,-3.5986572743774485,9.674872232804908,,,,,,,,,,,,,,,,,,,,,,,,,,,,,,,,,,
cell_embedding,A,chip94638.2.4.43.AACCTGCCAGA,day_4,T84,p.basal,4.0,9634.0,0.343936694384632,0.121486036050218,4.888602992066987,8.65589672308991,,,,,,,,,,,,,,,,,,,,,,,,,,,,,,,,,,
cell_embedding,A,chip94638.2.44.61.GCTGCGTACGA,day_4,T84,d.basal,4.0,5309.0,,0.0,2.002270832168661,2.1281696338897365,,,,,,,,,,,,,,,,,,,,,,,,,,,,,,,,,,
cell_embedding,A,chip94638.2.44.64.GCTGAAGGATA,day_4,T84,p.basal,4.0,2416.0,0.460657275445172,0.717493241774994,-3.158103336655744,-3.4856249968261195,,,,,,,,,,,,,,,,,,,,,,,,,,,,,,,,,,
cell_embedding,A,chip94638.2.4.66.AACCGACTTCA,day_4,T84,p.basal,4.0,7262.0,0.419174463676815,0.206325678967284,-3.699839347823615,4.290631766070849,,,,,,,,,,,,,,,,,,,,,,,,,,,,,,,,,,
cell_embedding,A,chip94638.2.5.65.AACCTCTGAGC,day_4,T84,d.basal,4.0,3180.0,0.427286589258355,1.0,-0.4934560144012127,-3.337024000844563,,,,,,,,,,,,,,,,,,,,,,,,,,,,,,,,,,
cell_embedding,A,chip94638.2.6.42.AACTCATAGGA,day_4,T84,p.basal,4.0,9024.0,0.309928315424775,0.627438829535938,6.557966063490971,5.744349993248451,,,,,,,,,,,,,,,,,,,,,,,,,,,,,,,,,,
cell_embedding,A,chip94638.2.6.64.AACGTAATGAT,day_4,T84,d.basal,4.0,2272.0,,0.0,0.4864164195007433,-7.223277441433921,,,,,,,,,,,,,,,,,,,,,,,,,,,,,,,,,,
cell_embedding,A,chip94638.2.7.12.AACTCGCAGAA,day_4,T84,p.basal,4.0,2238.0,0.477915329138397,0.393186290743611,-4.656645205121634,-6.482876358090602,,,,,,,,,,,,,,,,,,,,,,,,,,,,,,,,,,
cell_embedding,A,chip94638.2.7.44.AACTAATAGCT,day_4,T84,d.basal,4.0,8801.0,,0.0,-0.7375220216696718,5.081265556414333,,,,,,,,,,,,,,,,,,,,,,,,,,,,,,,,,,
cell_embedding,A,chip94638.2.7.61.AACTCGCCGCT,day_4,T84,p.basal,4.0,4294.0,0.398081198910564,1.0,1.119083552676303,1.7043396586204258,,,,,,,,,,,,,,,,,,,,,,,,,,,,,,,,,,
cell_embedding,A,chip94638.2.7.71.AACTCCTGGCC,day_4,T84,d.basal,4.0,10614.0,,0.0,2.802411656695957,8.856327871279346,,,,,,,,,,,,,,,,,,,,,,,,,,,,,,,,,,
cell_embedding,A,chip94638.3.10.28.AAGAGAATCCT,day_5,T84,p.basal,5.0,6851.0,0.31671206413748,1.0,6.965999906256905,5.717328956293342,,,,,,,,,,,,,,,,,,,,,,,,,,,,,,,,,,
cell_embedding,A,chip94638.3.10.29.AAGAGACGGAA,day_5,T84,ciliating.early,5.0,5676.0,0.487523058474686,1.0,-7.969926959166078,3.690314656893878,,,,,,,,,,,,,,,,,,,,,,,,,,,,,,,,,,
cell_embedding,A,chip94638.3.10.32.AAGAGATAAGT,day_5,T84,p.basal,5.0,7990.0,0.328688384662354,0.659752923346689,5.826886673116555,5.212921015181868,,,,,,,,,,,,,,,,,,,,,,,,,,,,,,,,,,
cell_embedding,A,chip94638.3.10.52.AAGAAGCTTAA,day_5,T84,p.basal,5.0,3072.0,0.462677417517539,0.945002994685385,-3.692036960154466,-2.349538570276844,,,,,,,,,,,,,,,,,,,,,,,,,,,,,,,,,,
cell_embedding,A,chip94638.3.11.10.AGAAGCAGGAG,day_5,T84,p.basal,5.0,11387.0,0.958840926818463,0.277600647396617,6.687923462314732,8.149633687800236,,,,,,,,,,,,,,,,,,,,,,,,,,,,,,,,,,
cell_embedding,A,chip94638.3.11.27.ACTTATAGTCG,day_5,T84,d.basal,5.0,3541.0,0.194181135275689,1.0,5.751854420746603,-4.3226001770550075,,,,,,,,,,,,,,,,,,,,,,,,,,,,,,,,,,
cell_embedding,A,chip94638.3.11.54.AGAAGCCGGCC,day_5,T84,d.basal,5.0,4671.0,0.304643030161612,1.0,6.511148082307172,0.3124476934809414,,,,,,,,,,,,,,,,,,,,,,,,,,,,,,,,,,
cell_embedding,A,chip94638.3.11.9.AGAAGATTCTG,day_5,T84,p.basal,5.0,3662.0,0.37658707351938,1.0,2.209822910848642,-0.6376124426168718,,,,,,,,,,,,,,,,,,,,,,,,,,,,,,,,,,
cell_embedding,A,chip94638.3.13.56.AGAATAGGATT,day_5,T84,d.basal,5.0,5255.0,0.283910747024206,1.0,7.555935694878527,2.209755035161113,,,,,,,,,,,,,,,,,,,,,,,,,,,,,,,,,,
cell_embedding,A,chip94638.3.14.25.AGAGAACCAAC,day_5,T84,d.basal,5.0,2317.0,,0.0,-2.8087401085288803,-4.183749447256162,,,,,,,,,,,,,,,,,,,,,,,,,,,,,,,,,,
cell_embedding,A,chip94638.3.14.52.AGAACGTACGA,day_5,T84,p.basal,5.0,4287.0,0.332919373257353,0.876558847317719,5.123154692022541,-2.6534467108945092,,,,,,,,,,,,,,,,,,,,,,,,,,,,,,,,,,
cell_embedding,A,chip94638.3.14.57.AGAACGGCTAT,day_5,T84,p.basal,5.0,4002.0,0.388039672012776,1.0,1.783583008487211,1.160505066860292,,,,,,,,,,,,,,,,,,,,,,,,,,,,,,,,,,
cell_embedding,A,chip94638.3.15.30.AGAAGACGGTT,day_5,T84,p.basal,5.0,2425.0,,0.0,1.9572888326640856,-7.030273887843046,,,,,,,,,,,,,,,,,,,,,,,,,,,,,,,,,,
cell_embedding,A,chip94638.3.15.4.AGCGTTCTCGA,day_5,T84,d.basal,5.0,2609.0,0.447884879611858,1.0,-2.1722224003102313,-2.9787433299058987,,,,,,,,,,,,,,,,,,,,,,,,,,,,,,,,,,
cell_embedding,A,chip94638.3.16.24.CCAACGGAATA,day_5,T84,p.basal,5.0,8407.0,0.315701877655475,0.68551929931227,6.915210375474707,5.3460087318190315,,,,,,,,,,,,,,,,,,,,,,,,,,,,,,,,,,
cell_embedding,A,chip94638.3.16.30.CCAACGGCAAT,day_5,T84,d.basal,5.0,7002.0,,0.0,2.822728973109851,6.48587163149881,,,,,,,,,,,,,,,,,,,,,,,,,,,,,,,,,,
cell_embedding,A,chip94638.3.16.35.CCAACGCTGCC,day_5,T84,p.basal,5.0,5083.0,0.425575794332895,0.927631771892254,-2.5517675096691863,5.267350724104018,,,,,,,,,,,,,,,,,,,,,,,,,,,,,,,,,,
cell_embedding,A,chip94638.3.16.57.CAACCGATCAA,day_5,T84,d.basal,5.0,5363.0,0.29545237389698,1.0,7.3476577726584384,-0.6991195893653241,,,,,,,,,,,,,,,,,,,,,,,,,,,,,,,,,,
cell_embedding,A,chip94638.3.17.53.CCAACGGTTCG,day_5,T84,d.basal,5.0,11740.0,,0.0,6.71807115661507,8.458420208580629,,,,,,,,,,,,,,,,,,,,,,,,,,,,,,,,,,
cell_embedding,A,chip94638.3.17.6.CCAAGACGCAT,day_5,T84,d.basal,5.0,13505.0,,0.0,5.8101508917402525,10.97427542634968,,,,,,,,,,,,,,,,,,,,,,,,,,,,,,,,,,
cell_embedding,A,chip94638.3.45.31.GGTAGTACCAT,day_5,T84,d.basal,5.0,3666.0,,0.0,3.310024368564391,-1.4507922223559613,,,,,,,,,,,,,,,,,,,,,,,,,,,,,,,,,,
cell_embedding,A,chip94638.3.45.55.GGTCGGTTGCC,day_5,T84,d.basal,5.0,8199.0,0.316458537224689,0.735162759998024,7.518927899005063,5.478426146861242,,,,,,,,,,,,,,,,,,,,,,,,,,,,,,,,,,
cell_embedding,A,chip94638.3.45.57.GGTCGATACTC,day_5,T84,d.basal,5.0,5139.0,,0.0,-1.1221119492330658,2.41837342419893,,,,,,,,,,,,,,,,,,,,,,,,,,,,,,,,,,
cell_embedding,A,chip94638.3.45.6.GGTCTCAAGGT,day_5,T84,d.basal,5.0,7414.0,,0.0,3.630701608175876,4.916169454692454,,,,,,,,,,,,,,,,,,,,,,,,,,,,,,,,,,
cell_embedding,A,chip94638.3.46.27.GGTCTAACTTA,day_5,T84,d.basal,5.0,2580.0,,0.0,2.4656190148465047,-5.816071277439133,,,,,,,,,,,,,,,,,,,,,,,,,,,,,,,,,,
cell_embedding,A,chip94638.3.46.30.GGTCTCGATCG,day_5,T84,p.basal,5.0,3892.0,0.435992012782645,1.0,-2.1192507164499137,0.3239423029150809,,,,,,,,,,,,,,,,,,,,,,,,,,,,,,,,,,
cell_embedding,A,chip94638.3.46.54.GGTAGGCCTAT,day_5,T84,p.basal,5.0,6376.0,0.350785213131992,0.716435294226351,3.881805611144256,4.761534845471444,,,,,,,,,,,,,,,,,,,,,,,,,,,,,,,,,,
cell_embedding,A,chip94638.3.47.11.GGTTAATGATT,day_5,T84,d.basal,5.0,9116.0,,0.0,4.873507662266337,6.881914530914983,,,,,,,,,,,,,,,,,,,,,,,,,,,,,,,,,,
cell_embedding,A,chip94638.3.48.1.GTCGTCATGCC,day_5,T84,p.basal,5.0,8681.0,,0.0,1.231295941617229,9.68638729787073,,,,,,,,,,,,,,,,,,,,,,,,,,,,,,,,,,
cell_embedding,A,chip94638.3.48.8.GTCGTCGCTCG,day_5,T84,p.basal,5.0,13606.0,0.9639052600537,1.0,5.517391251108741,11.69519793896042,,,,,,,,,,,,,,,,,,,,,,,,,,,,,,,,,,
cell_embedding,A,chip94638.3.49.11.GTTATGCGGCA,day_5,T84,p.basal,5.0,5736.0,0.37136029731918,1.0,2.075806637283493,5.660902335592678,,,,,,,,,,,,,,,,,,,,,,,,,,,,,,,,,,
cell_embedding,A,chip94638.3.49.4.GTTATCGAGAT,day_5,T84,p.basal,5.0,15668.0,0.971595948673621,1.0,7.0316105108052085,10.34412874243086,,,,,,,,,,,,,,,,,,,,,,,,,,,,,,,,,,
cell_embedding,A,chip94638.3.51.27.GTCTGGCTTAG,day_5,T84,d.basal,5.0,5491.0,,0.0,0.9715984181952868,2.4185342527605767,,,,,,,,,,,,,,,,,,,,,,,,,,,,,,,,,,
cell_embedding,A,chip94638.3.51.30.GTCTTGACGCT,day_5,T84,ciliating.late,5.0,9628.0,0.732089526158076,1.0,-11.086382331063064,10.386426408356554,,,,,,,,,,,,,,,,,,,,,,,,,,,,,,,,,,
cell_embedding,A,chip94638.3.51.9.GTTCAGGCCGT,day_5,T84,d.basal,5.0,8754.0,,0.0,6.577472122113967,9.068278660187405,,,,,,,,,,,,,,,,,,,,,,,,,,,,,,,,,,
cell_embedding,A,chip94638.3.52.4.GTTAATTACTC,day_5,T84,p.basal,5.0,12922.0,0.957748547216094,1.0,5.938626007967582,11.544096530029504,,,,,,,,,,,,,,,,,,,,,,,,,,,,,,,,,,
cell_embedding,A,chip94638.3.52.5.GTTACGGCTAC,day_5,T84,ciliating.early,5.0,18066.0,0.884239790525759,1.0,-2.179944894042434,13.90148435132966,,,,,,,,,,,,,,,,,,,,,,,,,,,,,,,,,,
cell_embedding,A,chip94638.3.52.9.GTTAATCATCC,day_5,T84,d.basal,5.0,3545.0,0.384448416447178,1.0,2.0768531927448697,-0.3571859166462184,,,,,,,,,,,,,,,,,,,,,,,,,,,,,,,,,,
cell_embedding,A,chip94638.3.53.48.GTTCGCCTATC,day_5,T84,d.basal,5.0,8083.0,,0.0,3.743434341274152,6.410703896808201,,,,,,,,,,,,,,,,,,,,,,,,,,,,,,,,,,
cell_embedding,A,chip94638.3.53.4.TCAGCTACCAT,day_5,T84,d.basal,5.0,2657.0,0.443674501710672,1.0,-1.4944495858779068,-3.585091987154867,,,,,,,,,,,,,,,,,,,,,,,,,,,,,,,,,,
cell_embedding,A,chip94638.3.53.50.GTTCGGTACCG,day_5,T84,p.basal,5.0,1754.0,,0.0,-1.2303753610004535,-7.104185856918123,,,,,,,,,,,,,,,,,,,,,,,,,,,,,,,,,,
cell_embedding,A,chip94638.3.9.29.AAGAAGGCATT,day_5,T84,d.basal,5.0,6248.0,0.34129783185156,1.0,4.438199050654393,3.475769561277601,,,,,,,,,,,,,,,,,,,,,,,,,,,,,,,,,,
cell_embedding,A,chip94638.3.9.35.AAGAAGGCTGA,day_5,T84,d.basal,5.0,4024.0,0.393563515566284,1.0,1.1208190769311963,0.2647641038081916,,,,,,,,,,,,,,,,,,,,,,,,,,,,,,,,,,
cell_embedding,A,chip94638.3.9.52.AAGACTACGAG,day_5,T84,d.basal,5.0,3944.0,0.419484770665757,1.0,-1.0504681405554828,1.4500415934612425,,,,,,,,,,,,,,,,,,,,,,,,,,,,,,,,,,
cell_embedding,A,chip94638.4.11.60.ACCAGACGCGT,day_7,T84,d.basal,7.0,3419.0,0.436485871166144,0.848645657900647,-2.4257022686928633,-1.1227677767076587,,,,,,,,,,,,,,,,,,,,,,,,,,,,,,,,,,
cell_embedding,A,chip94638.4.11.69.ACCAATAGCAA,day_7,T84,d.basal,7.0,7898.0,,0.0,-0.4577091593355961,7.414440840899101,,,,,,,,,,,,,,,,,,,,,,,,,,,,,,,,,,
cell_embedding,A,chip94638.4.12.20.AATAACCAATT,day_7,T84,ciliating.late,7.0,5844.0,0.699683148866327,1.0,-12.92135381021049,8.31521357973409,,,,,,,,,,,,,,,,,,,,,,,,,,,,,,,,,,
cell_embedding,A,chip94638.4.12.23.AAGCAACGAGT,day_7,T84,d.basal,7.0,7397.0,,0.0,1.8669611336428455,6.818001356302152,,,,,,,,,,,,,,,,,,,,,,,,,,,,,,,,,,
cell_embedding,A,chip94638.4.12.60.AAGATAAGATG,day_7,T84,d.basal,7.0,6049.0,,0.0,0.2731461494778428,6.804190510931988,,,,,,,,,,,,,,,,,,,,,,,,,,,,,,,,,,
cell_embedding,A,chip94638.4.13.12.ACGAATTGATA,day_7,T84,p.basal,7.0,5713.0,0.367721616020607,0.726637729866721,1.908771388754349,4.408648927800647,,,,,,,,,,,,,,,,,,,,,,,,,,,,,,,,,,
cell_embedding,A,chip94638.4.13.70.ACCGAAGGCAG,day_7,T84,d.basal,7.0,3365.0,,0.0,-1.9393457118141315,0.3394887416514338,,,,,,,,,,,,,,,,,,,,,,,,,,,,,,,,,,
cell_embedding,A,chip94638.4.14.17.ACCAACTGGAC,day_7,T84,d.basal,7.0,3658.0,0.419815245909895,1.0,-2.5456935315387845,3.273954458817137,,,,,,,,,,,,,,,,,,,,,,,,,,,,,,,,,,
cell_embedding,A,chip94638.4.14.22.ACCAACTACCG,day_7,T84,ciliating.late,7.0,8483.0,0.731821530434946,1.0,-11.2096853407466,10.244172394344735,,,,,,,,,,,,,,,,,,,,,,,,,,,,,,,,,,
cell_embedding,A,chip94638.4.14.44.ACGAGCTTCGC,day_7,T84,d.basal,7.0,3564.0,,0.0,-2.761294637924697,0.3488890106770608,,,,,,,,,,,,,,,,,,,,,,,,,,,,,,,,,,
cell_embedding,A,chip94638.4.14.63.AATAACGCCAA,day_7,T84,d.basal,7.0,6377.0,0.363063801094805,0.682148395057863,1.6444694636578798,5.045401486157126,,,,,,,,,,,,,,,,,,,,,,,,,,,,,,,,,,
cell_embedding,A,chip94638.4.15.16.ACGCAATGGCT,day_7,T84,d.basal,7.0,3210.0,0.433055537337265,0.901168732645187,-1.929171458665936,-0.2935611518845487,,,,,,,,,,,,,,,,,,,,,,,,,,,,,,,,,,
cell_embedding,A,chip94638.4.15.18.ACGTACGTCCG,day_7,T84,d.basal,7.0,2869.0,0.476923831423629,1.0,-5.3990516866538805,-2.5757301136284516,,,,,,,,,,,,,,,,,,,,,,,,,,,,,,,,,,
cell_embedding,A,chip94638.4.15.21.ACGCAACCGCC,day_7,T84,d.basal,7.0,9783.0,,0.0,-0.1169859967493127,11.023096111088304,,,,,,,,,,,,,,,,,,,,,,,,,,,,,,,,,,
cell_embedding,A,chip94638.4.15.23.ACGGACCAAGA,day_7,T84,d.basal,7.0,5373.0,,0.0,1.4641400349457772,4.214327111292702,,,,,,,,,,,,,,,,,,,,,,,,,,,,,,,,,,
cell_embedding,A,chip94638.4.16.39.ATGGCGTCGTT,day_7,T84,d.basal,7.0,2632.0,,0.0,-6.8986202108771435,-4.06558270441321,,,,,,,,,,,,,,,,,,,,,,,,,,,,,,,,,,
cell_embedding,A,chip94638.4.16.60.AGGTTAGTACG,day_7,T84,d.basal,7.0,7548.0,,0.0,1.5622506626142103,7.657019566023825,,,,,,,,,,,,,,,,,,,,,,,,,,,,,,,,,,
cell_embedding,A,chip94638.4.16.66.AGGTTATAAGT,day_7,T84,ciliating.late,7.0,13239.0,0.717817085453507,1.0,-14.414162542636491,10.662288631859113,,,,,,,,,,,,,,,,,,,,,,,,,,,,,,,,,,
cell_embedding,A,chip94638.4.17.71.ATTAACTGGTC,day_7,T84,d.basal,7.0,4770.0,,0.0,-1.2673803267558403,3.564236406206567,,,,,,,,,,,,,,,,,,,,,,,,,,,,,,,,,,
cell_embedding,A,chip94638.4.45.38.GCTGGTCATTC,day_7,T84,d.basal,7.0,8899.0,,0.0,-1.2624312305892336,7.493678028741024,,,,,,,,,,,,,,,,,,,,,,,,,,,,,,,,,,
cell_embedding,A,chip94638.4.45.41.GCTGGCAGCCG,day_7,T84,d.basal,7.0,3291.0,0.44805081566544,1.0,-2.1926460751835255,0.26877355280923,,,,,,,,,,,,,,,,,,,,,,,,,,,,,,,,,,
cell_embedding,A,chip94638.4.45.67.GGATGGAGAGA,day_7,T84,ciliating.early,7.0,3669.0,0.696005478842357,1.0,-10.346693922779451,4.644654909647068,,,,,,,,,,,,,,,,,,,,,,,,,,,,,,,,,,
cell_embedding,A,chip94638.4.46.21.GCTTAGGTAAC,day_7,T84,d.basal,7.0,10493.0,,0.0,0.1377178359405411,9.280027592241742,,,,,,,,,,,,,,,,,,,,,,,,,,,,,,,,,,
cell_embedding,A,chip94638.4.47.14.GGCTGGATGAT,day_7,T84,d.basal,7.0,3394.0,,0.0,-1.9388208150327375,-1.020925070740958,,,,,,,,,,,,,,,,,,,,,,,,,,,,,,,,,,
cell_embedding,A,chip94638.4.48.15.GGTTAGTCGAT,day_7,T84,d.basal,7.0,4424.0,0.423437163196384,1.0,-2.9204814697160972,5.082642524139708,,,,,,,,,,,,,,,,,,,,,,,,,,,,,,,,,,
cell_embedding,A,chip94638.4.48.37.GTAGGTCTATG,day_7,T84,d.basal,7.0,2879.0,,0.0,-1.8218780106756516,-1.8897202099569816,,,,,,,,,,,,,,,,,,,,,,,,,,,,,,,,,,
cell_embedding,A,chip94638.4.48.44.GTAGTAAGGCC,day_7,T84,d.basal,7.0,6454.0,,0.0,-3.162022187232811,6.4458634728769555,,,,,,,,,,,,,,,,,,,,,,,,,,,,,,,,,,
cell_embedding,A,chip94638.4.48.69.GGTTAGAGTCC,day_7,T84,d.basal,7.0,5726.0,,0.0,-2.9454493297550965,5.102303681758625,,,,,,,,,,,,,,,,,,,,,,,,,,,,,,,,,,
cell_embedding,A,chip94638.4.49.17.GTATAATATCT,day_7,T84,d.basal,7.0,787.0,,0.0,-8.210069598955917,-13.396566015185364,,,,,,,,,,,,,,,,,,,,,,,,,,,,,,,,,,
cell_embedding,A,chip94638.4.49.40.GGTTCCTGCAA,day_7,T84,d.basal,7.0,4201.0,0.395949787414238,1.0,1.1186268483656414,0.5173012857231867,,,,,,,,,,,,,,,,,,,,,,,,,,,,,,,,,,
cell_embedding,A,chip94638.4.50.21.GGTTGACCGCT,day_7,T84,ciliating.early,7.0,10899.0,0.704845218618384,1.0,-12.985891258096776,7.241417939782342,,,,,,,,,,,,,,,,,,,,,,,,,,,,,,,,,,
cell_embedding,A,chip94638.4.51.15.GTATGCTTCAT,day_7,T84,p.basal,7.0,9214.0,0.373157866249505,0.118029764802603,0.605514908732897,8.227472327199463,,,,,,,,,,,,,,,,,,,,,,,,,,,,,,,,,,
cell_embedding,A,chip94638.4.51.22.GTATGGCGGCG,day_7,T84,d.basal,7.0,10897.0,,0.0,2.6271492838020793,9.593903746184171,,,,,,,,,,,,,,,,,,,,,,,,,,,,,,,,,,
cell_embedding,A,chip94638.4.51.60.GTATTATAGCG,day_7,T84,d.basal,7.0,3924.0,,0.0,-2.303493777449502,2.7840913597317867,,,,,,,,,,,,,,,,,,,,,,,,,,,,,,,,,,
cell_embedding,A,chip94638.4.51.64.GTATGCATTCG,day_7,T84,d.basal,7.0,7455.0,,0.0,1.606390693519819,7.269982678938308,,,,,,,,,,,,,,,,,,,,,,,,,,,,,,,,,,
cell_embedding,A,chip94638.4.51.70.GTATGCCTCTG,day_7,T84,d.basal,7.0,6040.0,0.333909016741384,1.0,3.702703075662018,4.2311470818469825,,,,,,,,,,,,,,,,,,,,,,,,,,,,,,,,,,
cell_embedding,A,chip94638.4.52.12.GTACTGGTAGG,day_7,T84,ciliating.late,7.0,15224.0,0.785636357108363,1.0,-9.167962119924283,13.644884786979116,,,,,,,,,,,,,,,,,,,,,,,,,,,,,,,,,,
cell_embedding,A,chip94638.4.52.43.GTCGACGCGGA,day_7,T84,d.basal,7.0,3022.0,0.424961770608609,1.0,-0.4476999277917302,-0.3832400540807032,,,,,,,,,,,,,,,,,,,,,,,,,,,,,,,,,,
cell_embedding,A,chip94638.4.52.63.GTAAGCGACGA,day_7,T84,d.basal,7.0,5687.0,,0.0,2.78242339325419,3.5416753676152997,,,,,,,,,,,,,,,,,,,,,,,,,,,,,,,,,,
cell_embedding,A,chip94638.4.52.65.GTACGCAGCTC,day_7,T84,d.basal,7.0,949.0,,0.0,-6.723528367513376,-9.81731976281968,,,,,,,,,,,,,,,,,,,,,,,,,,,,,,,,,,
cell_embedding,A,chip94638.4.52.70.GTAAGGAGCGA,day_7,T84,d.basal,7.0,3641.0,0.404388616509105,1.0,-0.3526974504289099,0.8553190340336626,,,,,,,,,,,,,,,,,,,,,,,,,,,,,,,,,,
cell_embedding,A,chip94638.4.53.66.GTCCTTGGTAG,day_7,T84,d.basal,7.0,5289.0,0.316318158822523,1.0,7.150428516477373,2.3327072592325875,,,,,,,,,,,,,,,,,,,,,,,,,,,,,,,,,,
cell_embedding,A,chip94638.5.18.26.CCAAGCCGAGC,day_16,T84,p.basal,16.0,3760.0,0.429473132124537,1.0,-3.5437545958430925,4.132734990743569,,,,,,,,,,,,,,,,,,,,,,,,,,,,,,,,,,
cell_embedding,A,chip94638.5.19.30.CAGTTGGTAAT,day_16,T84,ciliating.late,16.0,5877.0,0.692137529123732,1.0,-13.540210758702406,5.6858883992452975,,,,,,,,,,,,,,,,,,,,,,,,,,,,,,,,,,
cell_embedding,A,chip94638.5.19.59.CCAAGGAGAGT,day_16,T84,ciliating.late,16.0,5011.0,0.693399244114761,1.0,-13.169616640475644,5.960589466205328,,,,,,,,,,,,,,,,,,,,,,,,,,,,,,,,,,
cell_embedding,A,chip94638.5.21.56.CCAATGCTGGT,day_16,T84,ciliating.late,16.0,15098.0,0.778424015119456,1.0,-9.33968102863717,12.413185375755068,,,,,,,,,,,,,,,,,,,,,,,,,,,,,,,,,,
cell_embedding,A,chip94638.5.21.5.CCGTCCTCAGT,day_16,T84,ciliating.early,16.0,5785.0,0.510796827956217,1.0,-10.793717669888643,3.6708911381436566,,,,,,,,,,,,,,,,,,,,,,,,,,,,,,,,,,
cell_embedding,A,chip94638.5.22.24.CCGTTCCATGG,day_16,T84,d.basal,16.0,6751.0,,0.0,-0.5521603325505465,4.930351086738707,,,,,,,,,,,,,,,,,,,,,,,,,,,,,,,,,,
cell_embedding,A,chip94638.5.22.28.CCGTCCGTCGA,day_16,T84,ciliating.late,16.0,12582.0,0.743762209716359,1.0,-11.633373769428603,10.739551221881513,,,,,,,,,,,,,,,,,,,,,,,,,,,,,,,,,,
cell_embedding,A,chip94638.5.22.30.CCGTTCGAAGC,day_16,T84,ciliating.late,16.0,9132.0,0.697551993569026,1.0,-14.623002192340325,8.784939966648803,,,,,,,,,,,,,,,,,,,,,,,,,,,,,,,,,,
cell_embedding,A,chip94638.5.23.56.CCTATCCGGTA,day_16,T84,ciliating.early,16.0,4742.0,0.500373791506161,1.0,-10.011553594756544,4.391540551165557,,,,,,,,,,,,,,,,,,,,,,,,,,,,,,,,,,
cell_embedding,A,chip94638.5.25.48.CCTCATATGAG,day_16,T84,ciliating.late,16.0,13485.0,0.730789472292169,1.0,-12.70030224590825,11.147760843444456,,,,,,,,,,,,,,,,,,,,,,,,,,,,,,,,,,
cell_embedding,A,chip94638.5.25.9.CCTCCGAAGGA,day_16,T84,ciliating.late,16.0,5471.0,0.670825884837713,1.0,-16.61791063600599,6.830010071416877,,,,,,,,,,,,,,,,,,,,,,,,,,,,,,,,,,
cell_embedding,A,chip94638.5.54.32.TCATTAGTTCA,day_16,T84,p.basal,16.0,5197.0,0.327251689207846,1.0,3.564146029335374,2.0340891816369013,,,,,,,,,,,,,,,,,,,,,,,,,,,,,,,,,,
cell_embedding,A,chip94638.5.55.24.TATGGCCGAGA,day_16,T84,ciliating.late,16.0,4433.0,0.656278004445407,1.0,-17.032333341688584,4.2712053983398794,,,,,,,,,,,,,,,,,,,,,,,,,,,,,,,,,,
cell_embedding,A,chip94638.5.55.29.TATGCTGAAGC,day_16,T84,ciliating.late,16.0,13969.0,0.754825055511544,1.0,-11.304936887494751,11.56090285117753,,,,,,,,,,,,,,,,,,,,,,,,,,,,,,,,,,
cell_embedding,A,chip94638.5.55.35.TATGGAGTTCA,day_16,T84,ciliating.late,16.0,5336.0,0.64648042029481,1.0,-17.78148276839264,2.9346984202099473,,,,,,,,,,,,,,,,,,,,,,,,,,,,,,,,,,
cell_embedding,A,chip94638.5.55.54.TCCAATATCTA,day_16,T84,ciliating.late,16.0,10246.0,0.685389235467303,1.0,-15.479542078743524,7.66470259475265,,,,,,,,,,,,,,,,,,,,,,,,,,,,,,,,,,
cell_embedding,A,chip94638.5.57.24.TCAATCCATTC,day_16,T84,ciliating.late,16.0,15046.0,0.712297278192657,1.0,-15.306789166111242,10.10826559246629,,,,,,,,,,,,,,,,,,,,,,,,,,,,,,,,,,
cell_embedding,A,chip94638.5.57.35.TCAATCAACCG,day_16,T84,d.basal,16.0,2169.0,,0.0,-7.595946420811823,-6.719661680137696,,,,,,,,,,,,,,,,,,,,,,,,,,,,,,,,,,
cell_embedding,A,chip94638.5.60.26.TGCTAGGAACG,day_16,T84,ciliating.late,16.0,5393.0,0.650929437639955,1.0,-16.166237597292202,3.2202346815543605,,,,,,,,,,,,,,,,,,,,,,,,,,,,,,,,,,
cell_embedding,A,chip94638.5.60.4.TGAGGCCAGCC,day_16,T84,ciliating.late,16.0,6862.0,0.669780966810103,1.0,-15.324038091649427,5.4755177879772665,,,,,,,,,,,,,,,,,,,,,,,,,,,,,,,,,,
cell_embedding,A,chip94638.5.61.54.TGCGTTAGTAT,day_16,T84,ciliated,16.0,8400.0,0.770333577382622,1.0,-8.607668809719693,9.621659150341577,,,,,,,,,,,,,,,,,,,,,,,,,,,,,,,,,,
cell_embedding,A,chip94638.5.62.2.TGCATCTGCCA,day_16,T84,ciliating.late,16.0,13931.0,0.717817085453507,1.0,-13.769314328095929,9.695601246158606,,,,,,,,,,,,,,,,,,,,,,,,,,,,,,,,,,
cell_embedding,A,chip94638.5.62.7.TGCAGTTCAGA,day_16,T84,ciliating.late,16.0,10693.0,0.678904513310707,1.0,-16.186224061068167,7.080268263870654,,,,,,,,,,,,,,,,,,,,,,,,,,,,,,,,,,
cell_embedding,A,chip94638.7.27.25.CGGAGGATTAT,day_18,T84,ciliating.late,18.0,7502.0,0.699738331049584,1.0,-14.494229619154885,7.73464150869964,,,,,,,,,,,,,,,,,,,,,,,,,,,,,,,,,,
cell_embedding,A,chip94638.7.28.29.CGTATCTCTAC,day_18,T84,ciliating.late,18.0,15499.0,0.711331087703688,1.0,-13.90691299377186,10.796492318915195,,,,,,,,,,,,,,,,,,,,,,,,,,,,,,,,,,
cell_embedding,A,chip94638.7.28.48.CGGATTAATAT,day_18,T84,ciliating.late,18.0,3193.0,0.571284484420188,1.0,-9.689166266376157,2.1299385319720487,,,,,,,,,,,,,,,,,,,,,,,,,,,,,,,,,,
cell_embedding,A,chip94638.7.29.53.CGTATTATTAA,day_18,T84,d.basal,18.0,1405.0,,0.0,-5.0278395522020345,-7.666473932814917,,,,,,,,,,,,,,,,,,,,,,,,,,,,,,,,,,
cell_embedding,A,chip94638.7.30.5.CGGTCAGTATA,day_18,T84,d.basal,18.0,1534.0,,0.0,-5.265847624769968,-9.361973028926045,,,,,,,,,,,,,,,,,,,,,,,,,,,,,,,,,,
cell_embedding,A,chip94638.7.31.3.CGTTATATCAT,day_18,T84,p.basal,18.0,1851.0,,0.0,-3.174041694074836,-8.570731525723291,,,,,,,,,,,,,,,,,,,,,,,,,,,,,,,,,,
cell_embedding,A,chip94638.7.32.35.CTTGCAGCGCT,day_18,T84,p.basal,18.0,3434.0,0.480454712483741,1.0,-5.828996009338525,-2.3095169848766153,,,,,,,,,,,,,,,,,,,,,,,,,,,,,,,,,,
cell_embedding,A,chip94638.7.32.8.CTGGTAGTATA,day_18,T84,ciliating.late,18.0,6233.0,0.652965490628853,1.0,-18.901652033336955,5.00191948071858,,,,,,,,,,,,,,,,,,,,,,,,,,,,,,,,,,
cell_embedding,A,chip94638.7.35.32.CTTCGCAGCGG,day_18,T84,ciliating.late,18.0,5332.0,0.651599553713845,1.0,-16.95312489536205,4.009480831152219,,,,,,,,,,,,,,,,,,,,,,,,,,,,,,,,,,
cell_embedding,A,chip94638.7.63.55.TGGAATTGGTC,day_18,T84,ciliating.late,18.0,4818.0,0.64298470858825,1.0,-16.548367617193797,3.7330010302589978,,,,,,,,,,,,,,,,,,,,,,,,,,,,,,,,,,
cell_embedding,A,chip94638.7.64.27.TTATAGGTCAA,day_18,T84,ciliating.late,18.0,4751.0,0.666722514435782,1.0,-16.40614123331776,6.04021509538011,,,,,,,,,,,,,,,,,,,,,,,,,,,,,,,,,,
cell_embedding,A,chip94638.7.64.56.TTAATAGCCTC,day_18,T84,ciliating.late,18.0,7225.0,0.684461639719159,1.0,-15.549406504484876,8.102318995232327,,,,,,,,,,,,,,,,,,,,,,,,,,,,,,,,,,
cell_embedding,A,chip94638.7.65.57.TTATATAGATG,day_18,T84,ciliated,18.0,7300.0,0.761351502491395,1.0,-8.320399820646553,6.521465683299311,,,,,,,,,,,,,,,,,,,,,,,,,,,,,,,,,,
cell_embedding,A,chip94638.7.66.35.TTATTGATGCT,day_18,T84,d.basal,18.0,2094.0,,0.0,-4.111159407925864,-4.983588599469685,,,,,,,,,,,,,,,,,,,,,,,,,,,,,,,,,,
cell_embedding,A,chip94638.7.68.53.TTAGTACGTAC,day_18,T84,ciliating.late,18.0,6276.0,0.685389235467303,1.0,-14.876425615118572,8.533344295885717,,,,,,,,,,,,,,,,,,,,,,,,,,,,,,,,,,
cell_embedding,A,chip94638.7.69.28.TTCGCTGATTA,day_18,T84,ciliating.late,18.0,5691.0,0.666515464239617,1.0,-15.820393186765063,4.177437613652494,,,,,,,,,,,,,,,,,,,,,,,,,,,,,,,,,,
cell_embedding,A,chip94638.7.69.34.TTCGCTGCTGG,day_18,T84,ciliated,18.0,10715.0,0.771249670339001,1.0,-8.701658052888527,10.748972893676005,,,,,,,,,,,,,,,,,,,,,,,,,,,,,,,,,,
cell_embedding,A,chip94638.7.70.35.TTGACGATTAA,day_18,T84,ciliated,18.0,20431.0,0.886472567210485,1.0,-1.6509867570225136,13.671409511435614,,,,,,,,,,,,,,,,,,,,,,,,,,,,,,,,,,
cell_embedding,A,chip94638.7.70.56.TTGAACCTACC,day_18,T84,ciliating.late,18.0,8200.0,0.691874275659708,1.0,-15.4515764071741,7.973788753407667,,,,,,,,,,,,,,,,,,,,,,,,,,,,,,,,,,
cell_embedding,A,chip94638.7.71.11.TTGCGGCTTCG,day_18,T84,ciliating.late,18.0,9515.0,0.711136154645232,1.0,-12.63244279260772,8.36489327919467,,,,,,,,,,,,,,,,,,,,,,,,,,,,,,,,,,
cell_embedding,A,chip94638.7.71.49.TTGCAGCGTCC,day_18,T84,ciliating.late,18.0,7849.0,0.68609900404025,1.0,-15.022611014086772,7.82212186966643,,,,,,,,,,,,,,,,,,,,,,,,,,,,,,,,,,
cell_embedding,A,chip94582.1.1.29.AACGACCGCCG,day_9,T84,p.basal,9.0,4900.0,0.487012065472132,1.0,-7.728172265572895,-3.1472747081377612,,,,,,,,,,,,,,,,,,,,,,,,,,,,,,,,,,
cell_embedding,A,chip94582.1.1.8.AACGCGTAAGA,day_9,T84,d.basal,9.0,2612.0,,0.0,-0.8339878349488651,-8.13289649546279,,,,,,,,,,,,,,,,,,,,,,,,,,,,,,,,,,
cell_embedding,A,chip94582.1.2.52.AACGACCATTG,day_9,T84,d.basal,9.0,2917.0,,0.0,-3.654877787832106,-6.449786206701341,,,,,,,,,,,,,,,,,,,,,,,,,,,,,,,,,,
cell_embedding,A,chip94582.1.2.54.AACGACGCCGC,day_9,T84,p.basal,9.0,8778.0,0.364523572218139,0.68824953490074,2.7944056593540125,5.380702820327117,,,,,,,,,,,,,,,,,,,,,,,,,,,,,,,,,,
cell_embedding,A,chip94582.1.3.6.AACGGACCTTC,day_9,T84,d.basal,9.0,4117.0,,0.0,-2.1272803571655254,-4.28074679676852,,,,,,,,,,,,,,,,,,,,,,,,,,,,,,,,,,
cell_embedding,A,chip94582.1.39.0.GCGGACGTTGA,day_9,T84,ciliating.early,9.0,5095.0,0.620549320861083,1.0,-16.065427015634086,0.5650702720157117,,,,,,,,,,,,,,,,,,,,,,,,,,,,,,,,,,
cell_embedding,A,chip94582.2.0.16.AACCAACTAGA,day_11,T84,ciliating.late,11.0,3936.0,0.601110535514679,1.0,-17.569461736558143,-2.092551961936679,,,,,,,,,,,,,,,,,,,,,,,,,,,,,,,,,,
cell_embedding,A,chip94582.2.0.70.AACCAACGACC,day_11,T84,p.basal,11.0,2650.0,,0.0,-3.847386003014305,-10.832687020927716,,,,,,,,,,,,,,,,,,,,,,,,,,,,,,,,,,
cell_embedding,A,chip94582.2.1.61.AACCGCTCATT,day_11,T84,ciliating.late,11.0,21489.0,0.777913617075325,1.0,-8.782656169957413,10.92094283482454,,,,,,,,,,,,,,,,,,,,,,,,,,,,,,,,,,
cell_embedding,A,chip94582.2.1.62.AACCGCTTGGC,day_11,T84,ciliating.late,11.0,12405.0,0.685389235467303,1.0,-15.702873826963168,7.863546322342863,,,,,,,,,,,,,,,,,,,,,,,,,,,,,,,,,,
cell_embedding,A,chip94582.2.2.68.AACCAGGTAAC,day_11,T84,d.basal,11.0,4285.0,,0.0,-0.3856283179568663,-2.142353704820085,,,,,,,,,,,,,,,,,,,,,,,,,,,,,,,,,,
cell_embedding,A,chip94582.2.36.22.CTCCGATCGGT,day_11,T84,d.basal,11.0,1444.0,,0.0,-6.498665896937423,-14.048292898945828,,,,,,,,,,,,,,,,,,,,,,,,,,,,,,,,,,
cell_embedding,A,chip94582.2.3.64.AACCTAAGAGA,day_11,T84,p.basal,11.0,7193.0,0.423906876320117,0.921134707767253,-1.6034811544352818,-0.464044594246501,,,,,,,,,,,,,,,,,,,,,,,,,,,,,,,,,,
cell_embedding,A,chip94582.2.40.60.GAACTTATAGA,day_11,T84,ciliated,11.0,4212.0,0.607589245927797,1.0,-14.1331894829683,0.4825730757031582,,,,,,,,,,,,,,,,,,,,,,,,,,,,,,,,,,
cell_embedding,A,chip94582.2.41.12.GATCTCTTGAC,day_11,T84,ciliating.late,11.0,6351.0,0.708293164860758,1.0,-10.369349290992982,6.252931936342316,,,,,,,,,,,,,,,,,,,,,,,,,,,,,,,,,,
cell_embedding,A,chip94582.2.4.22.AACCGACCATA,day_11,T84,p.basal,11.0,2264.0,,0.0,-7.725559626706775,-10.238683925971696,,,,,,,,,,,,,,,,,,,,,,,,,,,,,,,,,,
cell_embedding,A,chip94582.2.42.45.GAGTTGCTGAC,day_11,T84,ciliating.late,11.0,1927.0,0.594633484041134,1.0,-18.635985078453412,-3.830217797705346,,,,,,,,,,,,,,,,,,,,,,,,,,,,,,,,,,
cell_embedding,A,chip94582.2.4.63.AACCGAACTGG,day_11,T84,d.basal,11.0,1888.0,,0.0,-4.513765223520567,-12.57712047343718,,,,,,,,,,,,,,,,,,,,,,,,,,,,,,,,,,
cell_embedding,A,chip94582.2.6.69.AACGTAATATA,day_11,T84,d.basal,11.0,3352.0,,0.0,2.287474608685664,-5.151038427089477,,,,,,,,,,,,,,,,,,,,,,,,,,,,,,,,,,
cell_embedding,A,chip94582.2.6.71.AACGTAGCCGG,day_11,T84,d.basal,11.0,4468.0,0.468775268842885,1.0,-4.148358977461957,-2.4514590168008508,,,,,,,,,,,,,,,,,,,,,,,,,,,,,,,,,,
cell_embedding,A,chip94582.2.7.16.AACTCCTCCTA,day_11,T84,d.basal,11.0,3413.0,0.50236910552273,1.0,-6.4081235199657485,-1.8793429229323269,,,,,,,,,,,,,,,,,,,,,,,,,,,,,,,,,,
cell_embedding,A,chip94582.2.8.47.AACTCTCGGCA,day_11,T84,d.basal,11.0,2261.0,,0.0,-4.594903272857162,-9.290152172141696,,,,,,,,,,,,,,,,,,,,,,,,,,,,,,,,,,
cell_embedding,A,chip94582.3.10.26.AAGAGATACCA,seed_day,T85,basal.colonies,-3.0,6155.0,0.214681549084351,0.967134934822121,7.814196143327127,-3.663676947747174,,,,,,,,,,,,,,,,,,,,,,,,,,,,,,,,,,
cell_embedding,A,chip94582.3.10.34.AAGAGAATTAA,seed_day,T85,basal.colonies,-3.0,5496.0,0.213907918079279,0.976668293559945,8.905649431733247,-1.4560708460104754,,,,,,,,,,,,,,,,,,,,,,,,,,,,,,,,,,
cell_embedding,A,chip94582.3.10.35.AAGAGACTGCG,seed_day,T85,basal.colonies,-3.0,5252.0,0.199902903104907,0.96267644821494,5.354722849058816,-3.61221230771682,,,,,,,,,,,,,,,,,,,,,,,,,,,,,,,,,,
cell_embedding,A,chip94582.3.10.53.AAGAAGTAAGG,seed_day,T85,basal.colonies,-3.0,12695.0,0.303135704214186,0.478214463319187,10.455652201218935,4.471473467339865,,,,,,,,,,,,,,,,,,,,,,,,,,,,,,,,,,
cell_embedding,A,chip94582.3.11.11.AGAAGCCTCCA,seed_day,T85,basal.colonies,-3.0,4149.0,,0.0,0.6318853725863045,-7.119115449089309,,,,,,,,,,,,,,,,,,,,,,,,,,,,,,,,,,
cell_embedding,A,chip94582.3.11.1.AGAAGGATCGG,seed_day,T85,basal.colonies,-3.0,2746.0,0.0790189356099881,1.0,5.568342098438182,-9.578990418524898,,,,,,,,,,,,,,,,,,,,,,,,,,,,,,,,,,
cell_embedding,A,chip94582.3.11.48.AGAAGCCGAGT,seed_day,T85,basal.colonies,-3.0,8512.0,0.236583796038586,1.0,10.271629625869757,-0.1767873395144743,,,,,,,,,,,,,,,,,,,,,,,,,,,,,,,,,,
cell_embedding,A,chip94582.3.11.49.AGAAGCGGAAC,seed_day,T85,basal.colonies,-3.0,13059.0,0.271500146090009,0.760490396141705,11.609645808735374,2.4551047633587495,,,,,,,,,,,,,,,,,,,,,,,,,,,,,,,,,,
cell_embedding,A,chip94582.3.11.4.AGAAGCAATTC,seed_day,T85,basal.colonies,-3.0,7967.0,0.279911234770503,0.883193014387565,6.345878318948022,-1.6453906372488751,,,,,,,,,,,,,,,,,,,,,,,,,,,,,,,,,,
cell_embedding,A,chip94582.3.11.50.AGAAGGAGAGC,seed_day,T85,basal.colonies,-3.0,3353.0,,0.0,4.036025305399772,-8.805919711168496,,,,,,,,,,,,,,,,,,,,,,,,,,,,,,,,,,
cell_embedding,A,chip94582.3.11.57.AGAAGATAATC,seed_day,T85,basal.colonies,-3.0,3065.0,,0.0,-1.895770378094109,-8.337005271327245,,,,,,,,,,,,,,,,,,,,,,,,,,,,,,,,,,
cell_embedding,A,chip94582.3.12.10.AGAACCTCCAT,seed_day,T85,basal.colonies,-3.0,14902.0,0.289473236058583,0.562976103124061,11.55801512191908,5.181689474353431,,,,,,,,,,,,,,,,,,,,,,,,,,,,,,,,,,
cell_embedding,A,chip94582.3.12.25.AGAATACGACC,seed_day,T85,basal.colonies,-3.0,8750.0,0.355585372228948,1.0,5.436189057930017,-0.3700133484860953,,,,,,,,,,,,,,,,,,,,,,,,,,,,,,,,,,
cell_embedding,A,chip94582.3.12.29.AGAAGTTGAAT,seed_day,T85,basal.colonies,-3.0,5846.0,0.244461409687104,1.0,8.472834405964303,-1.5839248563382289,,,,,,,,,,,,,,,,,,,,,,,,,,,,,,,,,,
cell_embedding,A,chip94582.3.12.2.AGAACGCTACT,seed_day,T85,basal.colonies,-3.0,9367.0,0.261588748338711,1.0,12.172917667850005,1.205238006046123,,,,,,,,,,,,,,,,,,,,,,,,,,,,,,,,,,
cell_embedding,A,chip94582.3.12.30.AGAATAAGAGA,seed_day,T85,basal.colonies,-3.0,1787.0,,0.0,-0.9438909638160624,-13.622534095704816,,,,,,,,,,,,,,,,,,,,,,,,,,,,,,,,,,
cell_embedding,A,chip94582.3.12.32.AGAATACTCTA,seed_day,T85,basal.colonies,-3.0,3664.0,,0.0,0.2640145130290264,-8.198151442425479,,,,,,,,,,,,,,,,,,,,,,,,,,,,,,,,,,
cell_embedding,A,chip94582.3.12.5.AGAACGAAGCT,seed_day,T85,basal.colonies,-3.0,3623.0,0.127427346587105,1.0,8.097774875233327,-6.122601555206595,,,,,,,,,,,,,,,,,,,,,,,,,,,,,,,,,,
cell_embedding,A,chip94582.3.12.9.AGAACCGGCTG,seed_day,T85,basal.colonies,-3.0,15047.0,0.27865387137256,0.631539647204347,12.428931655118856,3.828299216135039,,,,,,,,,,,,,,,,,,,,,,,,,,,,,,,,,,
cell_embedding,A,chip94582.3.14.55.AGAACTCTATG,seed_day,T85,basal.colonies,-3.0,3131.0,,0.0,2.0482816042044285,-7.441850038603753,,,,,,,,,,,,,,,,,,,,,,,,,,,,,,,,,,
cell_embedding,A,chip94582.3.14.56.AGAACTGACCA,seed_day,T85,basal.colonies,-3.0,17070.0,0.296323041548373,0.471347836234634,10.15748225652813,5.313021480527324,,,,,,,,,,,,,,,,,,,,,,,,,,,,,,,,,,
cell_embedding,A,chip94582.3.15.0.AGGAGCTAGAA,seed_day,T85,basal.colonies,-3.0,18895.0,0.276175737826809,0.639327334845112,13.168954009453286,4.2527817099997,,,,,,,,,,,,,,,,,,,,,,,,,,,,,,,,,,
cell_embedding,A,chip94582.3.15.27.AGAACTTCTAC,seed_day,T85,basal.colonies,-3.0,7036.0,0.286965765517787,0.979744193135501,6.387646490319734,-0.9329652432802136,,,,,,,,,,,,,,,,,,,,,,,,,,,,,,,,,,
cell_embedding,A,chip94582.3.15.29.AGAAGACCAGC,seed_day,T85,basal.colonies,-3.0,7825.0,0.24932078550706,1.0,10.624858626664388,-0.9226137970869052,,,,,,,,,,,,,,,,,,,,,,,,,,,,,,,,,,
cell_embedding,A,chip94582.3.15.31.AGAAGAGATTA,seed_day,T85,basal.colonies,-3.0,4941.0,0.16675415176041,1.0,8.637252461038157,-6.329874113510815,,,,,,,,,,,,,,,,,,,,,,,,,,,,,,,,,,
cell_embedding,A,chip94582.3.15.51.AGAGTCTCCGA,seed_day,T85,basal.colonies,-3.0,22079.0,0.303135704214186,0.16256623470186,11.676478034927907,7.33278583534563,,,,,,,,,,,,,,,,,,,,,,,,,,,,,,,,,,
cell_embedding,A,chip94582.3.15.8.AGGCTTAAGAA,seed_day,T85,p.basal,-3.0,3651.0,0.101032151128514,1.0,4.956406547043216,-9.677187795325723,,,,,,,,,,,,,,,,,,,,,,,,,,,,,,,,,,
cell_embedding,A,chip94582.3.16.26.CCAACTATATT,seed_day,T85,basal.colonies,-3.0,10764.0,0.273617690747253,1.0,11.23396920574356,1.804280404437808,,,,,,,,,,,,,,,,,,,,,,,,,,,,,,,,,,
cell_embedding,A,chip94582.3.16.2.CAACTACGCCG,seed_day,T85,basal.colonies,-3.0,9779.0,0.347155883142298,1.0,5.785029294692828,1.836220756546777,,,,,,,,,,,,,,,,,,,,,,,,,,,,,,,,,,
cell_embedding,A,chip94582.3.16.30.CCAACGGCAAT,seed_day,T85,basal.colonies,-3.0,8341.0,0.246655059841381,1.0,10.555429501658834,-0.3898467459529851,,,,,,,,,,,,,,,,,,,,,,,,,,,,,,,,,,
cell_embedding,A,chip94582.3.16.31.CCAACTACCTG,seed_day,T85,basal.colonies,-3.0,9711.0,0.278960039662526,0.841139490894174,10.843370343535318,1.0408423750897755,,,,,,,,,,,,,,,,,,,,,,,,,,,,,,,,,,
cell_embedding,A,chip94582.3.16.34.CCAACGATCCT,seed_day,T85,basal.colonies,-3.0,9639.0,0.254491795088724,1.0,10.29019095468627,0.9438375275466726,,,,,,,,,,,,,,,,,,,,,,,,,,,,,,,,,,
cell_embedding,A,chip94582.3.16.48.CAACCGTACCG,seed_day,T85,basal.colonies,-3.0,8084.0,0.295067093505425,1.0,7.593872549040765,0.193510990459703,,,,,,,,,,,,,,,,,,,,,,,,,,,,,,,,,,
cell_embedding,A,chip94582.3.16.51.CAACCGCATCC,seed_day,T85,basal.colonies,-3.0,8578.0,0.272075793533817,1.0,8.462970967497686,-1.5400683217217583,,,,,,,,,,,,,,,,,,,,,,,,,,,,,,,,,,
cell_embedding,A,chip94582.3.16.58.CAACCGCCGAT,seed_day,T85,p.basal,-3.0,10369.0,0.348020526181886,0.697373557558425,5.97519260755008,3.547121637297227,,,,,,,,,,,,,,,,,,,,,,,,,,,,,,,,,,
cell_embedding,A,chip94582.3.16.7.CAACGCATACG,seed_day,T85,basal.colonies,-3.0,13190.0,0.289473236058583,1.0,10.914031409651926,2.774491206348543,,,,,,,,,,,,,,,,,,,,,,,,,,,,,,,,,,
cell_embedding,A,chip94582.3.17.2.CCAAGCATAAC,seed_day,T85,basal.colonies,-3.0,10685.0,0.275628608989948,1.0,10.912666632417087,2.8548548813032157,,,,,,,,,,,,,,,,,,,,,,,,,,,,,,,,,,
cell_embedding,A,chip94582.3.17.32.CAGAACGCCTC,seed_day,T85,basal.colonies,-3.0,7002.0,0.29959554939984,0.999580794338295,8.06487650084557,-0.2229400131768809,,,,,,,,,,,,,,,,,,,,,,,,,,,,,,,,,,
cell_embedding,A,chip94582.3.17.56.CCAACTCCGAT,seed_day,T85,basal.colonies,-3.0,5438.0,0.394372431914825,0.752406826494994,2.563412283555597,-3.786107608611051,,,,,,,,,,,,,,,,,,,,,,,,,,,,,,,,,,
cell_embedding,A,chip94582.3.17.59.CCAACGTACGT,seed_day,T85,basal.colonies,-3.0,3084.0,0.437341766954485,0.408753883837997,0.741014927536432,-6.164083457878569,,,,,,,,,,,,,,,,,,,,,,,,,,,,,,,,,,
cell_embedding,A,chip94582.3.17.6.CCAAGACGCAT,seed_day,T85,basal.colonies,-3.0,19020.0,0.282574675774759,0.354758799473519,12.897598298266752,3.597420485039284,,,,,,,,,,,,,,,,,,,,,,,,,,,,,,,,,,
cell_embedding,A,chip94582.3.45.24.GGTAGCTTCGT,seed_day,T85,basal.colonies,-3.0,2627.0,,0.0,4.732684507840463,-9.71690574054978,,,,,,,,,,,,,,,,,,,,,,,,,,,,,,,,,,
cell_embedding,A,chip94582.3.45.34.GGTAGCGCTGG,seed_day,T85,basal.colonies,-3.0,2248.0,,0.0,2.252495592454324,-7.751908061890558,,,,,,,,,,,,,,,,,,,,,,,,,,,,,,,,,,
cell_embedding,A,chip94582.3.45.4.GGTCGTCGCGT,seed_day,T85,basal.colonies,-3.0,5035.0,0.405777599998404,0.602527788806564,2.321442118305495,-3.117925996000811,,,,,,,,,,,,,,,,,,,,,,,,,,,,,,,,,,
cell_embedding,A,chip94582.3.45.52.GGTCGATTAAT,seed_day,T85,basal.colonies,-3.0,3413.0,0.119608966098623,1.0,6.511829614871937,-8.810687845785774,,,,,,,,,,,,,,,,,,,,,,,,,,,,,,,,,,
cell_embedding,A,chip94582.3.45.53.GGTCGCGCGGC,seed_day,T85,basal.colonies,-3.0,11247.0,0.280185174334021,0.477332281568359,13.042311626506171,2.717951649208103,,,,,,,,,,,,,,,,,,,,,,,,,,,,,,,,,,
cell_embedding,A,chip94582.3.45.59.GGTCGCGTCGG,seed_day,T85,basal.colonies,-3.0,15072.0,0.293822359010526,0.232426499268781,12.209852491445137,4.832042628794881,,,,,,,,,,,,,,,,,,,,,,,,,,,,,,,,,,
cell_embedding,A,chip94582.3.46.2.GGTATTAGTTA,seed_day,T85,basal.colonies,-3.0,13968.0,0.268633474131395,1.0,12.89271445714764,2.695665564940015,,,,,,,,,,,,,,,,,,,,,,,,,,,,,,,,,,
cell_embedding,A,chip94582.3.46.32.GGTCTGCCGTC,seed_day,T85,basal.colonies,-3.0,1239.0,,0.0,0.603118556387008,-12.601985667014995,,,,,,,,,,,,,,,,,,,,,,,,,,,,,,,,,,
cell_embedding,A,chip94582.3.46.3.GGTATAGATAC,seed_day,T85,basal.colonies,-3.0,12462.0,0.24843844896865,1.0,12.18242694838148,1.3896158031444754,,,,,,,,,,,,,,,,,,,,,,,,,,,,,,,,,,
cell_embedding,A,chip94582.3.46.48.GGTAGGCCGGC,seed_day,T85,basal.colonies,-3.0,4939.0,0.228540213799444,0.973310034382859,9.415423406701276,-4.032577083557528,,,,,,,,,,,,,,,,,,,,,,,,,,,,,,,,,,
cell_embedding,A,chip94582.3.46.55.GGTAGTCTCCA,seed_day,T85,basal.colonies,-3.0,1624.0,,0.0,1.8968150200381593,-12.182060818856533,,,,,,,,,,,,,,,,,,,,,,,,,,,,,,,,,,
cell_embedding,A,chip94582.3.46.56.GGTAGTTCAAC,seed_day,T85,basal.colonies,-3.0,2852.0,,0.0,1.0962591796404544,-8.279374950957326,,,,,,,,,,,,,,,,,,,,,,,,,,,,,,,,,,
cell_embedding,A,chip94582.3.46.8.GGTATGGTCTT,seed_day,T85,basal.colonies,-3.0,6540.0,0.229615432391473,1.0,10.219816007964772,-1.1005262344501112,,,,,,,,,,,,,,,,,,,,,,,,,,,,,,,,,,
cell_embedding,A,chip94582.3.47.0.GGTTACCAGAG,seed_day,T85,basal.colonies,-3.0,4901.0,0.358986578687805,1.0,5.407564305651074,-2.400876310293179,,,,,,,,,,,,,,,,,,,,,,,,,,,,,,,,,,
cell_embedding,A,chip94582.3.47.25.GGTATTATCGG,seed_day,T85,basal.colonies,-3.0,630.0,,0.0,-3.277997166511751,-18.139108308879575,,,,,,,,,,,,,,,,,,,,,,,,,,,,,,,,,,
cell_embedding,A,chip94582.3.47.28.GGTATCCGTCC,seed_day,T85,basal.colonies,-3.0,7064.0,0.261887272451494,1.0,10.957552463007696,1.151393514718518,,,,,,,,,,,,,,,,,,,,,,,,,,,,,,,,,,
cell_embedding,A,chip94582.3.48.10.GTCGGCTAATT,seed_day,T85,basal.colonies,-3.0,12037.0,0.275628608989948,0.555178419965146,12.080487990921728,3.59591888177781,,,,,,,,,,,,,,,,,,,,,,,,,,,,,,,,,,
cell_embedding,A,chip94582.3.48.11.GTCGGTCCGTC,seed_day,T85,basal.colonies,-3.0,12095.0,0.278324099392661,0.535094445994605,13.140051248822868,3.1668213821761095,,,,,,,,,,,,,,,,,,,,,,,,,,,,,,,,,,
cell_embedding,A,chip94582.3.48.3.GTCGGAGCTAG,seed_day,T85,basal.colonies,-3.0,16306.0,0.3161855323845,0.179327217166909,9.188250041927224,5.399260920588496,,,,,,,,,,,,,,,,,,,,,,,,,,,,,,,,,,
cell_embedding,A,chip94582.3.48.48.GTCGGTAGGAG,seed_day,T85,basal.colonies,-3.0,5814.0,0.255498245445861,1.0,9.198838925229206,-0.7826670339828629,,,,,,,,,,,,,,,,,,,,,,,,,,,,,,,,,,
cell_embedding,A,chip94582.3.48.51.GTCGCGGTAGC,seed_day,T85,basal.colonies,-3.0,4664.0,0.220912629756341,0.960802021259925,7.4123629623417155,-4.06791720445092,,,,,,,,,,,,,,,,,,,,,,,,,,,,,,,,,,
cell_embedding,A,chip94582.3.48.57.GTCGCGAGTAA,seed_day,T85,basal.colonies,-3.0,3495.0,0.150049545008542,1.0,6.383046258745243,-7.748062323795288,,,,,,,,,,,,,,,,,,,,,,,,,,,,,,,,,,
cell_embedding,A,chip94582.3.48.59.GTCGGCTTCCT,seed_day,T85,basal.colonies,-3.0,19630.0,0.303135704214186,0.117828215580391,11.758692060522776,6.635278672813543,,,,,,,,,,,,,,,,,,,,,,,,,,,,,,,,,,
cell_embedding,A,chip94582.3.48.5.GTCGGTCAACG,seed_day,T85,basal.colonies,-3.0,2797.0,,0.0,5.418782423389453,-9.188737709264933,,,,,,,,,,,,,,,,,,,,,,,,,,,,,,,,,,
cell_embedding,A,chip94582.3.48.6.GTCGGTCGTCT,seed_day,T85,basal.colonies,-3.0,10318.0,0.268633474131395,0.757621874440374,11.994561347491516,1.879938766106773,,,,,,,,,,,,,,,,,,,,,,,,,,,,,,,,,,
cell_embedding,A,chip94582.3.49.10.GTTATCGCATG,seed_day,T85,basal.colonies,-3.0,4843.0,0.299801536329643,0.886517919879793,6.102922045848048,-4.608838015474152,,,,,,,,,,,,,,,,,,,,,,,,,,,,,,,,,,
cell_embedding,A,chip94582.3.49.35.GTCTATGAAGG,seed_day,T85,basal.colonies,-3.0,2202.0,0.0834061304541635,1.0,5.651060583106351,-10.264770810699387,,,,,,,,,,,,,,,,,,,,,,,,,,,,,,,,,,
cell_embedding,A,chip94582.3.49.52.GTTAGCTGCGC,seed_day,T85,basal.colonies,-3.0,6875.0,0.293687002882756,1.0,7.765902839390476,-0.441941429982738,,,,,,,,,,,,,,,,,,,,,,,,,,,,,,,,,,
cell_embedding,A,chip94582.3.49.56.GTTATATGCAA,seed_day,T85,basal.colonies,-3.0,9835.0,0.283118373402509,0.67171333739865,12.23546810005701,3.8520546070923554,,,,,,,,,,,,,,,,,,,,,,,,,,,,,,,,,,
cell_embedding,A,chip94582.3.49.5.GTTATGAGCGT,seed_day,T85,basal.colonies,-3.0,3653.0,0.140138965576634,1.0,7.316205973438235,-6.849153739226206,,,,,,,,,,,,,,,,,,,,,,,,,,,,,,,,,,
cell_embedding,A,chip94582.3.50.11.GTCTTATGGTA,seed_day,T85,basal.colonies,-3.0,6470.0,0.227934147285746,1.0,11.85517242558062,-1.6649381937683594,,,,,,,,,,,,,,,,,,,,,,,,,,,,,,,,,,
cell_embedding,A,chip94582.3.50.7.GTCTTGGCGGC,seed_day,T85,basal.colonies,-3.0,8568.0,0.26450892718883,1.0,10.964945218976046,0.6643054363008718,,,,,,,,,,,,,,,,,,,,,,,,,,,,,,,,,,
cell_embedding,A,chip94582.3.50.9.GTCTGCGCTAT,seed_day,T85,basal.colonies,-3.0,1661.0,0.0353064289590765,1.0,4.030924182853556,-13.298571264281758,,,,,,,,,,,,,,,,,,,,,,,,,,,,,,,,,,
cell_embedding,A,chip94582.3.51.26.GTTAACTTAAT,seed_day,T85,basal.colonies,-3.0,7603.0,0.270801399808645,0.807383918997841,10.910202467317491,0.7983077625767284,,,,,,,,,,,,,,,,,,,,,,,,,,,,,,,,,,
cell_embedding,A,chip94582.3.51.54.GTTCATTATAA,seed_day,T85,basal.colonies,-3.0,12363.0,,0.0,8.875583350000099,7.26120507117717,,,,,,,,,,,,,,,,,,,,,,,,,,,,,,,,,,
cell_embedding,A,chip94582.3.51.55.GTTCCATATTC,seed_day,T85,basal.colonies,-3.0,3515.0,0.152138627795197,0.499482499439682,4.487489904286961,-6.344905636059313,,,,,,,,,,,,,,,,,,,,,,,,,,,,,,,,,,
cell_embedding,A,chip94582.3.51.7.GTTCCGCCGGC,seed_day,T85,basal.colonies,-3.0,11481.0,0.275628608989948,1.0,11.116102907706733,3.22809855136195,,,,,,,,,,,,,,,,,,,,,,,,,,,,,,,,,,
cell_embedding,A,chip94582.3.52.27.GTTCCGTCTGG,seed_day,T85,basal.colonies,-3.0,16965.0,0.299158470664009,0.138196548673467,11.818510065191235,7.753121719888163,,,,,,,,,,,,,,,,,,,,,,,,,,,,,,,,,,
cell_embedding,A,chip94582.3.52.30.GTTCGAGCGGT,seed_day,T85,basal.colonies,-3.0,1553.0,,0.0,-0.1087473398215392,-11.375554525065686,,,,,,,,,,,,,,,,,,,,,,,,,,,,,,,,,,
cell_embedding,A,chip94582.3.52.34.GTTCCTCAGGT,seed_day,T85,basal.colonies,-3.0,6852.0,0.254171848588788,1.0,9.53763592925444,-0.6373306723768694,,,,,,,,,,,,,,,,,,,,,,,,,,,,,,,,,,
cell_embedding,A,chip94582.3.52.35.GTTCGACTGCT,seed_day,T85,basal.colonies,-3.0,8982.0,0.275088655116082,0.811762807504569,10.588159796613343,1.2137071729150084,,,,,,,,,,,,,,,,,,,,,,,,,,,,,,,,,,
cell_embedding,A,chip94582.3.52.52.GTTAAGTTGCA,seed_day,T85,basal.colonies,-3.0,3982.0,0.207924403273871,0.957158472217572,7.513459002370019,-3.6491787260952377,,,,,,,,,,,,,,,,,,,,,,,,,,,,,,,,,,
cell_embedding,A,chip94582.3.52.53.GTTACGACGAT,seed_day,T85,basal.colonies,-3.0,11690.0,0.288723366107223,0.691897041956545,12.020147032087424,4.753326751523775,,,,,,,,,,,,,,,,,,,,,,,,,,,,,,,,,,
cell_embedding,A,chip94582.3.52.56.GTTACTTACCT,seed_day,T85,basal.colonies,-3.0,7058.0,0.247364753637935,1.0,10.550266309177433,-0.7248854034955745,,,,,,,,,,,,,,,,,,,,,,,,,,,,,,,,,,
cell_embedding,A,chip94582.3.53.50.GTTCGGTACCG,seed_day,T85,basal.colonies,-3.0,3941.0,0.161558503909993,1.0,8.516682071420634,-5.385004943203271,,,,,,,,,,,,,,,,,,,,,,,,,,,,,,,,,,
cell_embedding,A,chip94582.3.53.51.GTTCCTGATTA,seed_day,T85,basal.colonies,-3.0,8504.0,0.247364753637935,1.0,11.95597708933011,-0.7339323750228157,,,,,,,,,,,,,,,,,,,,,,,,,,,,,,,,,,
cell_embedding,A,chip94582.3.53.55.GTTCGGAATCC,seed_day,T85,basal.colonies,-3.0,3769.0,0.164300958108068,1.0,8.490388214958651,-5.869303681237268,,,,,,,,,,,,,,,,,,,,,,,,,,,,,,,,,,
cell_embedding,A,chip94582.3.53.56.GTTCGGCGGAT,seed_day,T85,basal.colonies,-3.0,5050.0,0.16901277669563,1.0,9.4708686483484,-4.661217040982311,,,,,,,,,,,,,,,,,,,,,,,,,,,,,,,,,,
cell_embedding,A,chip94582.3.9.10.AAGAGAAGCGA,seed_day,T85,basal.colonies,-3.0,8412.0,0.237315320285305,1.0,10.653805019612182,-1.9836354619499696,,,,,,,,,,,,,,,,,,,,,,,,,,,,,,,,,,
cell_embedding,A,chip94582.3.9.11.AAGAGACCGTT,seed_day,T85,basal.colonies,-3.0,15888.0,0.268633474131395,1.0,13.66139384368046,2.930055398261089,,,,,,,,,,,,,,,,,,,,,,,,,,,,,,,,,,
cell_embedding,A,chip94582.3.9.27.AAGAAGCAATA,seed_day,T85,basal.colonies,-3.0,5726.0,0.200788549974477,1.0,8.495157876435536,-2.603148664899756,,,,,,,,,,,,,,,,,,,,,,,,,,,,,,,,,,
cell_embedding,A,chip94582.4.10.13.AAGAGCGCGGT,day_minus2,T85,basal.subconfluent,-2.0,4066.0,,0.0,2.014112143425453,-4.796823057498239,,,,,,,,,,,,,,,,,,,,,,,,,,,,,,,,,,
cell_embedding,A,chip94582.4.10.18.AAGAGCCGCGT,day_minus2,T85,basal.subconfluent,-2.0,13742.0,,0.0,11.648126504988488,3.187309555731298,,,,,,,,,,,,,,,,,,,,,,,,,,,,,,,,,,
cell_embedding,A,chip94582.4.10.19.AAGAGCGGCCG,day_minus2,T85,basal.subconfluent,-2.0,3734.0,,0.0,-3.656399969291434,-5.027165438480243,,,,,,,,,,,,,,,,,,,,,,,,,,,,,,,,,,
cell_embedding,A,chip94582.4.10.21.AAGAGATAGTC,day_minus2,T85,basal.subconfluent,-2.0,8929.0,,0.0,10.279924151456262,1.3819304034150697,,,,,,,,,,,,,,,,,,,,,,,,,,,,,,,,,,
cell_embedding,A,chip94582.4.10.22.AAGAGATGACC,day_minus2,T85,basal.subconfluent,-2.0,5155.0,,0.0,7.82059298424264,-6.99690217847162,,,,,,,,,,,,,,,,,,,,,,,,,,,,,,,,,,
cell_embedding,A,chip94582.4.10.40.AACTGCAGGCA,day_minus2,T85,basal.subconfluent,-2.0,18678.0,,0.0,12.16515993094653,3.6275295143338417,,,,,,,,,,,,,,,,,,,,,,,,,,,,,,,,,,
cell_embedding,A,chip94582.4.10.43.AACTGGATCAA,day_minus2,T85,p.basal,-2.0,3917.0,0.41095705473199,0.217394940881197,2.210823331425452,-4.285389494859668,,,,,,,,,,,,,,,,,,,,,,,,,,,,,,,,,,
cell_embedding,A,chip94582.4.10.46.AACTGCATCCG,day_minus2,T85,basal.subconfluent,-2.0,19583.0,,0.0,12.0446746787676,4.705052748289569,,,,,,,,,,,,,,,,,,,,,,,,,,,,,,,,,,
cell_embedding,A,chip94582.4.10.47.AACTGCGTAGT,day_minus2,T85,basal.subconfluent,-2.0,2760.0,,0.0,-3.0669091486734747,-7.147441598120871,,,,,,,,,,,,,,,,,,,,,,,,,,,,,,,,,,
cell_embedding,A,chip94582.4.10.66.AACTATAATGA,day_minus2,T85,basal.subconfluent,-2.0,6974.0,0.280769111879297,0.979701256395666,7.69824821440486,-0.8995727336541615,,,,,,,,,,,,,,,,,,,,,,,,,,,,,,,,,,
cell_embedding,A,chip94582.4.10.71.AACTAGTTCTC,day_minus2,T85,basal.subconfluent,-2.0,23946.0,,0.0,7.887075758231767,8.71675574789806,,,,,,,,,,,,,,,,,,,,,,,,,,,,,,,,,,
cell_embedding,A,chip94582.4.11.45.AAGAGATTGGA,day_minus2,T85,basal.subconfluent,-2.0,3554.0,0.0901114891140105,1.0,8.430099010583662,-9.402762106373524,,,,,,,,,,,,,,,,,,,,,,,,,,,,,,,,,,
cell_embedding,A,chip94582.4.12.15.AAGAGTAATCA,day_minus2,T85,basal.subconfluent,-2.0,6523.0,,0.0,2.0103790871769194,-2.707614039261876,,,,,,,,,,,,,,,,,,,,,,,,,,,,,,,,,,
cell_embedding,A,chip94582.4.12.16.AAGAGTCTGGC,day_minus2,T85,basal.subconfluent,-2.0,16520.0,,0.0,8.40520929493598,5.16296561431896,,,,,,,,,,,,,,,,,,,,,,,,,,,,,,,,,,
cell_embedding,A,chip94582.4.12.20.AATAACCAATT,day_minus2,T85,basal.subconfluent,-2.0,15250.0,,0.0,11.200775621850855,4.908412685219742,,,,,,,,,,,,,,,,,,,,,,,,,,,,,,,,,,
cell_embedding,A,chip94582.4.12.41.ACCGATAGGCT,day_minus2,T85,basal.subconfluent,-2.0,5851.0,,0.0,3.688332331853883,-2.3454930493412087,,,,,,,,,,,,,,,,,,,,,,,,,,,,,,,,,,
cell_embedding,A,chip94582.4.12.61.AAGCAACTTAT,day_minus2,T85,basal.subconfluent,-2.0,15319.0,,0.0,12.13772947951723,3.3962120805689047,,,,,,,,,,,,,,,,,,,,,,,,,,,,,,,,,,
cell_embedding,A,chip94582.4.13.13.ACGACGTTGCT,day_minus2,T85,basal.subconfluent,-2.0,3772.0,,0.0,-0.6605778459839129,-2.6324094252153007,,,,,,,,,,,,,,,,,,,,,,,,,,,,,,,,,,
cell_embedding,A,chip94582.4.13.65.ACCTAGTAACG,day_minus2,T85,basal.subconfluent,-2.0,8124.0,,0.0,8.755537501310187,-0.1730178917525715,,,,,,,,,,,,,,,,,,,,,,,,,,,,,,,,,,
cell_embedding,A,chip94582.4.13.66.ACCTCGAGGCT,day_minus2,T85,basal.subconfluent,-2.0,23688.0,,0.0,10.70008130037543,5.721997334536832,,,,,,,,,,,,,,,,,,,,,,,,,,,,,,,,,,
cell_embedding,A,chip94582.4.13.68.ACGAACGAGTT,day_minus2,T85,basal.subconfluent,-2.0,8461.0,,0.0,11.106391019248663,-2.987107209063488,,,,,,,,,,,,,,,,,,,,,,,,,,,,,,,,,,
cell_embedding,A,chip94582.4.14.19.ACCAAGAGCTC,day_minus2,T85,basal.subconfluent,-2.0,6255.0,,0.0,7.543291300569233,-2.118853044743986,,,,,,,,,,,,,,,,,,,,,,,,,,,,,,,,,,
cell_embedding,A,chip94582.4.14.23.ACCAACTTACC,day_minus2,T85,basal.subconfluent,-2.0,7741.0,,0.0,3.5354314041701156,-0.5310234585712296,,,,,,,,,,,,,,,,,,,,,,,,,,,,,,,,,,
cell_embedding,A,chip94582.4.14.44.ACGAGCTTCGC,day_minus2,T85,basal.subconfluent,-2.0,15299.0,,0.0,12.621093023230724,3.688101132401469,,,,,,,,,,,,,,,,,,,,,,,,,,,,,,,,,,
cell_embedding,A,chip94582.4.14.47.ACGACCTTGAA,day_minus2,T85,basal.subconfluent,-2.0,10111.0,,0.0,-0.6163680828782175,2.2593622782976768,,,,,,,,,,,,,,,,,,,,,,,,,,,,,,,,,,
cell_embedding,A,chip94582.4.14.66.ACCAACCGATC,day_minus2,T85,basal.subconfluent,-2.0,11460.0,,0.0,9.236773997493524,0.7200590953975795,,,,,,,,,,,,,,,,,,,,,,,,,,,,,,,,,,
cell_embedding,A,chip94582.4.14.70.AATAACGGCGT,day_minus2,T85,basal.subconfluent,-2.0,17479.0,,0.0,10.437732665861072,3.925706181533324,,,,,,,,,,,,,,,,,,,,,,,,,,,,,,,,,,
cell_embedding,A,chip94582.4.15.13.ACGTTAGAGCT,day_minus2,T85,basal.subconfluent,-2.0,11455.0,,0.0,10.256782206943967,-0.3975153328319116,,,,,,,,,,,,,,,,,,,,,,,,,,,,,,,,,,
cell_embedding,A,chip94582.4.15.17.ACGCGCTGGAG,day_minus2,T85,basal.subconfluent,-2.0,20144.0,,0.0,11.24766789693361,5.0477002920520455,,,,,,,,,,,,,,,,,,,,,,,,,,,,,,,,,,
cell_embedding,A,chip94582.4.15.20.ACTCAACTCGA,day_minus2,T85,basal.subconfluent,-2.0,8166.0,,0.0,6.617867042182351,-0.9795857984743812,,,,,,,,,,,,,,,,,,,,,,,,,,,,,,,,,,
cell_embedding,A,chip94582.4.15.60.ACGCCTCATTA,day_minus2,T85,basal.subconfluent,-2.0,12571.0,,0.0,7.644305340150153,2.7310619879218914,,,,,,,,,,,,,,,,,,,,,,,,,,,,,,,,,,
cell_embedding,A,chip94582.4.16.16.AGGTCGTCGTC,day_minus2,T85,basal.subconfluent,-2.0,8429.0,,0.0,-5.0637545867289955,1.3017187573386797,,,,,,,,,,,,,,,,,,,,,,,,,,,,,,,,,,
cell_embedding,A,chip94582.4.16.19.AGTACGAGATA,day_minus2,T85,basal.subconfluent,-2.0,5071.0,,0.0,0.1072312441472402,-2.292527969207797,,,,,,,,,,,,,,,,,,,,,,,,,,,,,,,,,,
cell_embedding,A,chip94582.4.16.20.AGTACGGAGCA,day_minus2,T85,basal.subconfluent,-2.0,2887.0,,0.0,-0.0638511134655591,-7.586325915371565,,,,,,,,,,,,,,,,,,,,,,,,,,,,,,,,,,
cell_embedding,A,chip94582.4.16.22.AGGTCGTTGAA,day_minus2,T85,basal.subconfluent,-2.0,5096.0,,0.0,-4.13031038247084,-2.8322385010729096,,,,,,,,,,,,,,,,,,,,,,,,,,,,,,,,,,
cell_embedding,A,chip94582.4.16.23.AGGTTCCAGAT,day_minus2,T85,basal.subconfluent,-2.0,10473.0,0.272933535370518,0.737229497336059,9.890024426891356,-0.2099193337806826,,,,,,,,,,,,,,,,,,,,,,,,,,,,,,,,,,
cell_embedding,A,chip94582.4.16.42.ATGGTTGAGAG,day_minus2,T85,basal.subconfluent,-2.0,4239.0,,0.0,-3.459621320684945,-4.921806803442336,,,,,,,,,,,,,,,,,,,,,,,,,,,,,,,,,,
cell_embedding,A,chip94582.4.16.62.AGGTTGGACGA,day_minus2,T85,basal.subconfluent,-2.0,7740.0,,0.0,-4.164603315904603,1.736395341307532,,,,,,,,,,,,,,,,,,,,,,,,,,,,,,,,,,
cell_embedding,A,chip94582.4.17.17.ATTCTAGTCAT,day_minus2,T85,basal.subconfluent,-2.0,9478.0,,0.0,-3.548457664941077,0.444689181570165,,,,,,,,,,,,,,,,,,,,,,,,,,,,,,,,,,
cell_embedding,A,chip94582.4.17.19.ATTGATAGCAG,day_minus2,T85,basal.subconfluent,-2.0,4065.0,,0.0,4.694053191845408,-7.724415225596347,,,,,,,,,,,,,,,,,,,,,,,,,,,,,,,,,,
cell_embedding,A,chip94582.4.17.22.ATTCGATAGCA,day_minus2,T85,basal.subconfluent,-2.0,12945.0,,0.0,-5.250783387481267,1.801599024023052,,,,,,,,,,,,,,,,,,,,,,,,,,,,,,,,,,
cell_embedding,A,chip94582.4.17.43.AGTTACGCAAC,day_minus2,T85,basal.subconfluent,-2.0,22515.0,,0.0,12.023840808375144,6.9524585165777655,,,,,,,,,,,,,,,,,,,,,,,,,,,,,,,,,,
cell_embedding,A,chip94582.4.17.44.AGTTACGGCAA,day_minus2,T85,basal.subconfluent,-2.0,2155.0,,0.0,-2.8318446238807797,-9.560228592747194,,,,,,,,,,,,,,,,,,,,,,,,,,,,,,,,,,
cell_embedding,A,chip94582.4.45.36.GCTGGCCGGAT,day_minus2,T85,basal.subconfluent,-2.0,5966.0,,0.0,8.539425293988364,-3.292849003061566,,,,,,,,,,,,,,,,,,,,,,,,,,,,,,,,,,
cell_embedding,A,chip94582.4.45.38.GCTGGTCATTC,day_minus2,T85,basal.subconfluent,-2.0,3536.0,0.153150659181957,1.0,7.699116530102288,-7.294568102260006,,,,,,,,,,,,,,,,,,,,,,,,,,,,,,,,,,
cell_embedding,A,chip94582.4.45.41.GCTGGCAGCCG,day_minus2,T85,basal.confluent,-2.0,6910.0,,0.0,9.513583096204965,-0.4868544240826238,,,,,,,,,,,,,,,,,,,,,,,,,,,,,,,,,,
cell_embedding,A,chip94582.4.45.62.GGATGGCTCAT,day_minus2,T85,basal.subconfluent,-2.0,23659.0,,0.0,12.264640734186122,6.331097213254798,,,,,,,,,,,,,,,,,,,,,,,,,,,,,,,,,,
cell_embedding,A,chip94582.4.46.15.GCTTAGTATTC,day_minus2,T85,basal.subconfluent,-2.0,1681.0,,0.0,-2.3235572471278405,-12.457003503107428,,,,,,,,,,,,,,,,,,,,,,,,,,,,,,,,,,
cell_embedding,A,chip94582.4.46.23.GCTTCTCGAAG,day_minus2,T85,basal.subconfluent,-2.0,4556.0,,0.0,6.8893266195998075,-3.9547625716887542,,,,,,,,,,,,,,,,,,,,,,,,,,,,,,,,,,
cell_embedding,A,chip94582.4.46.61.GCTGGTCCGCA,day_minus2,T85,basal.subconfluent,-2.0,3311.0,,0.0,-1.8467014822961163,-7.260167744823207,,,,,,,,,,,,,,,,,,,,,,,,,,,,,,,,,,
cell_embedding,A,chip94582.4.46.63.GCTGGAGTAGG,day_minus2,T85,basal.subconfluent,-2.0,11989.0,,0.0,10.205008417869044,2.733497375059239,,,,,,,,,,,,,,,,,,,,,,,,,,,,,,,,,,
cell_embedding,A,chip94582.4.46.69.GCTGGAGATAT,day_minus2,T85,basal.subconfluent,-2.0,7732.0,,0.0,3.488734975641,0.5518438406044063,,,,,,,,,,,,,,,,,,,,,,,,,,,,,,,,,,
cell_embedding,A,chip94582.4.47.13.GGCTGCGGTCA,day_minus2,T85,basal.subconfluent,-2.0,11085.0,,0.0,12.44624951894242,1.698490974080652,,,,,,,,,,,,,,,,,,,,,,,,,,,,,,,,,,
cell_embedding,A,chip94582.4.47.15.GGCGTAGCTAT,day_minus2,T85,basal.subconfluent,-2.0,759.0,,0.0,-5.033758848718548,-15.411007963709352,,,,,,,,,,,,,,,,,,,,,,,,,,,,,,,,,,
cell_embedding,A,chip94582.4.48.13.GGTTCATCAAG,day_minus2,T85,basal.subconfluent,-2.0,22485.0,,0.0,12.48624761838565,5.789547520936315,,,,,,,,,,,,,,,,,,,,,,,,,,,,,,,,,,
cell_embedding,A,chip94582.4.48.39.GTAGAGTTACG,day_minus2,T85,basal.subconfluent,-2.0,3095.0,,0.0,6.429517320427349,-7.313950394289471,,,,,,,,,,,,,,,,,,,,,,,,,,,,,,,,,,
cell_embedding,A,chip94582.4.48.63.GGTTAGATGGC,day_minus2,T85,basal.subconfluent,-2.0,5770.0,,0.0,5.4173650342823985,-1.66631970890309,,,,,,,,,,,,,,,,,,,,,,,,,,,,,,,,,,
cell_embedding,A,chip94582.4.49.17.GTATAATATCT,day_minus2,T85,basal.subconfluent,-2.0,1421.0,,0.0,-7.424783250929175,-12.439680899563117,,,,,,,,,,,,,,,,,,,,,,,,,,,,,,,,,,
cell_embedding,A,chip94582.4.49.19.GTATCCTAATC,day_minus2,T85,basal.subconfluent,-2.0,1204.0,,0.0,-5.819241178565508,-12.359101045763214,,,,,,,,,,,,,,,,,,,,,,,,,,,,,,,,,,
cell_embedding,A,chip94582.4.49.64.GTAGCGTAACT,day_minus2,T85,basal.subconfluent,-2.0,4299.0,,0.0,2.227997177416441,-4.200128009774087,,,,,,,,,,,,,,,,,,,,,,,,,,,,,,,,,,
cell_embedding,A,chip94582.4.50.12.GGTTGCCGGCC,day_minus2,T85,basal.subconfluent,-2.0,11797.0,,0.0,9.24273920854941,2.386395918901089,,,,,,,,,,,,,,,,,,,,,,,,,,,,,,,,,,
cell_embedding,A,chip94582.4.50.42.GTATATCGAAC,day_minus2,T85,basal.subconfluent,-2.0,2972.0,,0.0,-0.2118311516081691,-9.3184407271959,,,,,,,,,,,,,,,,,,,,,,,,,,,,,,,,,,
cell_embedding,A,chip94582.4.50.43.GTATCTGCTTA,day_minus2,T85,basal.subconfluent,-2.0,5632.0,,0.0,8.118542520023583,-2.564888883142439,,,,,,,,,,,,,,,,,,,,,,,,,,,,,,,,,,
cell_embedding,A,chip94582.4.50.63.GGTTCGCCTCC,day_minus2,T85,basal.subconfluent,-2.0,10001.0,,0.0,2.232130013732789,4.045263528951483,,,,,,,,,,,,,,,,,,,,,,,,,,,,,,,,,,
cell_embedding,A,chip94582.4.50.69.GGTTCGACCAA,day_minus2,T85,basal.subconfluent,-2.0,22675.0,,0.0,11.490052201603447,3.8684827537001594,,,,,,,,,,,,,,,,,,,,,,,,,,,,,,,,,,
cell_embedding,A,chip94582.4.50.71.GGTTCTCAGCA,day_minus2,T85,basal.subconfluent,-2.0,18340.0,,0.0,10.896578634709302,4.67250181653389,,,,,,,,,,,,,,,,,,,,,,,,,,,,,,,,,,
cell_embedding,A,chip94582.4.51.12.GTATTCTGAGC,day_minus2,T85,basal.subconfluent,-2.0,11892.0,,0.0,9.90105476526141,2.640404420195373,,,,,,,,,,,,,,,,,,,,,,,,,,,,,,,,,,
cell_embedding,A,chip94582.4.51.14.GTATTGGAACT,day_minus2,T85,basal.subconfluent,-2.0,2516.0,,0.0,-4.015669255310837,-6.645236798228905,,,,,,,,,,,,,,,,,,,,,,,,,,,,,,,,,,
cell_embedding,A,chip94582.4.51.15.GTATGCTTCAT,day_minus2,T85,basal.subconfluent,-2.0,7550.0,,0.0,9.442959248609512,-0.8407015814108384,,,,,,,,,,,,,,,,,,,,,,,,,,,,,,,,,,
cell_embedding,A,chip94582.4.51.62.GTATTGCCTGA,day_minus2,T85,basal.subconfluent,-2.0,14126.0,,0.0,11.52105335126562,2.8416473689158694,,,,,,,,,,,,,,,,,,,,,,,,,,,,,,,,,,
cell_embedding,A,chip94582.4.51.69.GTATGATCTAC,day_minus2,T85,basal.subconfluent,-2.0,4239.0,,0.0,-0.7025128026880747,-5.476714401181183,,,,,,,,,,,,,,,,,,,,,,,,,,,,,,,,,,
cell_embedding,A,chip94582.4.52.36.GTCCGTTGCCG,day_minus2,T85,basal.subconfluent,-2.0,12433.0,,0.0,12.109589381075772,2.6919162176299616,,,,,,,,,,,,,,,,,,,,,,,,,,,,,,,,,,
cell_embedding,A,chip94582.4.52.43.GTCGACGCGGA,day_minus2,T85,basal.subconfluent,-2.0,8619.0,,0.0,-3.204303996933726,1.7867187708307437,,,,,,,,,,,,,,,,,,,,,,,,,,,,,,,,,,
cell_embedding,A,chip94582.4.52.60.GTACGGTATGA,day_minus2,T85,basal.subconfluent,-2.0,19171.0,,0.0,11.269226360258427,4.021482917790621,,,,,,,,,,,,,,,,,,,,,,,,,,,,,,,,,,
cell_embedding,A,chip94582.4.52.64.GTAAGCGCGCG,day_minus2,T85,basal.subconfluent,-2.0,2789.0,,0.0,-2.78010399206933,-10.726014889508154,,,,,,,,,,,,,,,,,,,,,,,,,,,,,,,,,,
cell_embedding,A,chip94582.4.52.67.GTAGAATAGAG,day_minus2,T85,basal.subconfluent,-2.0,4689.0,,0.0,-2.1289176905511273,-4.863515613000583,,,,,,,,,,,,,,,,,,,,,,,,,,,,,,,,,,
cell_embedding,A,chip94582.4.52.68.GTAGACGGAAC,day_minus2,T85,basal.subconfluent,-2.0,17001.0,,0.0,6.1308476889049786,8.227112963560607,,,,,,,,,,,,,,,,,,,,,,,,,,,,,,,,,,
cell_embedding,A,chip94582.4.53.44.GTTCTATTCTC,day_minus2,T85,basal.subconfluent,-2.0,6144.0,,0.0,0.917194154316508,-0.8394863721367848,,,,,,,,,,,,,,,,,,,,,,,,,,,,,,,,,,
cell_embedding,A,chip94582.4.53.62.GTCGATGAGAA,day_minus2,T85,basal.subconfluent,-2.0,3490.0,,0.0,7.561269561131625,-9.752894962865955,,,,,,,,,,,,,,,,,,,,,,,,,,,,,,,,,,
cell_embedding,A,chip94582.4.53.69.GTCCAATGCGC,day_minus2,T85,basal.subconfluent,-2.0,13259.0,,0.0,10.838899587047912,6.137245649797531,,,,,,,,,,,,,,,,,,,,,,,,,,,,,,,,,,
cell_embedding,A,chip94582.4.9.14.AACTGGAGAGA,day_minus2,T85,basal.subconfluent,-2.0,1835.0,,0.0,-2.509607290459908,-11.496017474088736,,,,,,,,,,,,,,,,,,,,,,,,,,,,,,,,,,
cell_embedding,A,chip94582.4.9.15.AACTGAGGCCA,day_minus2,T85,basal.subconfluent,-2.0,5040.0,,0.0,-4.668879873696786,-2.828946560198832,,,,,,,,,,,,,,,,,,,,,,,,,,,,,,,,,,
cell_embedding,A,chip94582.4.9.20.AACTGGACCGC,day_minus2,T85,basal.subconfluent,-2.0,12378.0,,0.0,11.605867227961632,3.168044136055989,,,,,,,,,,,,,,,,,,,,,,,,,,,,,,,,,,
cell_embedding,A,chip94582.4.9.36.AACTAGGTTCT,day_minus2,T85,basal.subconfluent,-2.0,5914.0,,0.0,-1.7794457444911247,1.1381065548633067,,,,,,,,,,,,,,,,,,,,,,,,,,,,,,,,,,
cell_embedding,A,chip94582.4.9.39.AACTAGATCGG,day_minus2,T85,basal.subconfluent,-2.0,10369.0,,0.0,10.83868611151832,-0.0691487810320283,,,,,,,,,,,,,,,,,,,,,,,,,,,,,,,,,,
cell_embedding,A,chip94582.4.9.40.AACTAGATGAT,day_minus2,T85,basal.subconfluent,-2.0,6952.0,0.347197090180277,0.693671012486171,6.359250832710655,0.1904697790184036,,,,,,,,,,,,,,,,,,,,,,,,,,,,,,,,,,
cell_embedding,A,chip94582.4.9.66.AACTCTTGGAG,day_minus2,T85,basal.subconfluent,-2.0,3849.0,,0.0,-3.7622153332404857,-3.2874558447658115,,,,,,,,,,,,,,,,,,,,,,,,,,,,,,,,,,
cell_embedding,A,chip94582.5.18.50.CAGAATCTCGT,day_12,T85,d.basal,12.0,2480.0,,0.0,-3.301769779026239,-9.412875248513732,,,,,,,,,,,,,,,,,,,,,,,,,,,,,,,,,,
cell_embedding,A,chip94582.5.19.33.CAGCATCATCA,day_12,T85,ciliating.late,12.0,16361.0,0.691874275659708,1.0,-15.293996807114777,9.717306722703531,,,,,,,,,,,,,,,,,,,,,,,,,,,,,,,,,,
cell_embedding,A,chip94582.5.19.4.CCAAGCTCAGT,day_12,T85,ciliating.early,12.0,6542.0,0.538831057609755,1.0,-11.495941739552952,1.962542847064611,,,,,,,,,,,,,,,,,,,,,,,,,,,,,,,,,,
cell_embedding,A,chip94582.5.20.24.CCAATCATTGC,day_12,T85,ciliating.late,12.0,16806.0,0.691874275659708,1.0,-14.23732964602766,9.09793177415751,,,,,,,,,,,,,,,,,,,,,,,,,,,,,,,,,,
cell_embedding,A,chip94582.5.20.28.CCAATAGTTAT,day_12,T85,p.basal,12.0,4799.0,0.462615204991982,0.615105829231701,-3.668410074886177,-5.215885958557207,,,,,,,,,,,,,,,,,,,,,,,,,,,,,,,,,,
cell_embedding,A,chip94582.5.20.8.CCAACCTTATC,day_12,T85,ciliating.late,12.0,18317.0,0.711331087703688,1.0,-14.08930841973262,10.176423541615774,,,,,,,,,,,,,,,,,,,,,,,,,,,,,,,,,,
cell_embedding,A,chip94582.5.21.10.CCGTATTCGGT,day_12,T85,ciliating.early,12.0,10960.0,0.676734294246149,1.0,-13.25031056958169,5.322559019009338,,,,,,,,,,,,,,,,,,,,,,,,,,,,,,,,,,
cell_embedding,A,chip94582.5.21.27.CCGACGAACTA,day_12,T85,ciliating.late,12.0,9826.0,0.652965490628853,1.0,-17.955687269516645,5.221048246969796,,,,,,,,,,,,,,,,,,,,,,,,,,,,,,,,,,
cell_embedding,A,chip94582.5.21.2.CCTAACTTCAT,day_12,T85,p.basal,12.0,7094.0,0.379664219663627,1.0,2.4875373757689654,-1.1776631330367306,,,,,,,,,,,,,,,,,,,,,,,,,,,,,,,,,,
cell_embedding,A,chip94582.5.21.30.CCGAGACTATA,day_12,T85,basal.confluent,12.0,5970.0,,0.0,4.117886812315551,-6.732157366961744,,,,,,,,,,,,,,,,,,,,,,,,,,,,,,,,,,
cell_embedding,A,chip94582.5.22.54.CCGAGGATAGC,day_12,T85,p.basal,12.0,7202.0,0.265996003730133,0.927246952012211,7.632679294198704,-1.7699722514289409,,,,,,,,,,,,,,,,,,,,,,,,,,,,,,,,,,
cell_embedding,A,chip94582.5.24.28.CCTCAAGAATC,day_12,T85,d.basal,12.0,4483.0,0.425419016663735,1.0,0.8706274692887767,-3.6711226711108447,,,,,,,,,,,,,,,,,,,,,,,,,,,,,,,,,,
cell_embedding,A,chip94582.5.24.2.CCGCTTAGACG,day_12,T85,p.basal,12.0,3944.0,0.460611849610502,0.660625478262784,-3.275583789313483,-4.1373405232281115,,,,,,,,,,,,,,,,,,,,,,,,,,,,,,,,,,
cell_embedding,A,chip94582.5.24.51.CCGCCGAAGAT,day_12,T85,p.basal,12.0,6804.0,0.251762411109926,0.89507110090698,5.837645635819578,-2.241069571194113,,,,,,,,,,,,,,,,,,,,,,,,,,,,,,,,,,
cell_embedding,A,chip94582.5.26.2.CGGAGCTTACC,day_12,T85,ciliated,12.0,14566.0,0.838545648989682,1.0,-2.164913683143275,7.499785581558325,,,,,,,,,,,,,,,,,,,,,,,,,,,,,,,,,,
cell_embedding,A,chip94582.5.26.55.CCGTAACCAGA,day_12,T85,d.basal,12.0,4066.0,,0.0,-3.163105277682945,-7.537786687942958,,,,,,,,,,,,,,,,,,,,,,,,,,,,,,,,,,
cell_embedding,A,chip94582.5.54.35.TCATATTGGAC,day_12,T85,d.basal,12.0,2267.0,,0.0,-3.8654725679880944,-8.405742223984987,,,,,,,,,,,,,,,,,,,,,,,,,,,,,,,,,,
cell_embedding,A,chip94582.5.54.9.TATCTGAGGCT,day_12,T85,ciliating.early,12.0,8154.0,0.672427026862657,1.0,-12.21781555595809,4.216877394325943,,,,,,,,,,,,,,,,,,,,,,,,,,,,,,,,,,
cell_embedding,A,chip94582.5.55.29.TATGCTGAAGC,day_12,T85,ciliating.late,12.0,7747.0,0.643827622337377,1.0,-18.61949419373454,2.408562469523311,,,,,,,,,,,,,,,,,,,,,,,,,,,,,,,,,,
cell_embedding,A,chip94582.5.55.56.TCCAGCTGCCG,day_12,T85,ciliating.early,12.0,12325.0,0.679084865964635,1.0,-13.561442420713648,5.019104528362466,,,,,,,,,,,,,,,,,,,,,,,,,,,,,,,,,,
cell_embedding,A,chip94582.5.55.7.TCCATCATCGT,day_12,T85,p.basal,12.0,8194.0,0.446649246524653,0.443164903568845,-5.277891339830367,2.2243599417486015,,,,,,,,,,,,,,,,,,,,,,,,,,,,,,,,,,
cell_embedding,A,chip94582.5.56.26.TCCTATAGTTC,day_12,T85,d.basal,12.0,6255.0,0.320251268884143,1.0,6.27168854231148,1.8426272664254857,,,,,,,,,,,,,,,,,,,,,,,,,,,,,,,,,,
cell_embedding,A,chip94582.5.56.9.TATTCTAGGAA,day_12,T85,ciliating.late,12.0,13820.0,0.698359616441303,1.0,-13.42447104195991,8.285484208780689,,,,,,,,,,,,,,,,,,,,,,,,,,,,,,,,,,
cell_embedding,A,chip94582.5.57.32.TCAGATGGCAG,day_12,T85,d.basal,12.0,4522.0,0.250798090548378,0.806740933686063,4.327827638588719,-2.7707431929936432,,,,,,,,,,,,,,,,,,,,,,,,,,,,,,,,,,
cell_embedding,A,chip94582.5.57.33.TCAACTGATTG,day_12,T85,d.basal,12.0,6728.0,0.43406596389959,0.744285870782485,-3.0010845790130243,1.044307834966083,,,,,,,,,,,,,,,,,,,,,,,,,,,,,,,,,,
cell_embedding,A,chip94582.5.57.57.TCCGCCAGATG,day_12,T85,d.basal,12.0,7281.0,,0.0,-4.939650243331047,0.6843586264722601,,,,,,,,,,,,,,,,,,,,,,,,,,,,,,,,,,
cell_embedding,A,chip94582.5.57.5.TCCTGAGCTCG,day_12,T85,d.basal,12.0,12161.0,0.338544271491682,0.741400511367403,4.751402558686819,6.860717779342664,,,,,,,,,,,,,,,,,,,,,,,,,,,,,,,,,,
cell_embedding,A,chip94582.5.58.27.TCCTGAATTCT,day_12,T85,d.basal,12.0,3409.0,,0.0,0.4133046985797703,-7.224125515081676,,,,,,,,,,,,,,,,,,,,,,,,,,,,,,,,,,
cell_embedding,A,chip94582.5.59.33.TGAATTAATCC,day_12,T85,ciliating.early,12.0,1812.0,0.562752509448637,1.0,-12.60810632188925,-5.249579324354315,,,,,,,,,,,,,,,,,,,,,,,,,,,,,,,,,,
cell_embedding,A,chip94582.5.59.52.TGCCTCGCTGC,day_12,T85,d.basal,12.0,4714.0,,0.0,-5.213923020297647,-4.307272079002371,,,,,,,,,,,,,,,,,,,,,,,,,,,,,,,,,,
cell_embedding,A,chip94582.5.62.6.TGATTGAATGC,day_12,T85,ciliating.late,12.0,6898.0,0.631776765122556,1.0,-17.149005103003464,2.765762065505328,,,,,,,,,,,,,,,,,,,,,,,,,,,,,,,,,,
cell_embedding,A,chip94582.7.28.32.CGTCCGAAGAG,day_14,T85,ciliating.late,14.0,10102.0,0.665935589197647,1.0,-17.136126591909896,6.20635051796686,,,,,,,,,,,,,,,,,,,,,,,,,,,,,,,,,,
cell_embedding,A,chip94582.7.28.35.CGTATGCGAAT,day_14,T85,ciliated,14.0,9709.0,0.727262287890467,1.0,-11.683054468492164,7.687553155486854,,,,,,,,,,,,,,,,,,,,,,,,,,,,,,,,,,
cell_embedding,A,chip94582.7.29.7.CGTTAATCTCT,day_14,T85,ciliating.early,14.0,6620.0,0.658256917179033,1.0,-14.677330075342496,5.039362513380569,,,,,,,,,,,,,,,,,,,,,,,,,,,,,,,,,,
cell_embedding,A,chip94582.7.31.51.CGTTAGGATTA,day_14,T85,p.basal,14.0,1952.0,,0.0,-1.0927529761199837,-8.627492817577245,,,,,,,,,,,,,,,,,,,,,,,,,,,,,,,,,,
cell_embedding,A,chip94582.7.35.48.GAACCGAGCCG,day_14,T85,ciliated,14.0,2087.0,0.579639389268089,1.0,-10.893614331679911,-4.443414815001277,,,,,,,,,,,,,,,,,,,,,,,,,,,,,,,,,,
cell_embedding,A,chip94582.7.64.58.TGGTTCCTAAC,day_14,T85,d.basal,14.0,5033.0,0.215743227205444,0.818174512845716,4.422029438544197,-1.232496069492348,,,,,,,,,,,,,,,,,,,,,,,,,,,,,,,,,,
cell_embedding,A,chip94582.7.66.6.TTAGCGTATGA,day_14,T85,ciliated,14.0,6093.0,0.747389545278644,1.0,-5.960791965765147,1.19164291063489,,,,,,,,,,,,,,,,,,,,,,,,,,,,,,,,,,
cell_embedding,A,chip94582.7.67.1.TTCCTCGCATA,day_14,T85,ciliating.late,14.0,6285.0,0.685541563503664,1.0,-12.657110660999386,6.4871004892915805,,,,,,,,,,,,,,,,,,,,,,,,,,,,,,,,,,
cell_embedding,A,chip94582.7.68.52.TTAGGTAGAAC,day_14,T85,d.basal,14.0,2773.0,,0.0,-3.416432004741392,-4.4354823327128825,,,,,,,,,,,,,,,,,,,,,,,,,,,,,,,,,,
cell_embedding,A,chip94582.7.69.56.TTCGCCTAACG,day_14,T85,ciliated,14.0,10263.0,0.756735614284504,1.0,-8.511383038993149,7.513163643779948,,,,,,,,,,,,,,,,,,,,,,,,,,,,,,,,,,
cell_embedding,A,chip94632.1.0.1.AACGAAGCCAT,day_0,T85,basal.confluent,0.0,14165.0,,0.0,9.442268243955803,3.997272779387069,,,,,,,,,,,,,,,,,,,,,,,,,,,,,,,,,,
cell_embedding,A,chip94632.1.0.31.AACGCCGCTGA,day_0,T85,basal.confluent,0.0,15078.0,,0.0,8.51343534792616,6.731535916374302,,,,,,,,,,,,,,,,,,,,,,,,,,,,,,,,,,
cell_embedding,A,chip94632.1.0.33.AACGCAGTAAG,day_0,T85,basal.confluent,0.0,2786.0,,0.0,1.757445094514034,-4.70587892912187,,,,,,,,,,,,,,,,,,,,,,,,,,,,,,,,,,
cell_embedding,A,chip94632.1.0.35.AACGCCAGAGC,day_0,T85,basal.confluent,0.0,3107.0,,0.0,3.3612171620706115,-2.307687063975312,,,,,,,,,,,,,,,,,,,,,,,,,,,,,,,,,,
cell_embedding,A,chip94632.1.0.3.AACCTTCCGCG,day_0,T85,basal.confluent,0.0,18748.0,,0.0,8.029240696317583,8.218672656137244,,,,,,,,,,,,,,,,,,,,,,,,,,,,,,,,,,
cell_embedding,A,chip94632.1.0.48.AACCTTGATGA,day_0,T85,basal.confluent,0.0,9121.0,,0.0,6.466457793719404,2.11840729013436,,,,,,,,,,,,,,,,,,,,,,,,,,,,,,,,,,
cell_embedding,A,chip94632.1.0.8.AACGAAGCTCG,day_0,T85,basal.confluent,0.0,7287.0,,0.0,8.62178735534417,-1.7184127148258852,,,,,,,,,,,,,,,,,,,,,,,,,,,,,,,,,,
cell_embedding,A,chip94632.1.1.11.AACGCGCAACG,day_0,T85,basal.confluent,0.0,6035.0,,0.0,6.43894942679986,-2.223854245827192,,,,,,,,,,,,,,,,,,,,,,,,,,,,,,,,,,
cell_embedding,A,chip94632.1.1.24.AACGACCTGGC,day_0,T85,basal.confluent,0.0,1714.0,,0.0,0.9564932447093536,-9.951987818487073,,,,,,,,,,,,,,,,,,,,,,,,,,,,,,,,,,
cell_embedding,A,chip94632.1.1.26.AACGACTACGG,day_0,T85,basal.confluent,0.0,4164.0,,0.0,3.143523768157251,-2.690348748491518,,,,,,,,,,,,,,,,,,,,,,,,,,,,,,,,,,
cell_embedding,A,chip94632.1.1.27.AACGAATACCA,day_0,T85,basal.confluent,0.0,4787.0,,0.0,6.578364184608937,-4.175611260426453,,,,,,,,,,,,,,,,,,,,,,,,,,,,,,,,,,
cell_embedding,A,chip94632.1.1.2.AACGCGTCATC,day_0,T85,basal.confluent,0.0,17743.0,,0.0,9.873402418244735,5.255467304571818,,,,,,,,,,,,,,,,,,,,,,,,,,,,,,,,,,
cell_embedding,A,chip94632.1.1.30.AACGACGAAGA,day_0,T85,basal.confluent,0.0,1408.0,,0.0,0.5969344156461054,-9.497489330324935,,,,,,,,,,,,,,,,,,,,,,,,,,,,,,,,,,
cell_embedding,A,chip94632.1.1.3.AACGCCTTCAG,day_0,T85,basal.confluent,0.0,8900.0,,0.0,8.693982100696825,3.3298361823743075,,,,,,,,,,,,,,,,,,,,,,,,,,,,,,,,,,
cell_embedding,A,chip94632.1.1.49.AACGCCTAGCG,day_0,T85,basal.confluent,0.0,19657.0,,0.0,7.5160770416785265,8.39637297278686,,,,,,,,,,,,,,,,,,,,,,,,,,,,,,,,,,
cell_embedding,A,chip94632.1.1.55.AACGCCTATAA,day_0,T85,basal.confluent,0.0,4775.0,,0.0,4.544721307581326,2.2510723535341004,,,,,,,,,,,,,,,,,,,,,,,,,,,,,,,,,,
cell_embedding,A,chip94632.1.1.59.AACGCCATGGA,day_0,T85,basal.confluent,0.0,3111.0,,0.0,4.1841489303944055,-0.5764663499121095,,,,,,,,,,,,,,,,,,,,,,,,,,,,,,,,,,
cell_embedding,A,chip94632.1.2.24.AACGCGCTAAC,day_0,T85,basal.confluent,0.0,24081.0,,0.0,10.208927905011572,9.439439095644389,,,,,,,,,,,,,,,,,,,,,,,,,,,,,,,,,,
cell_embedding,A,chip94632.1.2.32.AACGCTATAGT,day_0,T85,basal.confluent,0.0,2343.0,,0.0,3.416795334777745,-6.109442924523912,,,,,,,,,,,,,,,,,,,,,,,,,,,,,,,,,,
cell_embedding,A,chip94632.1.2.3.AACGAGAAGGT,day_0,T85,basal.confluent,0.0,3128.0,,0.0,0.7693382813441911,-5.6972613449735405,,,,,,,,,,,,,,,,,,,,,,,,,,,,,,,,,,
cell_embedding,A,chip94632.1.2.50.AACGACTTCTA,day_0,T85,basal.confluent,0.0,17459.0,,0.0,9.130611877600964,5.852604803622457,,,,,,,,,,,,,,,,,,,,,,,,,,,,,,,,,,
cell_embedding,A,chip94632.1.2.55.AACGACTCGCA,day_0,T85,basal.confluent,0.0,6528.0,,0.0,5.709713935148561,-0.579587248081982,,,,,,,,,,,,,,,,,,,,,,,,,,,,,,,,,,
cell_embedding,A,chip94632.1.2.57.AACGACCAACC,day_0,T85,basal.confluent,0.0,7993.0,,0.0,7.6958671162454975,-1.0011783610773184,,,,,,,,,,,,,,,,,,,,,,,,,,,,,,,,,,
cell_embedding,A,chip94632.1.2.6.AACGAGGAGAG,day_0,T85,basal.confluent,0.0,654.0,,0.0,-3.0920613557729317,-16.679489699270285,,,,,,,,,,,,,,,,,,,,,,,,,,,,,,,,,,
cell_embedding,A,chip94632.1.2.8.AACGATACTAA,day_0,T85,basal.confluent,0.0,6256.0,,0.0,7.1485690222326985,-0.4972337742923145,,,,,,,,,,,,,,,,,,,,,,,,,,,,,,,,,,
cell_embedding,A,chip94632.1.3.28.AACGAGATTAG,day_0,T85,basal.confluent,0.0,7671.0,,0.0,8.839612044223909,-0.9637122716745006,,,,,,,,,,,,,,,,,,,,,,,,,,,,,,,,,,
cell_embedding,A,chip94632.1.3.29.AACGAGGTAGG,day_0,T85,basal.confluent,0.0,1447.0,,0.0,-0.0430109952539086,-12.602546004725028,,,,,,,,,,,,,,,,,,,,,,,,,,,,,,,,,,
cell_embedding,A,chip94632.1.3.2.AACGGATAATA,day_0,T85,basal.confluent,0.0,1450.0,,0.0,-0.2942222062282333,-12.177113006106136,,,,,,,,,,,,,,,,,,,,,,,,,,,,,,,,,,
cell_embedding,A,chip94632.1.3.50.AACGGAGATAG,day_0,T85,basal.confluent,0.0,10108.0,,0.0,2.855179310311099,6.290992518238449,,,,,,,,,,,,,,,,,,,,,,,,,,,,,,,,,,
cell_embedding,A,chip94632.1.36.1.CTTGAGCGTTG,day_0,T85,basal.confluent,0.0,8835.0,,0.0,9.25332577457484,-1.7858465440609064,,,,,,,,,,,,,,,,,,,,,,,,,,,,,,,,,,
cell_embedding,A,chip94632.1.36.27.GAACCTAATCT,day_0,T85,basal.confluent,0.0,3732.0,,0.0,1.5212632233758352,-3.2514510662932827,,,,,,,,,,,,,,,,,,,,,,,,,,,,,,,,,,
cell_embedding,A,chip94632.1.36.29.GAACCTCGTCG,day_0,T85,basal.confluent,0.0,1095.0,,0.0,-5.147561734494986,-13.083664906177315,,,,,,,,,,,,,,,,,,,,,,,,,,,,,,,,,,
cell_embedding,A,chip94632.1.36.31.GAACCTTCTGC,day_0,T85,basal.confluent,0.0,2761.0,,0.0,0.7423603437542342,-8.183736168842701,,,,,,,,,,,,,,,,,,,,,,,,,,,,,,,,,,
cell_embedding,A,chip94632.1.37.29.GATTGACGTCC,day_0,T85,basal.confluent,0.0,2323.0,,0.0,-1.44043619810825,-7.4350233300606945,,,,,,,,,,,,,,,,,,,,,,,,,,,,,,,,,,
cell_embedding,A,chip94632.1.37.57.GAACCTATGCG,day_0,T85,basal.confluent,0.0,2641.0,,0.0,2.4795306763516396,-5.187194061462808,,,,,,,,,,,,,,,,,,,,,,,,,,,,,,,,,,
cell_embedding,A,chip94632.1.37.5.GCCTCTAGAGC,day_0,T85,basal.confluent,0.0,1020.0,,0.0,-1.101252303671736,-13.309116246181253,,,,,,,,,,,,,,,,,,,,,,,,,,,,,,,,,,
cell_embedding,A,chip94632.1.38.10.GCAAGACGGTC,day_0,T85,basal.confluent,0.0,16289.0,,0.0,11.887073355011916,4.529402979653807,,,,,,,,,,,,,,,,,,,,,,,,,,,,,,,,,,
cell_embedding,A,chip94632.1.38.28.GCCTCGACTGA,day_0,T85,basal.confluent,0.0,3517.0,,0.0,1.4536395340462618,-4.834270236248293,,,,,,,,,,,,,,,,,,,,,,,,,,,,,,,,,,
cell_embedding,A,chip94632.1.38.30.GCCTGCTTACC,day_0,T85,basal.confluent,0.0,2887.0,,0.0,-0.378053186030281,-7.475228727193047,,,,,,,,,,,,,,,,,,,,,,,,,,,,,,,,,,
cell_embedding,A,chip94632.1.38.52.GATTCTCGCCA,day_0,T85,basal.confluent,0.0,10532.0,,0.0,8.879678850386796,2.83943130471978,,,,,,,,,,,,,,,,,,,,,,,,,,,,,,,,,,
cell_embedding,A,chip94632.1.38.54.GCAACCATCCA,day_0,T85,basal.confluent,0.0,9515.0,,0.0,1.3895493391410867,1.889932254363253,,,,,,,,,,,,,,,,,,,,,,,,,,,,,,,,,,
cell_embedding,A,chip94632.1.38.55.GCAACGTATAC,day_0,T85,basal.confluent,0.0,18942.0,,0.0,8.565479797788235,8.937709259272971,,,,,,,,,,,,,,,,,,,,,,,,,,,,,,,,,,
cell_embedding,A,chip94632.1.38.5.GCAAGGCTGCT,day_0,T85,basal.confluent,0.0,7734.0,,0.0,5.899582728063952,1.8619188179994728,,,,,,,,,,,,,,,,,,,,,,,,,,,,,,,,,,
cell_embedding,A,chip94632.1.38.9.GCAACTCGAGT,day_0,T85,basal.confluent,0.0,6662.0,,0.0,7.158141751395208,-0.9971268412684304,,,,,,,,,,,,,,,,,,,,,,,,,,,,,,,,,,
cell_embedding,A,chip94632.1.3.8.AACGGAGTATC,day_0,T85,basal.confluent,0.0,9406.0,,0.0,7.722526670903973,0.1407197380980507,,,,,,,,,,,,,,,,,,,,,,,,,,,,,,,,,,
cell_embedding,A,chip94632.1.39.27.GCAAGCCTTAA,day_0,T85,basal.confluent,0.0,8605.0,,0.0,5.634922200849481,1.3565259780251544,,,,,,,,,,,,,,,,,,,,,,,,,,,,,,,,,,
cell_embedding,A,chip94632.1.39.29.GCAATACGAGG,day_0,T85,basal.confluent,0.0,3037.0,,0.0,0.5431438077063725,-6.80674861558402,,,,,,,,,,,,,,,,,,,,,,,,,,,,,,,,,,
cell_embedding,A,chip94632.1.39.3.GCGCAGACTTC,day_0,T85,basal.confluent,0.0,1679.0,,0.0,0.026492826394889,-10.519687181046557,,,,,,,,,,,,,,,,,,,,,,,,,,,,,,,,,,
cell_embedding,A,chip94632.1.39.49.GCGGAGCGCTC,day_0,T85,basal.confluent,0.0,5442.0,,0.0,2.0605703276995166,0.4469500701037293,,,,,,,,,,,,,,,,,,,,,,,,,,,,,,,,,,
cell_embedding,A,chip94632.1.39.4.GCGCCAGCCTG,day_0,T85,basal.confluent,0.0,8226.0,,0.0,5.601635196314678,1.758991284988226,,,,,,,,,,,,,,,,,,,,,,,,,,,,,,,,,,
cell_embedding,A,chip94632.1.39.52.GCGAGTTGCGC,day_0,T85,basal.confluent,0.0,11437.0,,0.0,8.829121870835063,3.2173525579738937,,,,,,,,,,,,,,,,,,,,,,,,,,,,,,,,,,
cell_embedding,A,chip94632.1.39.53.GCGCTAGGAAT,day_0,T85,basal.confluent,0.0,8295.0,,0.0,6.1065655473322495,2.9145189202088737,,,,,,,,,,,,,,,,,,,,,,,,,,,,,,,,,,
cell_embedding,A,chip94632.1.39.5.GCGCTGGAAGA,day_0,T85,basal.confluent,0.0,16350.0,,0.0,9.226806611889238,4.878861372534672,,,,,,,,,,,,,,,,,,,,,,,,,,,,,,,,,,
cell_embedding,A,chip94632.1.39.6.GCGGAGAGTCC,day_0,T85,basal.confluent,0.0,13622.0,,0.0,9.285922181463285,2.0531372402181876,,,,,,,,,,,,,,,,,,,,,,,,,,,,,,,,,,
cell_embedding,A,chip94632.1.40.31.GCGTCGGTTCT,day_0,T85,basal.confluent,0.0,2025.0,,0.0,0.3348038061546646,-10.063865187355146,,,,,,,,,,,,,,,,,,,,,,,,,,,,,,,,,,
cell_embedding,A,chip94632.1.40.54.GCAGTTGCCAG,day_0,T85,basal.confluent,0.0,12404.0,,0.0,7.885907429437731,5.816287791295752,,,,,,,,,,,,,,,,,,,,,,,,,,,,,,,,,,
cell_embedding,A,chip94632.1.40.59.GCAGTCCAATG,day_0,T85,basal.confluent,0.0,22651.0,,0.0,9.43034624228184,9.115511597026943,,,,,,,,,,,,,,,,,,,,,,,,,,,,,,,,,,
cell_embedding,A,chip94632.1.40.6.GCATATGCGTC,day_0,T85,basal.confluent,0.0,1849.0,,0.0,0.6604537934469286,-10.181273115702616,,,,,,,,,,,,,,,,,,,,,,,,,,,,,,,,,,
cell_embedding,A,chip94632.1.4.0.AACGCAAGCGA,day_0,T85,basal.confluent,0.0,13881.0,,0.0,9.477870807015478,3.993465646661277,,,,,,,,,,,,,,,,,,,,,,,,,,,,,,,,,,
cell_embedding,A,chip94632.1.41.0.GCGTTGAGGCG,day_0,T85,basal.confluent,0.0,13506.0,,0.0,9.35289909055743,2.5137582561956804,,,,,,,,,,,,,,,,,,,,,,,,,,,,,,,,,,
cell_embedding,A,chip94632.1.4.11.AACGCAAGAAT,day_0,T85,basal.confluent,0.0,1602.0,,0.0,-0.2028605454806853,-8.241344704421486,,,,,,,,,,,,,,,,,,,,,,,,,,,,,,,,,,
cell_embedding,A,chip94632.1.41.25.GCCGCCTACGG,day_0,T85,basal.confluent,0.0,6105.0,,0.0,2.6054178039149836,0.1311846872654247,,,,,,,,,,,,,,,,,,,,,,,,,,,,,,,,,,
cell_embedding,A,chip94632.1.41.31.GCCGCCTGGTT,day_0,T85,basal.confluent,0.0,2638.0,,0.0,1.9907608503687464,-8.373087421767968,,,,,,,,,,,,,,,,,,,,,,,,,,,,,,,,,,
cell_embedding,A,chip94632.1.41.33.GCATTATCATA,day_0,T85,basal.confluent,0.0,2450.0,,0.0,1.4880778631528269,-7.277582074798088,,,,,,,,,,,,,,,,,,,,,,,,,,,,,,,,,,
cell_embedding,A,chip94632.1.41.34.GCATTCTAACC,day_0,T85,basal.confluent,0.0,2875.0,,0.0,2.3005380506210877,-7.402066855429897,,,,,,,,,,,,,,,,,,,,,,,,,,,,,,,,,,
cell_embedding,A,chip94632.1.41.49.GCGTCTGAGTA,day_0,T85,basal.confluent,0.0,10510.0,,0.0,8.830892179335697,3.8391045603371703,,,,,,,,,,,,,,,,,,,,,,,,,,,,,,,,,,
cell_embedding,A,chip94632.1.41.56.GCGTCTTGGAT,day_0,T85,basal.confluent,0.0,2410.0,,0.0,3.5432894370986627,-4.994907362433542,,,,,,,,,,,,,,,,,,,,,,,,,,,,,,,,,,
cell_embedding,A,chip94632.1.41.58.GCGGTCGTTAT,day_0,T85,basal.confluent,0.0,12223.0,,0.0,8.724997650080251,4.582103542525042,,,,,,,,,,,,,,,,,,,,,,,,,,,,,,,,,,
cell_embedding,A,chip94632.1.4.1.AACGCAGAAGC,day_0,T85,basal.confluent,0.0,4667.0,,0.0,5.524905261722904,-6.131399263564034,,,,,,,,,,,,,,,,,,,,,,,,,,,,,,,,,,
cell_embedding,A,chip94632.1.42.10.GGCTTAGTATC,day_0,T85,basal.confluent,0.0,13280.0,,0.0,7.8023525272719345,6.2903730788710766,,,,,,,,,,,,,,,,,,,,,,,,,,,,,,,,,,
cell_embedding,A,chip94632.1.42.26.GCTCATGACGC,day_0,T85,basal.confluent,0.0,3001.0,,0.0,3.895112129257772,-9.571651086414969,,,,,,,,,,,,,,,,,,,,,,,,,,,,,,,,,,
cell_embedding,A,chip94632.1.42.2.GGTAAGATCTC,day_0,T85,basal.confluent,0.0,9649.0,,0.0,4.964444068421448,7.170499486581644,,,,,,,,,,,,,,,,,,,,,,,,,,,,,,,,,,
cell_embedding,A,chip94632.1.42.4.GGCTGGTTATG,day_0,T85,basal.confluent,0.0,13339.0,,0.0,10.508336232200854,5.593092300345029,,,,,,,,,,,,,,,,,,,,,,,,,,,,,,,,,,
cell_embedding,A,chip94632.1.42.6.GGTAACCGCGG,day_0,T85,basal.confluent,0.0,12657.0,,0.0,7.417999147617829,6.659696741029166,,,,,,,,,,,,,,,,,,,,,,,,,,,,,,,,,,
cell_embedding,A,chip94632.1.4.31.AACGGTAACGA,day_0,T85,basal.confluent,0.0,2275.0,,0.0,1.1176633807915266,-6.2161186029771125,,,,,,,,,,,,,,,,,,,,,,,,,,,,,,,,,,
cell_embedding,A,chip94632.1.43.33.GGCTTATGAGG,day_0,T85,basal.confluent,0.0,5617.0,0.250830907128479,0.442105719614323,6.947177339266405,-3.165109507391059,,,,,,,,,,,,,,,,,,,,,,,,,,,,,,,,,,
cell_embedding,A,chip94632.1.43.3.GGTCAGTCTCG,day_0,T85,basal.confluent,0.0,7281.0,,0.0,7.132472399022113,0.4145310515412244,,,,,,,,,,,,,,,,,,,,,,,,,,,,,,,,,,
cell_embedding,A,chip94632.1.43.49.GGTCCGGACGA,day_0,T85,basal.confluent,0.0,12002.0,,0.0,9.552508311549015,4.49749383408451,,,,,,,,,,,,,,,,,,,,,,,,,,,,,,,,,,
cell_embedding,A,chip94632.1.43.50.GGTCCTACGGT,day_0,T85,basal.confluent,0.0,10384.0,,0.0,8.177524401242561,3.143591536135964,,,,,,,,,,,,,,,,,,,,,,,,,,,,,,,,,,
cell_embedding,A,chip94632.1.43.56.GGTCCTAAGTA,day_0,T85,basal.confluent,0.0,2614.0,,0.0,1.5822789649991935,-5.077392721610962,,,,,,,,,,,,,,,,,,,,,,,,,,,,,,,,,,
cell_embedding,A,chip94632.1.43.57.GGTCAACCATG,day_0,T85,basal.confluent,0.0,15665.0,,0.0,8.088888800205023,7.216608053636401,,,,,,,,,,,,,,,,,,,,,,,,,,,,,,,,,,
cell_embedding,A,chip94632.1.43.58.GGTCAGCCGCT,day_0,T85,basal.confluent,0.0,8467.0,,0.0,4.790236658604317,-0.4053814581333782,,,,,,,,,,,,,,,,,,,,,,,,,,,,,,,,,,
cell_embedding,A,chip94632.1.43.59.GGTCATATCCA,day_0,T85,basal.confluent,0.0,2438.0,,0.0,1.7865862226307718,-5.874960613360764,,,,,,,,,,,,,,,,,,,,,,,,,,,,,,,,,,
cell_embedding,A,chip94632.1.44.35.GGTCGCCAGTC,day_0,T85,basal.confluent,0.0,9711.0,,0.0,8.79065572800369,3.14308574544237,,,,,,,,,,,,,,,,,,,,,,,,,,,,,,,,,,
cell_embedding,A,chip94632.1.44.50.GGTAGAGAACC,day_0,T85,basal.confluent,0.0,1497.0,,0.0,0.5422532821264817,-10.207603246855008,,,,,,,,,,,,,,,,,,,,,,,,,,,,,,,,,,
cell_embedding,A,chip94632.1.44.51.GGTAATACCTG,day_0,T85,basal.confluent,0.0,4326.0,,0.0,5.749527178196066,-2.723362176631412,,,,,,,,,,,,,,,,,,,,,,,,,,,,,,,,,,
cell_embedding,A,chip94632.1.44.54.GGTACCTAGAC,day_0,T85,basal.confluent,0.0,3013.0,,0.0,4.407263007416054,-4.1639567146382905,,,,,,,,,,,,,,,,,,,,,,,,,,,,,,,,,,
cell_embedding,A,chip94632.1.44.55.GGTAGACGCAT,day_0,T85,basal.confluent,0.0,10932.0,,0.0,7.642029730862696,4.102850684251281,,,,,,,,,,,,,,,,,,,,,,,,,,,,,,,,,,
cell_embedding,A,chip94632.1.44.5.GGTACGGTACC,day_0,T85,basal.confluent,0.0,14350.0,,0.0,10.377138721060724,4.7374946086589365,,,,,,,,,,,,,,,,,,,,,,,,,,,,,,,,,,
cell_embedding,A,chip94632.1.44.8.GGTAGATAGGA,day_0,T85,basal.confluent,0.0,16239.0,,0.0,9.267764358520711,6.003632405513766,,,,,,,,,,,,,,,,,,,,,,,,,,,,,,,,,,
cell_embedding,A,chip94632.1.4.51.AACGATCCTCT,day_0,T85,basal.confluent,0.0,9008.0,,0.0,9.062856025901771,1.683452884111586,,,,,,,,,,,,,,,,,,,,,,,,,,,,,,,,,,
cell_embedding,A,chip94632.1.4.55.AACGCAATACC,day_0,T85,basal.confluent,0.0,1530.0,,0.0,0.6936050551451217,-12.85038136379428,,,,,,,,,,,,,,,,,,,,,,,,,,,,,,,,,,
cell_embedding,A,chip94632.1.5.35.AACTTACGGAG,day_0,T85,basal.confluent,0.0,4793.0,,0.0,5.854991515995323,-4.622234756632716,,,,,,,,,,,,,,,,,,,,,,,,,,,,,,,,,,
cell_embedding,A,chip94632.1.5.50.AACGGTCGATG,day_0,T85,basal.confluent,0.0,13096.0,,0.0,6.678062058102275,5.426028194052518,,,,,,,,,,,,,,,,,,,,,,,,,,,,,,,,,,
cell_embedding,A,chip94632.1.5.57.AACGGCAGGAG,day_0,T85,basal.confluent,0.0,7515.0,,0.0,2.891008898076175,6.435215347425874,,,,,,,,,,,,,,,,,,,,,,,,,,,,,,,,,,
cell_embedding,A,chip94632.1.5.59.AACGGCTAAGC,day_0,T85,basal.confluent,0.0,6454.0,,0.0,5.017981468624128,1.469438741313858,,,,,,,,,,,,,,,,,,,,,,,,,,,,,,,,,,
cell_embedding,A,chip94632.1.5.7.AAGACCAGCCT,day_0,T85,basal.confluent,0.0,16674.0,,0.0,9.040739145698636,7.166793269259843,,,,,,,,,,,,,,,,,,,,,,,,,,,,,,,,,,
cell_embedding,A,chip94632.1.5.8.AAGACCAGGTC,day_0,T85,basal.confluent,0.0,22490.0,,0.0,9.242438275712162,7.10562525289634,,,,,,,,,,,,,,,,,,,,,,,,,,,,,,,,,,
cell_embedding,A,chip94632.1.6.49.AACTTCCAGGA,day_0,T85,basal.confluent,0.0,14860.0,,0.0,9.484670422049923,2.330352525363774,,,,,,,,,,,,,,,,,,,,,,,,,,,,,,,,,,
cell_embedding,A,chip94632.1.6.53.AACTTATACGG,day_0,T85,basal.confluent,0.0,9144.0,,0.0,8.763256613362225,-0.5922826530676406,,,,,,,,,,,,,,,,,,,,,,,,,,,,,,,,,,
cell_embedding,A,chip94632.1.6.9.AACTTCTAACG,day_0,T85,basal.confluent,0.0,5765.0,,0.0,2.0010972256370367,0.1430454072283616,,,,,,,,,,,,,,,,,,,,,,,,,,,,,,,,,,
cell_embedding,A,chip94632.1.7.0.AAGACGATATG,day_0,T85,basal.confluent,0.0,9397.0,,0.0,5.376512443623844,6.4259213832395154,,,,,,,,,,,,,,,,,,,,,,,,,,,,,,,,,,
cell_embedding,A,chip94632.1.7.10.AAGACCTCGCT,day_0,T85,basal.confluent,0.0,2372.0,,0.0,1.971580613435508,-6.669533963754379,,,,,,,,,,,,,,,,,,,,,,,,,,,,,,,,,,
cell_embedding,A,chip94632.1.7.11.AAGACGAGAGA,day_0,T85,basal.confluent,0.0,6899.0,,0.0,2.338834644378714,2.1244527786565244,,,,,,,,,,,,,,,,,,,,,,,,,,,,,,,,,,
cell_embedding,A,chip94632.1.7.26.AAGAACGACTA,day_0,T85,basal.confluent,0.0,6402.0,,0.0,7.646964092886812,-2.366768662064954,,,,,,,,,,,,,,,,,,,,,,,,,,,,,,,,,,
cell_embedding,A,chip94632.1.7.58.AAGACCGTAGG,day_0,T85,basal.confluent,0.0,3299.0,,0.0,2.0117119993093993,-3.5129473362357437,,,,,,,,,,,,,,,,,,,,,,,,,,,,,,,,,,
cell_embedding,A,chip94632.1.8.31.AAGACTGAATC,day_0,T85,basal.confluent,0.0,17258.0,,0.0,8.815215737264381,7.952668875558656,,,,,,,,,,,,,,,,,,,,,,,,,,,,,,,,,,
cell_embedding,A,chip94632.1.8.4.AAGAACTAATC,day_0,T85,basal.confluent,0.0,9701.0,,0.0,7.857861684476426,2.6182195301613316,,,,,,,,,,,,,,,,,,,,,,,,,,,,,,,,,,
cell_embedding,A,chip94632.1.8.55.AAGAAGACGCC,day_0,T85,basal.confluent,0.0,7364.0,,0.0,8.759562094805203,-2.996105704179124,,,,,,,,,,,,,,,,,,,,,,,,,,,,,,,,,,
cell_embedding,A,chip94632.2.0.14.AACCAATCTCT,day_1,T85,d.basal,1.0,7767.0,0.281673154696171,1.0,9.236341654731667,0.5484622078904408,,,,,,,,,,,,,,,,,,,,,,,,,,,,,,,,,,
cell_embedding,A,chip94632.2.1.14.AACCGTTAACT,day_1,T85,p.basal,1.0,9414.0,0.297734906756566,1.0,8.19691117689092,4.017759279409075,,,,,,,,,,,,,,,,,,,,,,,,,,,,,,,,,,
cell_embedding,A,chip94632.2.1.15.AACCGGACGGA,day_1,T85,d.basal,1.0,5586.0,0.178328542988026,1.0,8.989611219614098,-4.817234698272388,,,,,,,,,,,,,,,,,,,,,,,,,,,,,,,,,,
cell_embedding,A,chip94632.2.1.17.AACCGGCGTCT,day_1,T85,p.basal,1.0,15228.0,0.247364753637935,1.0,12.53571650550606,0.7544719931763597,,,,,,,,,,,,,,,,,,,,,,,,,,,,,,,,,,
cell_embedding,A,chip94632.2.1.22.AACCGGATATG,day_1,T85,d.basal,1.0,9768.0,,0.0,2.6890659046126553,4.369527974675255,,,,,,,,,,,,,,,,,,,,,,,,,,,,,,,,,,
cell_embedding,A,chip94632.2.1.47.AACCAGACTTA,day_1,T85,p.basal,1.0,5627.0,0.364523572218139,0.627349467409195,3.8065777942672345,-0.273928954392354,,,,,,,,,,,,,,,,,,,,,,,,,,,,,,,,,,
cell_embedding,A,chip94632.2.1.61.AACCGCTCATT,day_1,T85,p.basal,1.0,8488.0,0.354641352962465,0.403426353827934,4.815314525445931,3.662766305243949,,,,,,,,,,,,,,,,,,,,,,,,,,,,,,,,,,
cell_embedding,A,chip94632.2.1.64.AACCGCCAGTC,day_1,T85,p.basal,1.0,3813.0,0.142031785324448,0.984613274707998,5.619456632380491,-6.6252570670123445,,,,,,,,,,,,,,,,,,,,,,,,,,,,,,,,,,
cell_embedding,A,chip94632.2.1.66.AACCGCGCAGG,day_1,T85,p.basal,1.0,7562.0,0.229070751731466,1.0,9.20099139600518,-2.572973649943084,,,,,,,,,,,,,,,,,,,,,,,,,,,,,,,,,,
cell_embedding,A,chip94632.2.2.14.AACCATGGCAG,day_1,T85,d.basal,1.0,4491.0,,0.0,1.5148933440828447,-3.1313723980833053,,,,,,,,,,,,,,,,,,,,,,,,,,,,,,,,,,
cell_embedding,A,chip94632.2.2.15.AACCAGTAGCG,day_1,T85,p.basal,1.0,5810.0,0.398808546190357,0.40347250546282,0.01191047664938,2.6548885990065574,,,,,,,,,,,,,,,,,,,,,,,,,,,,,,,,,,
cell_embedding,A,chip94632.2.2.65.AACCAGAGTAT,day_1,T85,p.basal,1.0,3409.0,0.126522225946738,1.0,6.556385342547902,-6.453509291061225,,,,,,,,,,,,,,,,,,,,,,,,,,,,,,,,,,
cell_embedding,A,chip94632.2.2.71.AACCAGATAGT,day_1,T85,p.basal,1.0,4184.0,0.173284544472957,1.0,7.084909920368065,-4.3152401182773215,,,,,,,,,,,,,,,,,,,,,,,,,,,,,,,,,,
cell_embedding,A,chip94632.2.3.13.AACCTCATGGT,day_1,T85,p.basal,1.0,15939.0,0.292964210603374,1.0,9.927592783654022,4.813139999149229,,,,,,,,,,,,,,,,,,,,,,,,,,,,,,,,,,
cell_embedding,A,chip94632.2.3.18.AACCTATTCAT,day_1,T85,d.basal,1.0,22308.0,,0.0,8.425515100680633,11.501967379921158,,,,,,,,,,,,,,,,,,,,,,,,,,,,,,,,,,
cell_embedding,A,chip94632.2.36.18.CTCCTAACTTC,day_1,T85,p.basal,1.0,5969.0,0.408682978353455,0.334101857574711,-0.0343539410893071,1.6629209098208289,,,,,,,,,,,,,,,,,,,,,,,,,,,,,,,,,,
cell_embedding,A,chip94632.2.36.42.CTGGAGAGCTG,day_1,T85,basal.confluent,1.0,2659.0,,0.0,-2.3501456850043265,-7.74641546909492,,,,,,,,,,,,,,,,,,,,,,,,,,,,,,,,,,
cell_embedding,A,chip94632.2.36.63.CTCCATCTGCG,day_1,T85,p.basal,1.0,2379.0,0.0612103694440589,1.0,3.8105774450334966,-11.773090090738624,,,,,,,,,,,,,,,,,,,,,,,,,,,,,,,,,,
cell_embedding,A,chip94632.2.36.71.CTCCGCGAGAC,day_1,T85,p.basal,1.0,3381.0,,0.0,5.734166126104839,-8.203375372776415,,,,,,,,,,,,,,,,,,,,,,,,,,,,,,,,,,
cell_embedding,A,chip94632.2.37.16.GAAGCAGTATG,day_1,T85,p.basal,1.0,6822.0,0.392634980986977,0.287183395600958,0.7461621587169088,2.9686788545054705,,,,,,,,,,,,,,,,,,,,,,,,,,,,,,,,,,
cell_embedding,A,chip94632.2.37.38.GAACGGCAATC,day_1,T85,d.basal,1.0,2638.0,,0.0,2.922779029855746,-9.132804284858056,,,,,,,,,,,,,,,,,,,,,,,,,,,,,,,,,,
cell_embedding,A,chip94632.2.37.43.GAACGGACTCG,day_1,T85,p.basal,1.0,5253.0,0.368740675348567,0.971012547911491,4.394010562598667,-3.352580408075938,,,,,,,,,,,,,,,,,,,,,,,,,,,,,,,,,,
cell_embedding,A,chip94632.2.37.44.GAACGGAGAGT,day_1,T85,p.basal,1.0,6074.0,0.301603282436442,1.0,6.605680919929664,-0.98867148084608,,,,,,,,,,,,,,,,,,,,,,,,,,,,,,,,,,
cell_embedding,A,chip94632.2.38.13.GAACTAGGCGG,day_1,T85,p.basal,1.0,11835.0,0.37511641342451,0.168457017886316,2.9517707701386326,3.657302542065249,,,,,,,,,,,,,,,,,,,,,,,,,,,,,,,,,,
cell_embedding,A,chip94632.2.38.15.GAACGTAGCGC,day_1,T85,d.basal,1.0,5310.0,0.333728038429782,0.782290306557096,5.198194317923832,-3.2940460798133597,,,,,,,,,,,,,,,,,,,,,,,,,,,,,,,,,,
cell_embedding,A,chip94632.2.38.45.GAAGCATGACC,day_1,T85,d.basal,1.0,9285.0,0.31962687821541,1.0,7.161373616138997,1.601220726984376,,,,,,,,,,,,,,,,,,,,,,,,,,,,,,,,,,
cell_embedding,A,chip94632.2.38.64.GAACGCAAGAC,day_1,T85,d.basal,1.0,10217.0,0.347861965421246,0.7076788564042,4.6922768676209765,4.538952645085265,,,,,,,,,,,,,,,,,,,,,,,,,,,,,,,,,,
cell_embedding,A,chip94632.2.38.68.GAACGGTACGC,day_1,T85,p.basal,1.0,5682.0,0.176423914716701,0.990317448846059,7.4778321724326755,-4.685137209502805,,,,,,,,,,,,,,,,,,,,,,,,,,,,,,,,,,
cell_embedding,A,chip94632.2.39.13.GAGAAGCGAGT,day_1,T85,p.basal,1.0,2634.0,,0.0,4.059890052195253,-8.244855909731333,,,,,,,,,,,,,,,,,,,,,,,,,,,,,,,,,,
cell_embedding,A,chip94632.2.39.20.GAGAAGCTGGC,day_1,T85,p.basal,1.0,2218.0,0.484402042506268,0.332086235984451,-3.764133939651359,-5.416660661098556,,,,,,,,,,,,,,,,,,,,,,,,,,,,,,,,,,
cell_embedding,A,chip94632.2.39.23.GACTTGCATAA,day_1,T85,p.basal,1.0,3206.0,0.426035530986891,0.74138429783029,-0.5536528811585346,-2.7535444302908916,,,,,,,,,,,,,,,,,,,,,,,,,,,,,,,,,,
cell_embedding,A,chip94632.2.39.38.GAACTCGGTCT,day_1,T85,d.basal,1.0,2436.0,,0.0,2.276968031895205,-10.126668572652678,,,,,,,,,,,,,,,,,,,,,,,,,,,,,,,,,,
cell_embedding,A,chip94632.2.39.61.GAGAACTGCCG,day_1,T85,p.basal,1.0,7573.0,0.296323041548373,1.0,8.344143134640852,5.478193575086205,,,,,,,,,,,,,,,,,,,,,,,,,,,,,,,,,,
cell_embedding,A,chip94632.2.39.66.GACTCGCTCAT,day_1,T85,p.basal,1.0,7493.0,0.289473236058583,0.799396996173472,7.943484773185307,5.0135963811525075,,,,,,,,,,,,,,,,,,,,,,,,,,,,,,,,,,
cell_embedding,A,chip94632.2.40.61.GAAGAATCCGG,day_1,T85,p.basal,1.0,17659.0,0.296323041548373,0.500537257396282,10.84405916964056,6.432362360550497,,,,,,,,,,,,,,,,,,,,,,,,,,,,,,,,,,
cell_embedding,A,chip94632.2.40.64.GAACTCTCAGT,day_1,T85,d.basal,1.0,16366.0,,0.0,9.352289482320096,7.655916344787756,,,,,,,,,,,,,,,,,,,,,,,,,,,,,,,,,,
cell_embedding,A,chip94632.2.41.12.GATCTCTTGAC,day_1,T85,d.basal,1.0,12212.0,,0.0,8.881168502845524,6.932307828439322,,,,,,,,,,,,,,,,,,,,,,,,,,,,,,,,,,
cell_embedding,A,chip94632.2.41.13.GATGCGTTGGC,day_1,T85,p.basal,1.0,17797.0,0.947361939537527,0.192527709715311,6.2369294142968545,9.500344483628773,,,,,,,,,,,,,,,,,,,,,,,,,,,,,,,,,,
cell_embedding,A,chip94632.2.41.19.GATGGATCAAC,day_1,T85,p.basal,1.0,1586.0,,0.0,2.96613701461131,-12.348948502296684,,,,,,,,,,,,,,,,,,,,,,,,,,,,,,,,,,
cell_embedding,A,chip94632.2.41.43.GAAGATGAAGT,day_1,T85,d.basal,1.0,7001.0,,0.0,4.095668636597373,1.3581423142421356,,,,,,,,,,,,,,,,,,,,,,,,,,,,,,,,,,
cell_embedding,A,chip94632.2.41.47.GAAGAGGAATG,day_1,T85,d.basal,1.0,13247.0,0.322870196060927,0.739523568419481,8.233920554750947,4.3009927676420086,,,,,,,,,,,,,,,,,,,,,,,,,,,,,,,,,,
cell_embedding,A,chip94632.2.4.15.AACCGAATACT,day_1,T85,p.basal,1.0,2117.0,,0.0,2.7062599348690473,-12.12260689362181,,,,,,,,,,,,,,,,,,,,,,,,,,,,,,,,,,
cell_embedding,A,chip94632.2.41.60.GAGTACTTGGC,day_1,T85,d.basal,1.0,22729.0,,0.0,8.748754453566413,9.886574923174749,,,,,,,,,,,,,,,,,,,,,,,,,,,,,,,,,,
cell_embedding,A,chip94632.2.41.67.GAGTTATTAGT,day_1,T85,p.basal,1.0,12092.0,0.950673704612565,0.882696262260694,6.433549717184445,9.249439543507409,,,,,,,,,,,,,,,,,,,,,,,,,,,,,,,,,,
cell_embedding,A,chip94632.2.4.18.AACCGAGGTTG,day_1,T85,d.basal,1.0,17501.0,0.284834144820722,1.0,11.15384757384349,4.786546758586491,,,,,,,,,,,,,,,,,,,,,,,,,,,,,,,,,,
cell_embedding,A,chip94632.2.42.15.GCTCCAGCTTC,day_1,T85,p.basal,1.0,11750.0,0.309928315424775,0.706271347170169,9.534119230912664,5.155446502384143,,,,,,,,,,,,,,,,,,,,,,,,,,,,,,,,,,
cell_embedding,A,chip94632.2.42.21.GCTCCAGCCGT,day_1,T85,p.basal,1.0,9962.0,0.306483981729125,1.0,7.969384896806929,1.4961607702061062,,,,,,,,,,,,,,,,,,,,,,,,,,,,,,,,,,
cell_embedding,A,chip94632.2.42.38.GATTCATGCCG,day_1,T85,p.basal,1.0,854.0,,0.0,-1.6030707322794753,-15.513767887813936,,,,,,,,,,,,,,,,,,,,,,,,,,,,,,,,,,
cell_embedding,A,chip94632.2.4.23.AACCGAGAGCA,day_1,T85,p.basal,1.0,1947.0,,0.0,1.5752363143585346,-13.078285442778844,,,,,,,,,,,,,,,,,,,,,,,,,,,,,,,,,,
cell_embedding,A,chip94632.2.43.17.GGAGCGTTGGT,day_1,T85,p.basal,1.0,9172.0,0.330308847707978,0.681570085103765,6.466733234174941,2.8712510636035984,,,,,,,,,,,,,,,,,,,,,,,,,,,,,,,,,,
cell_embedding,A,chip94632.2.43.19.GGAGTCCGAGG,day_1,T85,p.basal,1.0,23307.0,,0.0,10.862878165334662,8.869475237269073,,,,,,,,,,,,,,,,,,,,,,,,,,,,,,,,,,
cell_embedding,A,chip94632.2.43.44.GCTCTTCCGTT,day_1,T85,p.basal,1.0,15872.0,0.309928315424775,0.262057730928211,9.078246915075509,7.180194016389689,,,,,,,,,,,,,,,,,,,,,,,,,,,,,,,,,,
cell_embedding,A,chip94632.2.43.47.GCTCGGCTTGA,day_1,T85,p.basal,1.0,4055.0,0.221170661057731,0.94354698530228,5.670673593284268,-2.3759938470551645,,,,,,,,,,,,,,,,,,,,,,,,,,,,,,,,,,
cell_embedding,A,chip94632.2.43.64.GGAACCAGTAC,day_1,T85,p.basal,1.0,9709.0,0.293204622830258,1.0,8.354652760896363,3.136404676762775,,,,,,,,,,,,,,,,,,,,,,,,,,,,,,,,,,
cell_embedding,A,chip94632.2.43.67.GGAGGTCTTGC,day_1,T85,d.basal,1.0,16868.0,,0.0,11.589949305633487,5.797809565616349,,,,,,,,,,,,,,,,,,,,,,,,,,,,,,,,,,
cell_embedding,A,chip94632.2.4.36.AACCTCTATAC,day_1,T85,d.basal,1.0,12259.0,0.27227111966213,0.641670852805761,11.509853951190085,4.599134082662576,,,,,,,,,,,,,,,,,,,,,,,,,,,,,,,,,,
cell_embedding,A,chip94632.2.4.40.AACCTCCTGAA,day_1,T85,d.basal,1.0,12628.0,0.312933076758921,1.0,7.914799059310479,5.798871800546946,,,,,,,,,,,,,,,,,,,,,,,,,,,,,,,,,,
cell_embedding,A,chip94632.2.44.17.GCTGCAGTCGA,day_1,T85,p.basal,1.0,11869.0,0.335091170908676,0.485761642545873,6.13858974104365,6.276468697668363,,,,,,,,,,,,,,,,,,,,,,,,,,,,,,,,,,
cell_embedding,A,chip94632.2.44.19.GCTGCTCCTTA,day_1,T85,p.basal,1.0,2353.0,0.0769333677703509,1.0,3.5623262961332967,-10.213081467330944,,,,,,,,,,,,,,,,,,,,,,,,,,,,,,,,,,
cell_embedding,A,chip94632.2.44.20.GCTGCTGAGGA,day_1,T85,d.basal,1.0,4832.0,0.377036822118245,0.751716435414092,3.716649957450128,-1.6095037220415642,,,,,,,,,,,,,,,,,,,,,,,,,,,,,,,,,,
cell_embedding,A,chip94632.2.4.42.AACCTCTCCGG,day_1,T85,d.basal,1.0,12080.0,0.24021435528219,0.996601727224946,11.500817685685004,0.1487285262812032,,,,,,,,,,,,,,,,,,,,,,,,,,,,,,,,,,
cell_embedding,A,chip94632.2.44.63.GCTCTTCTCAA,day_1,T85,d.basal,1.0,11747.0,0.303135704214186,1.0,7.715816060817001,3.278083217113473,,,,,,,,,,,,,,,,,,,,,,,,,,,,,,,,,,
cell_embedding,A,chip94632.2.44.64.GCTGAAGGATA,day_1,T85,p.basal,1.0,3998.0,0.184815069560485,0.972421646462367,6.133387734656775,-3.6785592248344576,,,,,,,,,,,,,,,,,,,,,,,,,,,,,,,,,,
cell_embedding,A,chip94632.2.4.46.AACCTCGAACT,day_1,T85,d.basal,1.0,6419.0,0.250650698379407,1.0,6.947574649384562,-2.8414456819091876,,,,,,,,,,,,,,,,,,,,,,,,,,,,,,,,,,
cell_embedding,A,chip94632.2.44.70.GCTGAGAAGAT,day_1,T85,p.basal,1.0,17832.0,0.959819517382336,0.218013099719437,6.818358607312879,9.186090456636762,,,,,,,,,,,,,,,,,,,,,,,,,,,,,,,,,,
cell_embedding,A,chip94632.2.4.67.AACCGATACCG,day_1,T85,d.basal,1.0,7557.0,0.241255922357521,1.0,10.48198423048824,-1.562319967531373,,,,,,,,,,,,,,,,,,,,,,,,,,,,,,,,,,
cell_embedding,A,chip94632.2.5.17.AACTCAATTCT,day_1,T85,p.basal,1.0,11288.0,0.281275773762856,0.706536635235758,10.014495143782128,4.806184143637024,,,,,,,,,,,,,,,,,,,,,,,,,,,,,,,,,,
cell_embedding,A,chip94632.2.5.19.AACTCATCTCA,day_1,T85,p.basal,1.0,3541.0,0.193070824954354,0.815349814651654,4.503562946552979,-3.462734924069815,,,,,,,,,,,,,,,,,,,,,,,,,,,,,,,,,,
cell_embedding,A,chip94632.2.5.23.AACTCAGACTT,day_1,T85,p.basal,1.0,8983.0,0.260430430323438,1.0,10.87656843732256,1.7894992309160236,,,,,,,,,,,,,,,,,,,,,,,,,,,,,,,,,,
cell_embedding,A,chip94632.2.5.39.AACGGTTCCAA,day_1,T85,p.basal,1.0,4190.0,0.377178964731906,1.0,3.998876574338875,-3.397878352819227,,,,,,,,,,,,,,,,,,,,,,,,,,,,,,,,,,
cell_embedding,A,chip94632.2.5.44.AACGTCAATAT,day_1,T85,p.basal,1.0,12869.0,0.323500029230941,0.458515954264818,8.146169710790259,7.599546393562355,,,,,,,,,,,,,,,,,,,,,,,,,,,,,,,,,,
cell_embedding,A,chip94632.2.5.45.AACGGTCGTAA,day_1,T85,p.basal,1.0,1917.0,0.0476883255973944,1.0,2.284181462885505,-12.889561499483978,,,,,,,,,,,,,,,,,,,,,,,,,,,,,,,,,,
cell_embedding,A,chip94632.2.5.62.AACCTGGTATT,day_1,T85,p.basal,1.0,3273.0,0.144054460752455,1.0,3.7259039661845264,-6.766758480242862,,,,,,,,,,,,,,,,,,,,,,,,,,,,,,,,,,
cell_embedding,A,chip94632.2.5.63.AACCTCGCATC,day_1,T85,p.basal,1.0,4679.0,0.340036317097324,1.0,5.332111068648768,-0.0275883349451984,,,,,,,,,,,,,,,,,,,,,,,,,,,,,,,,,,
cell_embedding,A,chip94632.2.6.23.AACGTTAGGCC,day_1,T85,d.basal,1.0,10717.0,0.275628608989948,1.0,10.645743850338826,0.7651071019762484,,,,,,,,,,,,,,,,,,,,,,,,,,,,,,,,,,
cell_embedding,A,chip94632.2.6.44.AACTCCAATCC,day_1,T85,p.basal,1.0,3295.0,0.366644611063898,1.0,3.56563998213138,-1.913336541954484,,,,,,,,,,,,,,,,,,,,,,,,,,,,,,,,,,
cell_embedding,A,chip94632.2.6.46.AACTCAATGAG,day_1,T85,d.basal,1.0,10539.0,0.275424741894207,1.0,10.535535271431057,2.148132706206909,,,,,,,,,,,,,,,,,,,,,,,,,,,,,,,,,,
cell_embedding,A,chip94632.2.6.65.AACGTAGATCT,day_1,T85,d.basal,1.0,9933.0,,0.0,4.340588286393254,7.861050473298048,,,,,,,,,,,,,,,,,,,,,,,,,,,,,,,,,,
cell_embedding,A,chip94632.2.6.69.AACGTAATATA,day_1,T85,p.basal,1.0,17651.0,0.981791271738368,0.621712809087201,9.72280073486793,8.89113670370499,,,,,,,,,,,,,,,,,,,,,,,,,,,,,,,,,,
cell_embedding,A,chip94632.2.6.70.AACGTACCAAC,day_1,T85,p.basal,1.0,4657.0,0.171830182087747,0.981654667975073,7.4292477448716605,-4.700558230657184,,,,,,,,,,,,,,,,,,,,,,,,,,,,,,,,,,
cell_embedding,A,chip94632.2.7.13.AACTCGGAACT,day_1,T85,p.basal,1.0,6828.0,0.242860647707024,0.950584340703574,7.794436744297339,-2.1101745802439877,,,,,,,,,,,,,,,,,,,,,,,,,,,,,,,,,,
cell_embedding,A,chip94632.2.7.17.AACTCGAGATC,day_1,T85,basal.confluent,1.0,5149.0,,0.0,-0.2059265408959806,-2.4804970700663436,,,,,,,,,,,,,,,,,,,,,,,,,,,,,,,,,,
cell_embedding,A,chip94632.2.7.23.AACTCGATGGC,day_1,T85,d.basal,1.0,13221.0,0.280276070418094,1.0,11.752381305394517,3.1067487279033017,,,,,,,,,,,,,,,,,,,,,,,,,,,,,,,,,,
cell_embedding,A,chip94632.2.7.37.AACTAAGGCGC,day_1,T85,d.basal,1.0,8705.0,0.262514846873174,1.0,10.629516851315326,0.5651180494796341,,,,,,,,,,,,,,,,,,,,,,,,,,,,,,,,,,
cell_embedding,A,chip94632.2.7.45.AACGTCTCATA,day_1,T85,d.basal,1.0,21659.0,,0.0,10.77051299891863,8.304643054736163,,,,,,,,,,,,,,,,,,,,,,,,,,,,,,,,,,
cell_embedding,A,chip94632.2.7.47.AACGTTGGCCT,day_1,T85,d.basal,1.0,9679.0,,0.0,3.9578156598548544,4.518204199280667,,,,,,,,,,,,,,,,,,,,,,,,,,,,,,,,,,
cell_embedding,A,chip94632.2.7.62.AACTCGCTCGA,day_1,T85,d.basal,1.0,15893.0,,0.0,8.862535654603395,7.0117532784596115,,,,,,,,,,,,,,,,,,,,,,,,,,,,,,,,,,
cell_embedding,A,chip94632.2.7.64.AACTCCGAGGC,day_1,T85,p.basal,1.0,15958.0,0.27598174974399,0.709771513062422,11.351826586699062,4.242447262910153,,,,,,,,,,,,,,,,,,,,,,,,,,,,,,,,,,
cell_embedding,A,chip94632.2.7.69.AACTCCATAAC,day_1,T85,basal.subconfluent,1.0,15339.0,,0.0,10.083195111142205,6.647337760884708,,,,,,,,,,,,,,,,,,,,,,,,,,,,,,,,,,
cell_embedding,A,chip94632.2.8.22.AACTACCTCCT,day_1,T85,d.basal,1.0,16478.0,,0.0,4.438362475066231,7.985200578765848,,,,,,,,,,,,,,,,,,,,,,,,,,,,,,,,,,
cell_embedding,A,chip94632.2.8.43.AACTGAAGGAC,day_1,T85,d.basal,1.0,6873.0,0.246758635029719,1.0,10.198473646283324,-2.254695689523944,,,,,,,,,,,,,,,,,,,,,,,,,,,,,,,,,,
cell_embedding,A,chip94632.2.8.45.AACTCGTTAAG,day_1,T85,p.basal,1.0,20978.0,0.296323041548373,0.214369607031367,10.321827566389004,8.570316655002866,,,,,,,,,,,,,,,,,,,,,,,,,,,,,,,,,,
cell_embedding,A,chip94632.2.8.47.AACTCTCGGCA,day_1,T85,p.basal,1.0,2663.0,0.118474277331966,1.0,4.083902230675377,-7.086363949641489,,,,,,,,,,,,,,,,,,,,,,,,,,,,,,,,,,
cell_embedding,A,chip94632.2.8.61.AACTACGTACG,day_1,T85,d.basal,1.0,13813.0,,0.0,4.231706822294033,7.973628113551091,,,,,,,,,,,,,,,,,,,,,,,,,,,,,,,,,,
cell_embedding,A,chip94632.2.8.64.AACTAATTCAG,day_1,T85,p.basal,1.0,11344.0,0.31671206413748,0.593003078357712,7.1516687099339515,7.934323503451616,,,,,,,,,,,,,,,,,,,,,,,,,,,,,,,,,,
cell_embedding,A,chip94632.3.10.0.ACTTCTCAAGA,day_21,T85,ciliating.early,21.0,1477.0,0.524435558898337,1.0,-5.441592757134196,-7.769764766632555,,,,,,,,,,,,,,,,,,,,,,,,,,,,,,,,,,
cell_embedding,A,chip94632.3.10.11.ACTTCGCAGGT,day_21,T85,d.basal,21.0,1677.0,,0.0,-2.1249822542797614,-12.738164839747236,,,,,,,,,,,,,,,,,,,,,,,,,,,,,,,,,,
cell_embedding,A,chip94632.3.10.24.AAGAGAGAACG,day_21,T85,ciliating.late,21.0,8853.0,0.677278137184303,1.0,-15.66367532567632,7.301728754854508,,,,,,,,,,,,,,,,,,,,,,,,,,,,,,,,,,
cell_embedding,A,chip94632.3.10.48.AAGAAGTCTAT,day_21,T85,ciliating.late,21.0,5379.0,0.673848911752169,1.0,-12.46496951047501,4.869706189669063,,,,,,,,,,,,,,,,,,,,,,,,,,,,,,,,,,
cell_embedding,A,chip94632.3.10.54.AAGAAGTTGAC,day_21,T85,p.basal,21.0,2797.0,,0.0,-3.2384252837050873,-8.002033007400192,,,,,,,,,,,,,,,,,,,,,,,,,,,,,,,,,,
cell_embedding,A,chip94632.3.10.9.ACTCCATCAAT,day_21,T85,ciliating.late,21.0,2121.0,0.600276838591026,1.0,-12.07805861637113,-0.3672219483859941,,,,,,,,,,,,,,,,,,,,,,,,,,,,,,,,,,
cell_embedding,A,chip94632.3.11.31.AGAACCGAACC,day_21,T85,ciliated,21.0,9558.0,0.754373453523514,1.0,-8.56324689572309,6.737296896683159,,,,,,,,,,,,,,,,,,,,,,,,,,,,,,,,,,
cell_embedding,A,chip94632.3.12.25.AGAATACGACC,day_21,T85,d.basal,21.0,9543.0,0.315871782845721,1.0,6.271713330472581,4.000352795816461,,,,,,,,,,,,,,,,,,,,,,,,,,,,,,,,,,
cell_embedding,A,chip94632.3.13.58.AGAAGTCGCTA,day_21,T85,d.basal,21.0,5778.0,0.334549066550013,0.963641900327588,3.9892430472560303,2.1098135450947693,,,,,,,,,,,,,,,,,,,,,,,,,,,,,,,,,,
cell_embedding,A,chip94632.3.13.59.AGAATAATGCT,day_21,T85,ciliating.late,21.0,12874.0,0.788373832187,1.0,-8.294392577316808,11.04062832943472,,,,,,,,,,,,,,,,,,,,,,,,,,,,,,,,,,
cell_embedding,A,chip94632.3.14.11.AGAAGAAGACT,day_21,T85,ciliated,21.0,13713.0,0.817169747251261,1.0,-4.185899984682457,9.106558192193583,,,,,,,,,,,,,,,,,,,,,,,,,,,,,,,,,,
cell_embedding,A,chip94632.3.14.29.AGAATCGTCGA,day_21,T85,d.basal,21.0,3709.0,,0.0,1.4446258805240717,-4.345605770065016,,,,,,,,,,,,,,,,,,,,,,,,,,,,,,,,,,
cell_embedding,A,chip94632.3.14.3.AGAACTGCCTT,day_21,T85,d.basal,21.0,6102.0,,0.0,-3.5252731814633047,1.7869807920261094,,,,,,,,,,,,,,,,,,,,,,,,,,,,,,,,,,
cell_embedding,A,chip94632.3.15.10.AGCTCGCTATG,day_21,T85,ciliated,21.0,9254.0,0.793107461244965,1.0,-6.017891324164625,7.20390490934448,,,,,,,,,,,,,,,,,,,,,,,,,,,,,,,,,,
cell_embedding,A,chip94632.3.15.30.AGAAGACGGTT,day_21,T85,d.basal,21.0,1748.0,,0.0,-6.657435670269042,-11.8875071072182,,,,,,,,,,,,,,,,,,,,,,,,,,,,,,,,,,
cell_embedding,A,chip94632.3.15.35.AGAAGACCTCT,day_21,T85,ciliated,21.0,15394.0,0.837339863783928,1.0,-2.974073496076541,8.803589195067167,,,,,,,,,,,,,,,,,,,,,,,,,,,,,,,,,,
cell_embedding,A,chip94632.3.17.28.CAAGAACGAAC,day_21,T85,p.basal,21.0,6471.0,0.271483486526491,0.858118726832393,4.877855444129433,-0.991448038730604,,,,,,,,,,,,,,,,,,,,,,,,,,,,,,,,,,
cell_embedding,A,chip94632.3.45.35.GGTAGCTTAAG,day_21,T85,ciliating.late,21.0,1125.0,0.581679150400067,1.0,-15.015383498786225,-7.895842329169566,,,,,,,,,,,,,,,,,,,,,,,,,,,,,,,,,,
cell_embedding,A,chip94632.3.45.52.GGTCGATTAAT,day_21,T85,ciliating.late,21.0,14874.0,0.751315155684864,1.0,-10.527926196227996,11.19459172748373,,,,,,,,,,,,,,,,,,,,,,,,,,,,,,,,,,
cell_embedding,A,chip94632.3.46.50.GGTAGTTCTTA,day_21,T85,ciliating.late,21.0,11594.0,0.77001092683028,1.0,-8.77637357821061,10.940687018041844,,,,,,,,,,,,,,,,,,,,,,,,,,,,,,,,,,
cell_embedding,A,chip94632.3.46.51.GGTAGCGGTCT,day_21,T85,d.basal,21.0,9882.0,0.316260188768433,0.8505617327814,6.855412470811378,3.239379711461695,,,,,,,,,,,,,,,,,,,,,,,,,,,,,,,,,,
cell_embedding,A,chip94632.3.47.55.GGTTACGACGC,day_21,T85,d.basal,21.0,4579.0,,0.0,-2.424527820679528,-0.066565747609542,,,,,,,,,,,,,,,,,,,,,,,,,,,,,,,,,,
cell_embedding,A,chip94632.3.48.7.GTCGTCGCATC,day_21,T85,ciliating.late,21.0,3033.0,0.637540469883496,1.0,-8.935392605555446,1.610224513491566,,,,,,,,,,,,,,,,,,,,,,,,,,,,,,,,,,
cell_embedding,A,chip94632.3.49.31.GTCTCTCAGTT,day_21,T85,ciliating.late,21.0,7133.0,0.683317532414702,1.0,-13.172418800231783,5.457754821558496,,,,,,,,,,,,,,,,,,,,,,,,,,,,,,,,,,
cell_embedding,A,chip94632.3.49.59.GTTAGTCTCGT,day_21,T85,d.basal,21.0,7747.0,0.325428411300207,0.845718259903386,4.335646895853274,5.3233212224298505,,,,,,,,,,,,,,,,,,,,,,,,,,,,,,,,,,
cell_embedding,A,chip94632.3.50.25.GTTATTGGTCG,day_21,T85,ciliating.late,21.0,6609.0,0.667405593139282,1.0,-15.337338203100366,7.918174271433379,,,,,,,,,,,,,,,,,,,,,,,,,,,,,,,,,,
cell_embedding,A,chip94632.3.50.27.GTTATCGGCGG,day_21,T85,ciliating.late,21.0,14094.0,0.765430497669765,1.0,-9.478714406346464,11.024154802759083,,,,,,,,,,,,,,,,,,,,,,,,,,,,,,,,,,
cell_embedding,A,chip94632.3.50.2.GTTAACGACCT,day_21,T85,ciliating.early,21.0,4544.0,0.716877359639443,1.0,-8.09868350474179,4.812908640944672,,,,,,,,,,,,,,,,,,,,,,,,,,,,,,,,,,
cell_embedding,A,chip94632.3.51.10.GTTCATATTGA,day_21,T85,ciliated,21.0,10465.0,0.849372097569255,1.0,-1.439441195271851,9.135118925343765,,,,,,,,,,,,,,,,,,,,,,,,,,,,,,,,,,
cell_embedding,A,chip94632.3.51.5.GTTCATTGGTC,day_21,T85,basal.confluent,21.0,5091.0,,0.0,-1.3266820249463698,0.8318802631650891,,,,,,,,,,,,,,,,,,,,,,,,,,,,,,,,,,
cell_embedding,A,chip94632.3.52.10.GTTACCTGGAT,day_21,T85,d.basal,21.0,3811.0,,0.0,0.8432778237069543,-3.4175181945207376,,,,,,,,,,,,,,,,,,,,,,,,,,,,,,,,,,
cell_embedding,A,chip94632.3.52.26.GTTCGCTGGCT,day_21,T85,ciliating.late,21.0,15308.0,0.792323167650822,1.0,-6.801139220982524,11.73847634672926,,,,,,,,,,,,,,,,,,,,,,,,,,,,,,,,,,
cell_embedding,A,chip94632.3.52.28.GTTCCTAATGC,day_21,T85,ciliating.late,21.0,6119.0,0.716477006809,1.0,-10.303324237100872,6.515827212579409,,,,,,,,,,,,,,,,,,,,,,,,,,,,,,,,,,
cell_embedding,A,chip94632.3.53.2.TCATGCTACGG,day_21,T85,ciliating.late,21.0,13225.0,0.756735614284504,1.0,-9.057907601520764,11.015935959548829,,,,,,,,,,,,,,,,,,,,,,,,,,,,,,,,,,
cell_embedding,A,chip94632.6.18.17.AGTTGGCAAGC,day_28,T85,ciliating.late,28.0,3500.0,0.594633484041134,1.0,-14.451587395817526,-2.6368908450573354,,,,,,,,,,,,,,,,,,,,,,,,,,,,,,,,,,
cell_embedding,A,chip94632.6.18.38.ATTGCGACCTA,day_28,T85,ciliated,28.0,11053.0,0.815574886849684,1.0,-2.907380589980884,7.718656040041264,,,,,,,,,,,,,,,,,,,,,,,,,,,,,,,,,,
cell_embedding,A,chip94632.6.18.46.ATTCTACTGAC,day_28,T85,ciliating.late,28.0,4223.0,0.631903217066519,1.0,-15.784630109349116,2.1110148302714498,,,,,,,,,,,,,,,,,,,,,,,,,,,,,,,,,,
cell_embedding,A,chip94632.6.19.22.ATTGCTGCTAC,day_28,T85,ciliating.late,28.0,2183.0,0.601110535514679,1.0,-16.29883949504011,-2.8418449506107235,,,,,,,,,,,,,,,,,,,,,,,,,,,,,,,,,,
cell_embedding,A,chip94632.6.19.46.AGTTGGATGGA,day_28,T85,ciliated,28.0,9012.0,0.835475246758145,1.0,-1.198639302053481,4.59412261432839,,,,,,,,,,,,,,,,,,,,,,,,,,,,,,,,,,
cell_embedding,A,chip94632.6.19.65.ATTGCTTAGTT,day_28,T85,ciliating.late,28.0,3818.0,0.649864724724173,1.0,-14.560476591696167,3.1990969009892507,,,,,,,,,,,,,,,,,,,,,,,,,,,,,,,,,,
cell_embedding,A,chip94632.6.19.68.ATTGGTAAGCA,day_28,T85,ciliating.late,28.0,5268.0,0.666383776616408,1.0,-13.824721945100162,5.180213173110174,,,,,,,,,,,,,,,,,,,,,,,,,,,,,,,,,,
cell_embedding,A,chip94632.6.20.45.ATTGGTTAATG,day_28,T85,ciliated,28.0,6689.0,0.765742668564946,1.0,-5.235330733550691,4.075505218765513,,,,,,,,,,,,,,,,,,,,,,,,,,,,,,,,,,
cell_embedding,A,chip94632.6.20.62.ATGCGGTACTA,day_28,T85,ciliating.late,28.0,5898.0,0.67484568836039,1.0,-13.96463763216228,5.663648270066583,,,,,,,,,,,,,,,,,,,,,,,,,,,,,,,,,,
cell_embedding,A,chip94632.6.21.60.CAACCATATAT,day_28,T85,ciliating.late,28.0,3874.0,0.662602720274175,1.0,-13.600265409155591,3.792314712114013,,,,,,,,,,,,,,,,,,,,,,,,,,,,,,,,,,
cell_embedding,A,chip94632.6.21.66.CAACCATCAAC,day_28,T85,ciliated,28.0,13860.0,0.790215539197659,1.0,-5.979018010656649,7.840240504694158,,,,,,,,,,,,,,,,,,,,,,,,,,,,,,,,,,
cell_embedding,A,chip94632.6.22.44.CCATCAATACC,day_28,T85,ciliating.late,28.0,3662.0,0.640460433220982,1.0,-16.46494551316569,2.9508711845273385,,,,,,,,,,,,,,,,,,,,,,,,,,,,,,,,,,
cell_embedding,A,chip94632.6.22.47.CCATATACGAC,day_28,T85,ciliating.late,28.0,9803.0,0.680176563260044,1.0,-16.163272977794055,6.802637715298264,,,,,,,,,,,,,,,,,,,,,,,,,,,,,,,,,,
cell_embedding,A,chip94632.6.23.44.CCAGCCTTAGA,day_28,T85,ciliated,28.0,8613.0,0.77935669343144,1.0,-5.353007324159764,4.721720738481192,,,,,,,,,,,,,,,,,,,,,,,,,,,,,,,,,,
cell_embedding,A,chip94632.6.24.22.CCAGCTAAGCT,day_28,T85,ciliated,28.0,7569.0,0.802534802453048,1.0,-4.799777880052964,7.35295341329338,,,,,,,,,,,,,,,,,,,,,,,,,,,,,,,,,,
cell_embedding,A,chip94632.6.25.17.CCATTGGTTGG,day_28,T85,ciliated,28.0,14977.0,0.86098183562502,1.0,-0.3599427530636603,8.858600339647378,,,,,,,,,,,,,,,,,,,,,,,,,,,,,,,,,,
cell_embedding,A,chip94632.6.25.39.CCAGGTATCAA,day_28,T85,ciliated,28.0,8714.0,0.828888949616461,1.0,-3.2045621368532253,8.2519302095033,,,,,,,,,,,,,,,,,,,,,,,,,,,,,,,,,,
cell_embedding,A,chip94632.6.25.61.CCATTATCGGT,day_28,T85,d.basal,28.0,5205.0,,0.0,0.985862358354138,-4.825107230060623,,,,,,,,,,,,,,,,,,,,,,,,,,,,,,,,,,
cell_embedding,A,chip94632.6.26.22.CCTCTACCAGG,day_28,T85,ciliating.late,28.0,9287.0,0.804584490563241,1.0,-6.128552898685279,9.820548740818522,,,,,,,,,,,,,,,,,,,,,,,,,,,,,,,,,,
cell_embedding,A,chip94632.6.26.45.CCATTCTGAAC,day_28,T85,ciliating.late,28.0,10584.0,0.689952451789985,1.0,-13.93653665940764,7.091421643688653,,,,,,,,,,,,,,,,,,,,,,,,,,,,,,,,,,
cell_embedding,A,chip94632.6.26.66.CCATAACGAAT,day_28,T85,ciliating.late,28.0,16141.0,0.803967165875022,1.0,-7.278720270806003,11.638220572075673,,,,,,,,,,,,,,,,,,,,,,,,,,,,,,,,,,
cell_embedding,A,chip94632.6.54.21.GTTCTCTAGCA,day_28,T85,ciliating.late,28.0,5369.0,0.675397232981819,1.0,-15.014281317142432,6.962883181512687,,,,,,,,,,,,,,,,,,,,,,,,,,,,,,,,,,
cell_embedding,A,chip94632.6.54.60.GTTCTAGGAGC,day_28,T85,ciliated,28.0,11091.0,0.832911816326333,1.0,-1.9962984686485787,7.009859409381981,,,,,,,,,,,,,,,,,,,,,,,,,,,,,,,,,,
cell_embedding,A,chip94632.6.54.61.GTTCTCAATAC,day_28,T85,ciliated,28.0,12417.0,0.834162920613182,1.0,-3.7940856280571182,9.562799214630132,,,,,,,,,,,,,,,,,,,,,,,,,,,,,,,,,,
cell_embedding,A,chip94632.6.55.69.TAACCATCGAT,day_28,T85,ciliating.late,28.0,8955.0,0.745371425435303,1.0,-8.120216552994224,6.251928878141993,,,,,,,,,,,,,,,,,,,,,,,,,,,,,,,,,,
cell_embedding,A,chip94632.6.56.38.TAGCTTGCGGC,day_28,T85,d.basal,28.0,2373.0,,0.0,-2.0997067999603365,-8.029868045114203,,,,,,,,,,,,,,,,,,,,,,,,,,,,,,,,,,
cell_embedding,A,chip94632.6.56.47.TACGCTCTTCT,day_28,T85,ciliated,28.0,11676.0,0.803793329765264,1.0,-6.0679862305822745,8.394318863261075,,,,,,,,,,,,,,,,,,,,,,,,,,,,,,,,,,
cell_embedding,A,chip94632.6.56.67.GTTGATGGTAT,day_28,T85,ciliated,28.0,8560.0,0.796344368868385,1.0,-4.324453703223384,6.665715625793601,,,,,,,,,,,,,,,,,,,,,,,,,,,,,,,,,,
cell_embedding,A,chip94632.6.57.14.TAGTCTTATAC,day_28,T85,ciliating.late,28.0,3177.0,0.659525717940707,1.0,-13.49145355926571,3.7771297437270697,,,,,,,,,,,,,,,,,,,,,,,,,,,,,,,,,,
cell_embedding,A,chip94632.6.57.43.GTTGCTTATCA,day_28,T85,ciliating.late,28.0,8098.0,0.678938815617158,1.0,-16.08037299759068,6.992719382166778,,,,,,,,,,,,,,,,,,,,,,,,,,,,,,,,,,
cell_embedding,A,chip94632.6.58.17.TCGCAATTAAT,day_28,T85,ciliating.late,28.0,14119.0,0.756010890602667,1.0,-9.791542418172778,11.168798144918252,,,,,,,,,,,,,,,,,,,,,,,,,,,,,,,,,,
cell_embedding,A,chip94632.6.58.42.TAGTCAGCCTC,day_28,T85,ciliated,28.0,7061.0,0.766921344301083,1.0,-6.231852287843528,5.0529969845746905,,,,,,,,,,,,,,,,,,,,,,,,,,,,,,,,,,
cell_embedding,A,chip94632.6.58.43.TAGTCTTGCTC,day_28,T85,ciliated,28.0,7301.0,0.715228150451702,1.0,-9.66080400053109,5.89970100005508,,,,,,,,,,,,,,,,,,,,,,,,,,,,,,,,,,
cell_embedding,A,chip94632.6.59.38.TCGCTTGCCGT,day_28,T85,ciliating.late,28.0,4491.0,0.64648042029481,1.0,-16.443122572390884,3.968254218593279,,,,,,,,,,,,,,,,,,,,,,,,,,,,,,,,,,
cell_embedding,A,chip94632.6.59.42.TCGCGGTACGT,day_28,T85,ciliating.late,28.0,18266.0,0.717817085453507,1.0,-13.807353529186909,10.822618277304525,,,,,,,,,,,,,,,,,,,,,,,,,,,,,,,,,,
cell_embedding,A,chip94632.6.60.20.TCGGTCTGAAC,day_28,T85,ciliating.late,28.0,6420.0,0.655380443337734,1.0,-17.504376817262667,4.606943216540563,,,,,,,,,,,,,,,,,,,,,,,,,,,,,,,,,,
cell_embedding,A,chip94632.6.60.23.TCGGCGTTGCG,day_28,T85,ciliated,28.0,7364.0,0.706379981928086,1.0,-8.871464183864726,2.321046382882052,,,,,,,,,,,,,,,,,,,,,,,,,,,,,,,,,,
cell_embedding,A,chip94632.6.60.37.TTGGAGGATTC,day_28,T85,p.basal,28.0,2361.0,,0.0,-0.9929495352561648,-11.225904908270229,,,,,,,,,,,,,,,,,,,,,,,,,,,,,,,,,,
cell_embedding,A,chip94632.6.60.70.TCGGAGCGAAT,day_28,T85,ciliating.late,28.0,5803.0,0.639255832915059,1.0,-16.04985941473997,2.9394285201942947,,,,,,,,,,,,,,,,,,,,,,,,,,,,,,,,,,
cell_embedding,A,chip94632.6.61.12.TTGGCCATTCG,day_28,T85,ciliated,28.0,13038.0,0.842961225543655,1.0,-1.044549410696438,7.506473625363843,,,,,,,,,,,,,,,,,,,,,,,,,,,,,,,,,,
cell_embedding,A,chip94632.6.61.18.TTGGCGAAGAT,day_28,T85,ciliating.late,28.0,11326.0,0.785374077606387,1.0,-4.871440881332935,10.104480677293829,,,,,,,,,,,,,,,,,,,,,,,,,,,,,,,,,,
cell_embedding,A,chip94632.6.61.20.TTGGCTAGCGC,day_28,T85,ciliating.late,28.0,2554.0,0.607589245927797,1.0,-15.474488344193668,-0.2448761644196094,,,,,,,,,,,,,,,,,,,,,,,,,,,,,,,,,,
cell_embedding,A,chip94632.6.61.62.TTGGATCTGGC,day_28,T85,ciliated,28.0,8000.0,0.800732741651178,1.0,-4.658816764099885,7.022051151010066,,,,,,,,,,,,,,,,,,,,,,,,,,,,,,,,,,
cell_embedding,A,chip94632.6.61.67.TTGGATATCCG,day_28,T85,ciliating.early,28.0,5551.0,0.672012386311534,1.0,-11.758990924606689,4.681272017418315,,,,,,,,,,,,,,,,,,,,,,,,,,,,,,,,,,
cell_embedding,A,chip94632.6.62.12.TCTACGCGCGG,day_28,T85,ciliated,28.0,8501.0,0.774972901691805,1.0,-6.295849100476526,6.367225468616192,,,,,,,,,,,,,,,,,,,,,,,,,,,,,,,,,,
cell_embedding,A,chip94632.6.62.21.TCGTTCTTGGT,day_28,T85,ciliating.late,28.0,6159.0,0.676525118988837,1.0,-15.391861906842106,6.8386679013306795,,,,,,,,,,,,,,,,,,,,,,,,,,,,,,,,,,
cell_embedding,A,chip94618.1.0.35.AACGCCAGAGC,day_16,T85,ciliating.late,16.0,13679.0,0.685389235467303,1.0,-15.85406447235479,7.02456156523128,,,,,,,,,,,,,,,,,,,,,,,,,,,,,,,,,,
cell_embedding,A,chip94618.1.1.24.AACGACCTGGC,day_16,T85,d.basal,16.0,7602.0,,0.0,-8.859532914406904,1.6425009298718358,,,,,,,,,,,,,,,,,,,,,,,,,,,,,,,,,,
cell_embedding,A,chip94618.1.1.54.AACGCCGCAAT,day_16,T85,ciliating.late,16.0,16002.0,0.691665674042395,1.0,-16.688757324577345,8.34931074897353,,,,,,,,,,,,,,,,,,,,,,,,,,,,,,,,,,
cell_embedding,A,chip94618.1.1.5.AACGCGATCCG,day_16,T85,ciliated,16.0,19550.0,0.808809556340852,1.0,-6.247340105868587,10.588406485078709,,,,,,,,,,,,,,,,,,,,,,,,,,,,,,,,,,
cell_embedding,A,chip94618.1.2.4.AACGAGACCGA,day_16,T85,ciliating.late,16.0,9720.0,0.687591769181628,1.0,-15.969736480703014,6.432076046287818,,,,,,,,,,,,,,,,,,,,,,,,,,,,,,,,,,
cell_embedding,A,chip94618.1.2.8.AACGATACTAA,day_16,T85,ciliated,16.0,1906.0,0.549267240970867,1.0,-7.934664187417684,-11.952482895284408,,,,,,,,,,,,,,,,,,,,,,,,,,,,,,,,,,
cell_embedding,A,chip94618.1.2.9.AACGAGAACTG,day_16,T85,d.basal,16.0,4304.0,,0.0,-2.047390516317336,-4.0873406800983645,,,,,,,,,,,,,,,,,,,,,,,,,,,,,,,,,,
cell_embedding,A,chip94618.1.3.2.AACGGATAATA,day_16,T85,ciliated,16.0,4668.0,0.630467749508066,1.0,-11.958378811856086,1.1251250555752612,,,,,,,,,,,,,,,,,,,,,,,,,,,,,,,,,,
cell_embedding,A,chip94618.1.3.33.AACGAGAGATT,day_16,T85,d.basal,16.0,6824.0,0.412374715045309,0.802027133994243,-1.513410548427346,2.512531708240615,,,,,,,,,,,,,,,,,,,,,,,,,,,,,,,,,,
cell_embedding,A,chip94618.1.36.28.GAACCTACCGT,day_16,T85,ciliated,16.0,3451.0,0.59930594152343,1.0,-11.252813684897896,-0.0834922311781841,,,,,,,,,,,,,,,,,,,,,,,,,,,,,,,,,,
cell_embedding,A,chip94618.1.36.51.CTTCGGAATAA,day_16,T85,ciliating.late,16.0,4579.0,0.616212139947182,1.0,-20.146264219352776,0.5787417867263475,,,,,,,,,,,,,,,,,,,,,,,,,,,,,,,,,,
cell_embedding,A,chip94618.1.36.56.CTTGAGAAGGA,day_16,T85,p.basal,16.0,2357.0,0.533115136167064,1.0,-10.106964546084454,-9.245113253970745,,,,,,,,,,,,,,,,,,,,,,,,,,,,,,,,,,
cell_embedding,A,chip94618.1.37.11.GCCTCTTACCA,day_16,T85,ciliating.late,16.0,6549.0,0.659450907976448,1.0,-17.71087286931087,5.043090368221061,,,,,,,,,,,,,,,,,,,,,,,,,,,,,,,,,,
cell_embedding,A,chip94618.1.37.48.GAACCTTAATC,day_16,T85,ciliating.late,16.0,4106.0,0.617523303828338,1.0,-18.99328404288604,0.8684223567567985,,,,,,,,,,,,,,,,,,,,,,,,,,,,,,,,,,
cell_embedding,A,chip94618.1.37.56.GAACGAGAATG,day_16,T85,ciliating.late,16.0,3061.0,0.605683495865696,1.0,-18.324095643064975,-3.507490523551723,,,,,,,,,,,,,,,,,,,,,,,,,,,,,,,,,,
cell_embedding,A,chip94618.1.37.59.GAACCTGGACC,day_16,T85,ciliating.late,16.0,2910.0,0.60850026329122,1.0,-17.093444797217806,-0.3635487434470236,,,,,,,,,,,,,,,,,,,,,,,,,,,,,,,,,,
cell_embedding,A,chip94618.1.37.7.GCCTTCCGAGT,day_16,T85,ciliating.late,16.0,2420.0,0.607607855470302,1.0,-18.228110949977378,0.0331137510228506,,,,,,,,,,,,,,,,,,,,,,,,,,,,,,,,,,
cell_embedding,A,chip94618.1.3.7.AACGGAGGTCC,day_16,T85,ciliating.late,16.0,12290.0,0.659450907976448,1.0,-18.642915396876955,6.61298992670676,,,,,,,,,,,,,,,,,,,,,,,,,,,,,,,,,,
cell_embedding,A,chip94618.1.38.35.GCCTGCATGAG,day_16,T85,ciliating.late,16.0,4655.0,0.629584898022082,1.0,-12.16314919399312,1.091477982142023,,,,,,,,,,,,,,,,,,,,,,,,,,,,,,,,,,
cell_embedding,A,chip94618.1.38.51.GATTCTCCGGA,day_16,T85,d.basal,16.0,2849.0,,0.0,-4.602448203380351,-3.432699295358505,,,,,,,,,,,,,,,,,,,,,,,,,,,,,,,,,,
cell_embedding,A,chip94618.1.39.4.GCGCCAGCCTG,day_16,T85,ciliating.late,16.0,5512.0,0.678297258841847,1.0,-13.098700024240514,6.159656943105056,,,,,,,,,,,,,,,,,,,,,,,,,,,,,,,,,,
cell_embedding,A,chip94618.1.40.3.GCAGCTCGGAA,day_16,T85,d.basal,16.0,1577.0,,0.0,-5.314319982978589,-9.95816729178171,,,,,,,,,,,,,,,,,,,,,,,,,,,,,,,,,,
cell_embedding,A,chip94618.1.41.52.GCGGTCCGGAC,day_16,T85,d.basal,16.0,2514.0,,0.0,-8.462545093249132,-6.504910347343306,,,,,,,,,,,,,,,,,,,,,,,,,,,,,,,,,,
cell_embedding,A,chip94618.1.41.54.GCGTATGGCCT,day_16,T85,ciliating.late,16.0,6276.0,0.648644820771152,1.0,-17.094833288706706,5.186585308042973,,,,,,,,,,,,,,,,,,,,,,,,,,,,,,,,,,
cell_embedding,A,chip94618.1.41.5.GCGTTCTTAAC,day_16,T85,d.basal,16.0,2218.0,,0.0,-8.843958105546175,-10.109797809246473,,,,,,,,,,,,,,,,,,,,,,,,,,,,,,,,,,
cell_embedding,A,chip94618.1.41.9.GCGTTACGCTT,day_16,T85,d.basal,16.0,1375.0,,0.0,-2.5933244906161046,-12.651811513227518,,,,,,,,,,,,,,,,,,,,,,,,,,,,,,,,,,
cell_embedding,A,chip94618.1.42.26.GCTCATGACGC,day_16,T85,ciliating.late,16.0,1431.0,0.594633484041134,1.0,-18.33708044029532,-6.3765587382918545,,,,,,,,,,,,,,,,,,,,,,,,,,,,,,,,,,
cell_embedding,A,chip94618.1.42.57.GCCAACCGTTG,day_16,T85,ciliating.early,16.0,5446.0,0.641445888150072,1.0,-15.793922976059868,3.1687351851465473,,,,,,,,,,,,,,,,,,,,,,,,,,,,,,,,,,
cell_embedding,A,chip94618.1.42.7.GGTAAGAACCA,day_16,T85,ciliated,16.0,1836.0,0.575198390462494,1.0,-12.585344461076762,-7.565200348821939,,,,,,,,,,,,,,,,,,,,,,,,,,,,,,,,,,
cell_embedding,A,chip94618.1.43.58.GGTCAGCCGCT,day_16,T85,ciliating.early,16.0,3884.0,0.540967111323827,1.0,-11.918971138538522,-3.56193319667827,,,,,,,,,,,,,,,,,,,,,,,,,,,,,,,,,,
cell_embedding,A,chip94618.1.44.35.GGTCGCCAGTC,day_16,T85,ciliating.early,16.0,587.0,0.568715390172819,1.0,-14.489735248890486,-11.782287257625702,,,,,,,,,,,,,,,,,,,,,,,,,,,,,,,,,,
cell_embedding,A,chip94618.1.44.58.GGTAATGAGCC,day_16,T85,ciliating.late,16.0,5117.0,0.62523251515529,1.0,-17.7506675431239,0.5325000456074047,,,,,,,,,,,,,,,,,,,,,,,,,,,,,,,,,,
cell_embedding,A,chip94618.1.5.28.AACTGGTCAGT,day_16,T85,ciliated,16.0,19444.0,0.80214310833165,1.0,-7.334474934602274,11.44849273148244,,,,,,,,,,,,,,,,,,,,,,,,,,,,,,,,,,
cell_embedding,A,chip94618.1.5.57.AACGGCAGGAG,day_16,T85,ciliated,16.0,9814.0,0.803955142007435,1.0,-5.023523782268409,7.4925789693522225,,,,,,,,,,,,,,,,,,,,,,,,,,,,,,,,,,
cell_embedding,A,chip94618.1.6.34.AAGAATGGAGA,day_16,T85,ciliating.early,16.0,5382.0,0.62430407043334,1.0,-15.23742249070038,0.8162794992472694,,,,,,,,,,,,,,,,,,,,,,,,,,,,,,,,,,
cell_embedding,A,chip94618.1.7.4.AAGACCTATAC,day_16,T85,ciliating.late,16.0,14350.0,0.688738202885625,1.0,-15.625312876891716,7.707938811206664,,,,,,,,,,,,,,,,,,,,,,,,,,,,,,,,,,
cell_embedding,A,chip94618.1.7.9.AAGACCGTTAA,day_16,T85,ciliating.late,16.0,17978.0,0.685898788794713,1.0,-16.876342512492364,8.549114026046475,,,,,,,,,,,,,,,,,,,,,,,,,,,,,,,,,,
cell_embedding,A,chip94618.1.8.5.AAGAACTGGTA,day_16,T85,ciliating.late,16.0,5731.0,0.699475147412227,1.0,-10.383461388646964,4.206710385572241,,,,,,,,,,,,,,,,,,,,,,,,,,,,,,,,,,
cell_embedding,A,chip94618.3.10.28.AAGAGAATCCT,day_25,T85,ciliating.late,25.0,16243.0,0.685389235467303,1.0,-17.9644197722195,8.133858805914455,,,,,,,,,,,,,,,,,,,,,,,,,,,,,,,,,,
cell_embedding,A,chip94618.3.10.52.AAGAAGCTTAA,day_25,T85,ciliated,25.0,7272.0,0.744844421055887,1.0,-8.291553514785637,3.874929643069755,,,,,,,,,,,,,,,,,,,,,,,,,,,,,,,,,,
cell_embedding,A,chip94618.3.11.33.ACTTAATAGTA,day_25,T85,d.basal,25.0,1767.0,,0.0,-8.298176780074435,-8.380369920943867,,,,,,,,,,,,,,,,,,,,,,,,,,,,,,,,,,
cell_embedding,A,chip94618.3.12.25.AGAATACGACC,day_25,T85,ciliating.late,25.0,8294.0,0.668783495405593,1.0,-17.160025422806633,7.117417421723041,,,,,,,,,,,,,,,,,,,,,,,,,,,,,,,,,,
cell_embedding,A,chip94618.3.12.31.AGAATACGTTG,day_25,T85,d.basal,25.0,7807.0,,0.0,5.427897652984898,-2.021259857151634,,,,,,,,,,,,,,,,,,,,,,,,,,,,,,,,,,
cell_embedding,A,chip94618.3.12.4.AGAACCTATCT,day_25,T85,d.basal,25.0,3822.0,,0.0,-7.69274104812899,-5.456454778071479,,,,,,,,,,,,,,,,,,,,,,,,,,,,,,,,,,
cell_embedding,A,chip94618.3.13.53.AGAATAATATC,day_25,T85,p.basal,25.0,4332.0,0.159620104118951,0.67817989918811,0.930375652508956,-4.626097178697921,,,,,,,,,,,,,,,,,,,,,,,,,,,,,,,,,,
cell_embedding,A,chip94618.3.14.56.AGAACTGACCA,day_25,T85,d.basal,25.0,5122.0,,0.0,3.293055226852805,-4.982758885320475,,,,,,,,,,,,,,,,,,,,,,,,,,,,,,,,,,
cell_embedding,A,chip94618.3.14.9.AGAACTGCAGC,day_25,T85,d.basal,25.0,10783.0,,0.0,1.0704837852087112,3.8656032255987984,,,,,,,,,,,,,,,,,,,,,,,,,,,,,,,,,,
cell_embedding,A,chip94618.3.15.0.AGGAGCTAGAA,day_25,T85,p.basal,25.0,9901.0,0.257112312157282,0.966987821441388,5.655198764786807,0.7903992001537458,,,,,,,,,,,,,,,,,,,,,,,,,,,,,,,,,,
cell_embedding,A,chip94618.3.15.31.AGAAGAGATTA,day_25,T85,d.basal,25.0,2336.0,,0.0,-0.8469621009117401,-11.072492400082382,,,,,,,,,,,,,,,,,,,,,,,,,,,,,,,,,,
cell_embedding,A,chip94618.3.15.6.AGGAGGTACTG,day_25,T85,ciliating.late,25.0,15240.0,0.678904513310707,1.0,-17.434004362272482,8.049342856207774,,,,,,,,,,,,,,,,,,,,,,,,,,,,,,,,,,
cell_embedding,A,chip94618.3.16.55.CAACGAATTAA,day_25,T85,ciliated,25.0,13436.0,0.800325568972138,1.0,-6.371069581606,8.728883851475365,,,,,,,,,,,,,,,,,,,,,,,,,,,,,,,,,,
cell_embedding,A,chip94618.3.16.58.CAACCGCCGAT,day_25,T85,d.basal,25.0,4432.0,,0.0,-6.166215761388705,-5.1241292303845185,,,,,,,,,,,,,,,,,,,,,,,,,,,,,,,,,,
cell_embedding,A,chip94618.3.16.6.CAACGAAGATT,day_25,T85,ciliating.late,25.0,10460.0,0.665935589197647,1.0,-17.9002178568981,6.293952566770676,,,,,,,,,,,,,,,,,,,,,,,,,,,,,,,,,,
cell_embedding,A,chip94618.3.17.11.CCAAGAAGTTG,day_25,T85,ciliating.late,25.0,14622.0,0.685389235467303,1.0,-16.984652330680163,7.938957471761192,,,,,,,,,,,,,,,,,,,,,,,,,,,,,,,,,,
cell_embedding,A,chip94618.3.17.25.CAGAACCTCTA,day_25,T85,d.basal,25.0,4328.0,,0.0,-8.20507768133177,-5.428647121017722,,,,,,,,,,,,,,,,,,,,,,,,,,,,,,,,,,
cell_embedding,A,chip94618.3.17.28.CAAGAACGAAC,day_25,T85,p.basal,25.0,9944.0,0.479160011017434,0.894243038096872,-9.073270409250055,2.7044444134147487,,,,,,,,,,,,,,,,,,,,,,,,,,,,,,,,,,
cell_embedding,A,chip94618.3.45.24.GGTAGCTTCGT,day_25,T85,ciliated,25.0,2063.0,0.58060322237159,1.0,-13.353271047537138,-2.61186924657101,,,,,,,,,,,,,,,,,,,,,,,,,,,,,,,,,,
cell_embedding,A,chip94618.3.45.49.GGTCGGCGAAC,day_25,T85,d.basal,25.0,857.0,,0.0,-9.447279160431147,-12.0285745501319,,,,,,,,,,,,,,,,,,,,,,,,,,,,,,,,,,
cell_embedding,A,chip94618.3.46.35.GGTCTCCATAA,day_25,T85,ciliating.late,25.0,4376.0,0.633514407005386,1.0,-15.930382771971477,2.9375621249988013,,,,,,,,,,,,,,,,,,,,,,,,,,,,,,,,,,
cell_embedding,A,chip94618.3.46.5.GGTATCGTCGC,day_25,T85,ciliating.late,25.0,4282.0,0.619850133447327,1.0,-19.23942889474447,1.1433769185395235,,,,,,,,,,,,,,,,,,,,,,,,,,,,,,,,,,
cell_embedding,A,chip94618.3.47.58.GGTCTTATACG,day_25,T85,d.basal,25.0,1298.0,,0.0,-4.781822441823907,-13.299483339802464,,,,,,,,,,,,,,,,,,,,,,,,,,,,,,,,,,
cell_embedding,A,chip94618.3.48.24.GTTAGGCAATC,day_25,T85,ciliating.late,25.0,1509.0,0.581679150400067,1.0,-16.455689179237226,-6.514709560051542,,,,,,,,,,,,,,,,,,,,,,,,,,,,,,,,,,
cell_embedding,A,chip94618.3.48.49.GTCGGTTATAC,day_25,T85,ciliating.late,25.0,4025.0,0.620549320861083,1.0,-16.842335629519418,2.2467421558614156,,,,,,,,,,,,,,,,,,,,,,,,,,,,,,,,,,
cell_embedding,A,chip94618.3.48.58.GTCGGAACCTT,day_25,T85,p.basal,25.0,2124.0,,0.0,-1.0519587782126054,-9.50976646148891,,,,,,,,,,,,,,,,,,,,,,,,,,,,,,,,,,
cell_embedding,A,chip94618.3.48.8.GTCGTCGCTCG,day_25,T85,ciliated,25.0,1075.0,0.549682370309708,1.0,-8.343172843826213,-10.429867572587137,,,,,,,,,,,,,,,,,,,,,,,,,,,,,,,,,,
cell_embedding,A,chip94618.3.50.50.GTCTGCGATGA,day_25,T85,d.basal,25.0,1951.0,,0.0,-4.677754003613306,-6.129273329926379,,,,,,,,,,,,,,,,,,,,,,,,,,,,,,,,,,
cell_embedding,A,chip94618.3.50.55.GTCTGATCGCT,day_25,T85,ciliating.late,25.0,5277.0,0.640405313938678,1.0,-17.76875814705732,3.7913367196431538,,,,,,,,,,,,,,,,,,,,,,,,,,,,,,,,,,
cell_embedding,A,chip94618.3.51.3.GTTCAGGTATC,day_25,T85,ciliating.late,25.0,3670.0,0.620549320861083,1.0,-19.050236583289205,1.6216601078872643,,,,,,,,,,,,,,,,,,,,,,,,,,,,,,,,,,
cell_embedding,A,chip94618.3.51.8.GTTCCGGCGAA,day_25,T85,d.basal,25.0,1014.0,,0.0,-4.595157026500459,-15.03798703360034,,,,,,,,,,,,,,,,,,,,,,,,,,,,,,,,,,
cell_embedding,A,chip94618.3.52.27.GTTCCGTCTGG,day_25,T85,ciliating.late,25.0,5964.0,0.630296163524746,1.0,-19.700659558497488,3.24328474741315,,,,,,,,,,,,,,,,,,,,,,,,,,,,,,,,,,
cell_embedding,A,chip94618.3.52.4.GTTAATTACTC,day_25,T85,ciliating.late,25.0,717.0,0.575198390462494,1.0,-14.40708600114288,-9.971330687332223,,,,,,,,,,,,,,,,,,,,,,,,,,,,,,,,,,
cell_embedding,A,chip94618.3.52.55.GTTACTGCCAT,day_25,T85,d.basal,25.0,2022.0,,0.0,-4.652296778817334,-9.616291202306927,,,,,,,,,,,,,,,,,,,,,,,,,,,,,,,,,,
cell_embedding,A,chip94618.3.52.5.GTTACGGCTAC,day_25,T85,ciliating.late,25.0,1393.0,0.588157848230163,1.0,-19.19628921555144,-6.489040409089655,,,,,,,,,,,,,,,,,,,,,,,,,,,,,,,,,,
cell_embedding,A,chip94618.3.53.27.TAGTTCCATAA,day_25,T85,ciliating.late,25.0,989.0,0.588157848230163,1.0,-17.850842806841595,-7.529788514885023,,,,,,,,,,,,,,,,,,,,,,,,,,,,,,,,,,
cell_embedding,A,chip94618.3.53.55.GTTCGGAATCC,day_25,T85,ciliating.late,25.0,1973.0,0.568715390172819,1.0,-11.99753471016014,-3.441041846461005,,,,,,,,,,,,,,,,,,,,,,,,,,,,,,,,,,
cell_embedding,A,chip94618.3.9.32.AAGAATACCTT,day_25,T85,ciliating.late,25.0,7080.0,0.730323026368911,1.0,-10.43717668241605,8.135993374480545,,,,,,,,,,,,,,,,,,,,,,,,,,,,,,,,,,
cell_embedding,A,chip94618.3.9.4.AAGAGAAGAAT,day_25,T85,ciliating.late,25.0,8839.0,0.657418931963872,1.0,-18.439138047237233,5.170997184403946,,,,,,,,,,,,,,,,,,,,,,,,,,,,,,,,,,
cell_embedding,A,chip94618.6.18.20.ATATAGTACCT,day_32,T85,ciliating.late,32.0,11200.0,0.681011224118089,1.0,-15.553422490245156,6.514137011247851,,,,,,,,,,,,,,,,,,,,,,,,,,,,,,,,,,
cell_embedding,A,chip94618.6.19.14.ATTGGTCCTAA,day_32,T85,ciliated,32.0,22849.0,0.814421875963664,1.0,-7.904561632812991,11.962680412869116,,,,,,,,,,,,,,,,,,,,,,,,,,,,,,,,,,
cell_embedding,A,chip94618.6.19.20.ATTGGTCAACT,day_32,T85,ciliated,32.0,8075.0,0.739358044628629,1.0,-8.42704405322572,6.028343171710286,,,,,,,,,,,,,,,,,,,,,,,,,,,,,,,,,,
cell_embedding,A,chip94618.6.19.44.ATCCAAGGTAC,day_32,T85,ciliated,32.0,25138.0,0.850583609929321,1.0,-4.68426563122719,13.427035573542506,,,,,,,,,,,,,,,,,,,,,,,,,,,,,,,,,,
cell_embedding,A,chip94618.6.19.47.ATAACCAGTAG,day_32,T85,ciliated,32.0,14972.0,0.868968371242154,1.0,-0.5106342510676501,9.63048839515402,,,,,,,,,,,,,,,,,,,,,,,,,,,,,,,,,,
cell_embedding,A,chip94618.6.20.16.ATCTTCAGCTA,day_32,T85,ciliated,32.0,13761.0,0.800901905350654,1.0,-6.689527646156907,9.934170155427983,,,,,,,,,,,,,,,,,,,,,,,,,,,,,,,,,,
cell_embedding,A,chip94618.6.21.37.CCAGAATGGTT,day_32,T85,ciliating.late,32.0,11833.0,0.730789472292169,1.0,-12.222754333902898,8.159389721754236,,,,,,,,,,,,,,,,,,,,,,,,,,,,,,,,,,
cell_embedding,A,chip94618.6.21.66.CAACCATCAAC,day_32,T85,ciliated,32.0,13588.0,0.786701518656337,1.0,-7.816399400588048,9.201304521672451,,,,,,,,,,,,,,,,,,,,,,,,,,,,,,,,,,
cell_embedding,A,chip94618.6.22.37.CCATATTACTC,day_32,T85,ciliated,32.0,16225.0,0.808630081991341,1.0,-5.188739911353392,9.169953356186102,,,,,,,,,,,,,,,,,,,,,,,,,,,,,,,,,,
cell_embedding,A,chip94618.6.22.39.CCATACGAGAA,day_32,T85,ciliating.late,32.0,11602.0,0.742982810085842,1.0,-11.15311026523445,8.928654465950975,,,,,,,,,,,,,,,,,,,,,,,,,,,,,,,,,,
cell_embedding,A,chip94618.6.22.42.CCATATAGTAT,day_32,T85,ciliated,32.0,9520.0,0.783630888996639,1.0,-6.903085928122141,6.6034734864879825,,,,,,,,,,,,,,,,,,,,,,,,,,,,,,,,,,
cell_embedding,A,chip94618.6.22.47.CCATATACGAC,day_32,T85,ciliating.late,32.0,11155.0,0.686199247156821,1.0,-15.9006469347179,6.920230344985918,,,,,,,,,,,,,,,,,,,,,,,,,,,,,,,,,,
cell_embedding,A,chip94618.6.23.37.CCAGCCTCCGG,day_32,T85,ciliating.late,32.0,14866.0,0.742729145844827,1.0,-11.261419702621362,10.78770700864682,,,,,,,,,,,,,,,,,,,,,,,,,,,,,,,,,,
cell_embedding,A,chip94618.6.23.71.CCATCCTTCTG,day_32,T85,ciliating.late,32.0,27028.0,0.73103207539819,1.0,-14.417710605220677,10.526649501421112,,,,,,,,,,,,,,,,,,,,,,,,,,,,,,,,,,
cell_embedding,A,chip94618.6.24.21.CCAGCGCGGAC,day_32,T85,ciliating.late,32.0,7187.0,0.685389235467303,1.0,-15.30921337020999,6.984847359235868,,,,,,,,,,,,,,,,,,,,,,,,,,,,,,,,,,
cell_embedding,A,chip94618.6.24.38.CCATTATCAAG,day_32,T85,ciliating.late,32.0,12461.0,0.691874275659708,1.0,-15.874785958626278,7.750607821759815,,,,,,,,,,,,,,,,,,,,,,,,,,,,,,,,,,
cell_embedding,A,chip94618.6.24.40.CCATCTTGATG,day_32,T85,ciliating.late,32.0,15528.0,0.693460549637287,1.0,-16.515991547274094,7.862113532028588,,,,,,,,,,,,,,,,,,,,,,,,,,,,,,,,,,
cell_embedding,A,chip94618.6.24.41.CCATGCGCGAC,day_32,T85,ciliated,32.0,8570.0,0.763513059278806,1.0,-8.449079398375725,6.573218990424433,,,,,,,,,,,,,,,,,,,,,,,,,,,,,,,,,,
cell_embedding,A,chip94618.6.25.38.CCATAAGCCGG,day_32,T85,ciliated,32.0,11552.0,0.808232056593651,1.0,-6.8655088940460445,7.540343455176309,,,,,,,,,,,,,,,,,,,,,,,,,,,,,,,,,,
cell_embedding,A,chip94618.6.25.67.CCATTATTCGG,day_32,T85,ciliating.late,32.0,26679.0,0.789169330940512,1.0,-9.451457833424342,13.185056467878256,,,,,,,,,,,,,,,,,,,,,,,,,,,,,,,,,,
cell_embedding,A,chip94618.6.25.69.CCATGAAGGAC,day_32,T85,basal.confluent,32.0,13572.0,,0.0,-8.92715903470437,3.7971131324902383,,,,,,,,,,,,,,,,,,,,,,,,,,,,,,,,,,
cell_embedding,A,chip94618.6.26.62.CCATAATCCAT,day_32,T85,ciliating.late,32.0,13727.0,0.723396076765777,1.0,-14.608442281673517,9.28833972643413,,,,,,,,,,,,,,,,,,,,,,,,,,,,,,,,,,
cell_embedding,A,chip94618.6.26.65.CCAGTTAGGTA,day_32,T85,ciliating.late,32.0,20525.0,0.805858360801847,1.0,-8.054783054456369,12.351603186960492,,,,,,,,,,,,,,,,,,,,,,,,,,,,,,,,,,
cell_embedding,A,chip94618.6.54.19.GTTGAATAGTA,day_32,T85,ciliated,32.0,1979.0,0.588157848230163,1.0,-16.250016441328757,-6.020855324726709,,,,,,,,,,,,,,,,,,,,,,,,,,,,,,,,,,
cell_embedding,A,chip94618.6.54.42.GTTGGCTGATC,day_32,T85,ciliating.late,32.0,8912.0,0.75121461056871,1.0,-9.000085217695144,8.425611992645734,,,,,,,,,,,,,,,,,,,,,,,,,,,,,,,,,,
cell_embedding,A,chip94618.6.54.63.GTTCGTCATGG,day_32,T85,ciliating.late,32.0,13275.0,0.678568128117808,1.0,-18.62964093255404,7.658131308034469,,,,,,,,,,,,,,,,,,,,,,,,,,,,,,,,,,
cell_embedding,A,chip94618.6.54.64.GTTCGTCCAGT,day_32,T85,ciliated,32.0,3185.0,0.575198390462494,1.0,-11.716384165206168,-3.2394140307999773,,,,,,,,,,,,,,,,,,,,,,,,,,,,,,,,,,
cell_embedding,A,chip94618.6.54.68.GTTCTCGCTGC,day_32,T85,ciliating.late,32.0,8398.0,0.648513998968869,1.0,-18.5010402659124,4.060315282603895,,,,,,,,,,,,,,,,,,,,,,,,,,,,,,,,,,
cell_embedding,A,chip94618.6.55.19.TAAGAACTATC,day_32,T85,ciliated,32.0,1121.0,0.568715390172819,1.0,-11.010948523989216,-11.647596164791771,,,,,,,,,,,,,,,,,,,,,,,,,,,,,,,,,,
cell_embedding,A,chip94618.6.55.23.TAACGAAGGTC,day_32,T85,ciliating.late,32.0,2268.0,0.593554949094501,1.0,-18.174118204890707,-5.064270399224158,,,,,,,,,,,,,,,,,,,,,,,,,,,,,,,,,,
cell_embedding,A,chip94618.6.55.36.GTTGAAGCTGC,day_32,T85,ciliated,32.0,6034.0,0.676007598710812,1.0,-11.361182178896932,4.496614666255539,,,,,,,,,,,,,,,,,,,,,,,,,,,,,,,,,,
cell_embedding,A,chip94618.6.55.60.TAACCTGCTAC,day_32,T85,ciliating.late,32.0,12970.0,0.775068916672931,1.0,-10.02247053768872,10.918309087101038,,,,,,,,,,,,,,,,,,,,,,,,,,,,,,,,,,
cell_embedding,A,chip94618.6.56.38.TAGCTTGCGGC,day_32,T85,ciliating.late,32.0,7147.0,0.654360793891734,1.0,-18.035004861400125,4.468814913693416,,,,,,,,,,,,,,,,,,,,,,,,,,,,,,,,,,
cell_embedding,A,chip94618.6.56.45.TAAGAATCGTT,day_32,T85,ciliating.late,32.0,9474.0,0.708087198165039,1.0,-13.447451881165296,6.486613921433836,,,,,,,,,,,,,,,,,,,,,,,,,,,,,,,,,,
cell_embedding,A,chip94618.6.56.70.GTTGAGATAAT,day_32,T85,ciliated,32.0,9070.0,0.779407345699442,1.0,-8.277263384216981,9.721618433222178,,,,,,,,,,,,,,,,,,,,,,,,,,,,,,,,,,
cell_embedding,A,chip94618.6.57.15.TAGGCTGGAGA,day_32,T85,ciliating.late,32.0,3148.0,0.604592352995677,1.0,-18.032141846921704,-1.2153111772442184,,,,,,,,,,,,,,,,,,,,,,,,,,,,,,,,,,
cell_embedding,A,chip94618.6.57.16.TAGGTAGATAC,day_32,T85,ciliating.late,32.0,1753.0,0.581679150400067,1.0,-16.850269624662445,-7.02855524461795,,,,,,,,,,,,,,,,,,,,,,,,,,,,,,,,,,
cell_embedding,A,chip94618.6.57.36.GTTGCGGAACG,day_32,T85,ciliating.late,32.0,5475.0,0.620549320861083,1.0,-16.76795335613482,1.379292883224614,,,,,,,,,,,,,,,,,,,,,,,,,,,,,,,,,,
cell_embedding,A,chip94618.6.57.62.TAGGCCGGATT,day_32,T85,ciliated,32.0,6517.0,0.720256396833412,1.0,-9.95373440572326,4.514746645196507,,,,,,,,,,,,,,,,,,,,,,,,,,,,,,,,,,
cell_embedding,A,chip94618.6.58.12.TCGCATCCTAA,day_32,T85,ciliated,32.0,10864.0,0.778497639512176,1.0,-8.281793356531802,9.830767754103055,,,,,,,,,,,,,,,,,,,,,,,,,,,,,,,,,,
cell_embedding,A,chip94618.6.58.16.TCGAGCGCTTG,day_32,T85,ciliating.late,32.0,7541.0,0.688243094896141,1.0,-13.945238473122869,5.336282401706897,,,,,,,,,,,,,,,,,,,,,,,,,,,,,,,,,,
cell_embedding,A,chip94618.6.58.36.TAGTATGGCGC,day_32,T85,ciliating.late,32.0,5254.0,0.638998232101274,1.0,-14.792194400792187,3.2026768571838815,,,,,,,,,,,,,,,,,,,,,,,,,,,,,,,,,,
cell_embedding,A,chip94618.6.58.40.TAGGTCGTCCT,day_32,T85,ciliating.late,32.0,8826.0,0.654638061791226,1.0,-17.334259664844836,5.63180634375521,,,,,,,,,,,,,,,,,,,,,,,,,,,,,,,,,,
cell_embedding,A,chip94618.6.58.61.GTTGGAACGGC,day_32,T85,ciliated,32.0,7437.0,0.789938491567365,1.0,-5.300732754152736,5.790555983751588,,,,,,,,,,,,,,,,,,,,,,,,,,,,,,,,,,
cell_embedding,A,chip94618.6.60.16.TCGGAGTCTGG,day_32,T85,ciliating.late,32.0,3956.0,0.617037815362668,1.0,-18.72417332159334,1.169195459045425,,,,,,,,,,,,,,,,,,,,,,,,,,,,,,,,,,
cell_embedding,A,chip94618.6.60.37.TTGGAGGATTC,day_32,T85,ciliated,32.0,5243.0,0.729392668675987,1.0,-9.3931350142874,1.779615732498184,,,,,,,,,,,,,,,,,,,,,,,,,,,,,,,,,,
cell_embedding,A,chip94618.6.60.46.TTGGAATAGGC,day_32,T85,d.basal,32.0,2205.0,,0.0,-5.0876124909794935,-8.564363353320624,,,,,,,,,,,,,,,,,,,,,,,,,,,,,,,,,,
cell_embedding,A,chip94618.6.60.61.TCGGTAAGACG,day_32,T85,ciliating.late,32.0,11147.0,0.672420025902707,1.0,-17.030384907863212,5.889780592005591,,,,,,,,,,,,,,,,,,,,,,,,,,,,,,,,,,
cell_embedding,A,chip94618.6.60.62.TCGGTCGAGCC,day_32,T85,ciliated,32.0,18431.0,0.794838306933752,1.0,-7.337326184587858,12.380198030726136,,,,,,,,,,,,,,,,,,,,,,,,,,,,,,,,,,
cell_embedding,A,chip94618.6.60.67.TCGGTATACCA,day_32,T85,ciliating.late,32.0,7286.0,0.638621369599339,1.0,-18.651411918961685,3.3124625866427717,,,,,,,,,,,,,,,,,,,,,,,,,,,,,,,,,,
cell_embedding,A,chip94618.6.61.17.TTGGCCAGCTA,day_32,T85,ciliating.late,32.0,4807.0,0.614067671170086,1.0,-17.799316257709496,0.8472691568217336,,,,,,,,,,,,,,,,,,,,,,,,,,,,,,,,,,
cell_embedding,A,chip94618.6.61.18.TTGGCGAAGAT,day_32,T85,ciliated,32.0,4857.0,0.624278115808445,1.0,-12.496632042936652,1.185752353122714,,,,,,,,,,,,,,,,,,,,,,,,,,,,,,,,,,
cell_embedding,A,chip94618.6.62.16.TCGTTGATAGT,day_32,T85,ciliated,32.0,2444.0,0.588157848230163,1.0,-13.64156422784714,-3.972917684576655,,,,,,,,,,,,,,,,,,,,,,,,,,,,,,,,,,
cell_embedding,A,chip94618.6.62.19.TCTATACGATG,day_32,T85,ciliating.early,32.0,11980.0,0.6581551578359,1.0,-16.01378979353063,4.413735289354358,,,,,,,,,,,,,,,,,,,,,,,,,,,,,,,,,,
cell_embedding,A,chip94618.6.62.60.TCGTCTGGTAG,day_32,T85,ciliating.late,32.0,14134.0,0.736241415697309,1.0,-11.427028781500544,8.938430284367012,,,,,,,,,,,,,,,,,,,,,,,,,,,,,,,,,,
cell_embedding,A,chip94618.6.62.62.TCGTTCAGATG,day_32,T85,ciliating.late,32.0,13074.0,0.704470474031444,1.0,-14.692196154561376,8.190341869427433,,,,,,,,,,,,,,,,,,,,,,,,,,,,,,,,,,
cell_embedding,A,chip94602.1.0.52.AACCTTAGCTA,day_7,T85,d.basal,7.0,5381.0,,0.0,-4.320235909919703,-6.812376830633756,,,,,,,,,,,,,,,,,,,,,,,,,,,,,,,,,,
cell_embedding,A,chip94602.1.1.25.AACGACGGCAA,day_7,T85,d.basal,7.0,3717.0,,0.0,-5.2892002795568835,-13.135128020782783,,,,,,,,,,,,,,,,,,,,,,,,,,,,,,,,,,
cell_embedding,A,chip94602.1.1.34.AACGAATCTTA,day_7,T85,d.basal,7.0,6441.0,,0.0,-3.8076133682949753,-4.1566581670360625,,,,,,,,,,,,,,,,,,,,,,,,,,,,,,,,,,
cell_embedding,A,chip94602.1.1.58.AACGCCAACCA,day_7,T85,d.basal,7.0,3046.0,,0.0,-6.283286475936074,-13.44306494414795,,,,,,,,,,,,,,,,,,,,,,,,,,,,,,,,,,
cell_embedding,A,chip94602.1.2.49.AACGACTCAAC,day_7,T85,d.basal,7.0,17082.0,0.411640189270267,0.558428304543332,-1.8209735857957652,2.928759202039187,,,,,,,,,,,,,,,,,,,,,,,,,,,,,,,,,,
cell_embedding,A,chip94602.1.3.27.AACGAGAGGAA,day_7,T85,d.basal,7.0,1890.0,,0.0,-7.80365552096224,-16.57264269503697,,,,,,,,,,,,,,,,,,,,,,,,,,,,,,,,,,
cell_embedding,A,chip94602.1.3.58.AACGCTCGCGT,day_7,T85,d.basal,7.0,9614.0,,0.0,-5.928088952568311,-3.2350002597552674,,,,,,,,,,,,,,,,,,,,,,,,,,,,,,,,,,
cell_embedding,A,chip94602.1.36.31.GAACCTTCTGC,day_7,T85,d.basal,7.0,4040.0,,0.0,-5.253016344670893,-10.793516447956923,,,,,,,,,,,,,,,,,,,,,,,,,,,,,,,,,,
cell_embedding,A,chip94602.1.36.53.CTTCTGCGCAG,day_7,T85,d.basal,7.0,4185.0,,0.0,-7.4360320515441645,-10.593565069090651,,,,,,,,,,,,,,,,,,,,,,,,,,,,,,,,,,
cell_embedding,A,chip94602.1.37.1.GCCTTACCGGA,day_7,T85,p.basal,7.0,10461.0,0.426016319917668,0.693336218342712,-0.8172546612502133,-3.239252813666732,,,,,,,,,,,,,,,,,,,,,,,,,,,,,,,,,,
cell_embedding,A,chip94602.1.37.57.GAACCTATGCG,day_7,T85,d.basal,7.0,5477.0,,0.0,-7.362776903810969,-6.727362047350232,,,,,,,,,,,,,,,,,,,,,,,,,,,,,,,,,,
cell_embedding,A,chip94602.1.39.11.GCGCTTAGCTT,day_7,T85,ciliating.early,7.0,1630.0,0.570404883838059,1.0,-14.346463897541296,-11.190132995756334,,,,,,,,,,,,,,,,,,,,,,,,,,,,,,,,,,
cell_embedding,A,chip94602.1.39.57.GCGAGGTATCG,day_7,T85,d.basal,7.0,7620.0,,0.0,-6.879962356025997,-3.3541553646050875,,,,,,,,,,,,,,,,,,,,,,,,,,,,,,,,,,
cell_embedding,A,chip94602.1.41.29.GCCAGTAGGCG,day_7,T85,d.basal,7.0,3252.0,,0.0,-7.358710268381952,-13.175803271338651,,,,,,,,,,,,,,,,,,,,,,,,,,,,,,,,,,
cell_embedding,A,chip94602.1.42.26.GCTCATGACGC,day_7,T85,d.basal,7.0,965.0,,0.0,-7.812191724765273,-18.222592976229937,,,,,,,,,,,,,,,,,,,,,,,,,,,,,,,,,,
cell_embedding,A,chip94602.1.42.35.GCGTTGGCCGC,day_7,T85,d.basal,7.0,2959.0,,0.0,-9.54612141264624,-11.560396846196628,,,,,,,,,,,,,,,,,,,,,,,,,,,,,,,,,,
cell_embedding,A,chip94602.1.42.3.GGCTGGTCGAA,day_7,T85,ciliating.late,7.0,20807.0,0.733750556194721,1.0,-9.495293899107116,6.750037433755875,,,,,,,,,,,,,,,,,,,,,,,,,,,,,,,,,,
cell_embedding,A,chip94602.1.43.24.GGTAACGAGAA,day_7,T85,ciliating.late,7.0,1377.0,0.575198390462494,1.0,-15.714720568408456,-12.823323000806525,,,,,,,,,,,,,,,,,,,,,,,,,,,,,,,,,,
cell_embedding,A,chip94602.1.43.48.GGTCATCATCT,day_7,T85,d.basal,7.0,4550.0,,0.0,-8.105532387633282,-9.468860772700303,,,,,,,,,,,,,,,,,,,,,,,,,,,,,,,,,,
cell_embedding,A,chip94602.1.44.50.GGTAGAGAACC,day_7,T85,p.basal,7.0,3755.0,,0.0,-5.29842516581011,-12.382663302851324,,,,,,,,,,,,,,,,,,,,,,,,,,,,,,,,,,
cell_embedding,A,chip94602.1.44.53.GGTACCAGAAG,day_7,T85,p.basal,7.0,3036.0,,0.0,-10.64421293160262,-11.654481980759186,,,,,,,,,,,,,,,,,,,,,,,,,,,,,,,,,,
cell_embedding,A,chip94602.1.44.57.GGTAATAATAA,day_7,T85,p.basal,7.0,1927.0,,0.0,-8.015238165111974,-14.800433903334984,,,,,,,,,,,,,,,,,,,,,,,,,,,,,,,,,,
cell_embedding,A,chip94602.1.4.53.AACGATTAGGC,day_7,T85,ciliating.late,7.0,3659.0,0.568715390172819,1.0,-13.27300942115654,-8.528990044725237,,,,,,,,,,,,,,,,,,,,,,,,,,,,,,,,,,
cell_embedding,A,chip94602.1.5.10.AAGAATCGCGG,day_7,T85,p.basal,7.0,6032.0,0.488547586588209,0.315119393056968,-4.3381439068583205,-7.037780654041042,,,,,,,,,,,,,,,,,,,,,,,,,,,,,,,,,,
cell_embedding,A,chip94602.1.5.33.AACTGGCTACT,day_7,T85,ciliating.late,7.0,10387.0,0.606031732753777,1.0,-14.325895868780082,0.7353962312427225,,,,,,,,,,,,,,,,,,,,,,,,,,,,,,,,,,
cell_embedding,A,chip94602.1.5.4.AAGAATCCTCA,day_7,T85,p.basal,7.0,6637.0,0.46644148082661,0.262438303498627,-2.2988770971537327,-7.411920802769262,,,,,,,,,,,,,,,,,,,,,,,,,,,,,,,,,,
cell_embedding,A,chip94602.1.5.59.AACGGCTAAGC,day_7,T85,d.basal,7.0,6889.0,,0.0,-5.969391784150889,-4.6335008567248845,,,,,,,,,,,,,,,,,,,,,,,,,,,,,,,,,,
cell_embedding,A,chip94602.1.6.48.AACTTATCGGC,day_7,T85,d.basal,7.0,3388.0,,0.0,-3.7229404475944934,-11.86734667630514,,,,,,,,,,,,,,,,,,,,,,,,,,,,,,,,,,
cell_embedding,A,chip94602.1.7.34.AACTTGCAGCC,day_7,T85,p.basal,7.0,12952.0,0.359780649907124,1.0,3.8747010306641902,-2.3931919658182004,,,,,,,,,,,,,,,,,,,,,,,,,,,,,,,,,,
cell_embedding,A,chip94602.1.7.9.AAGACCGTTAA,day_7,T85,d.basal,7.0,7642.0,,0.0,-6.505790848921209,-3.289961653918059,,,,,,,,,,,,,,,,,,,,,,,,,,,,,,,,,,
cell_embedding,A,chip94602.1.8.28.AAGACGGTCGC,day_7,T85,d.basal,7.0,8378.0,,0.0,-6.530359349382941,-3.767604903531516,,,,,,,,,,,,,,,,,,,,,,,,,,,,,,,,,,
cell_embedding,A,chip94602.1.8.59.AAGAACTCGAG,day_7,T85,d.basal,7.0,8577.0,0.450366397047381,1.0,-3.2554839290206217,-2.413421037211754,,,,,,,,,,,,,,,,,,,,,,,,,,,,,,,,,,
cell_embedding,A,chip94602.2.0.36.AACCGCCTAAC,day_9,T85,p.basal,9.0,3237.0,,0.0,-4.988330424638463,-12.520289799678697,,,,,,,,,,,,,,,,,,,,,,,,,,,,,,,,,,
cell_embedding,A,chip94602.2.0.60.AACCAAGACGA,day_9,T85,d.basal,9.0,3137.0,,0.0,-4.735027959768475,-14.50872321844045,,,,,,,,,,,,,,,,,,,,,,,,,,,,,,,,,,
cell_embedding,A,chip94602.2.0.64.AACCAACCTGC,day_9,T85,ciliating.late,9.0,19755.0,0.70742575296128,1.0,-11.978015962119445,5.76421247961958,,,,,,,,,,,,,,,,,,,,,,,,,,,,,,,,,,
cell_embedding,A,chip94602.2.2.18.AACCATCAAGG,day_9,T85,d.basal,9.0,2076.0,,0.0,-4.782764702978218,-15.633815638736342,,,,,,,,,,,,,,,,,,,,,,,,,,,,,,,,,,
cell_embedding,A,chip94602.2.3.13.AACCTCATGGT,day_9,T85,d.basal,9.0,1543.0,,0.0,-8.284253301216005,-16.591458845014046,,,,,,,,,,,,,,,,,,,,,,,,,,,,,,,,,,
cell_embedding,A,chip94602.2.3.38.AACCGAACCAA,day_9,T85,ciliating.late,9.0,7172.0,0.547474089849714,1.0,-9.598146848670712,-2.4945385209680477,,,,,,,,,,,,,,,,,,,,,,,,,,,,,,,,,,
cell_embedding,A,chip94602.2.36.19.CTCCTCCGTAG,day_9,T85,ciliating.late,9.0,7474.0,0.581679150400067,1.0,-13.567982498153013,-1.1099223782431815,,,,,,,,,,,,,,,,,,,,,,,,,,,,,,,,,,
cell_embedding,A,chip94602.2.36.22.CTCCGATCGGT,day_9,T85,ciliated,9.0,7325.0,0.572391874774349,1.0,-9.297916861176114,-3.0039961932136787,,,,,,,,,,,,,,,,,,,,,,,,,,,,,,,,,,
cell_embedding,A,chip94602.2.37.16.GAAGCAGTATG,day_9,T85,d.basal,9.0,2983.0,,0.0,-7.564996408975157,-12.724851994186617,,,,,,,,,,,,,,,,,,,,,,,,,,,,,,,,,,
cell_embedding,A,chip94602.2.37.38.GAACGGCAATC,day_9,T85,ciliating.late,9.0,2478.0,0.575198390462494,1.0,-15.979195365448527,-10.925825535126682,,,,,,,,,,,,,,,,,,,,,,,,,,,,,,,,,,
cell_embedding,A,chip94602.2.38.22.GAACGTCAGAG,day_9,T85,p.basal,9.0,1211.0,,0.0,-7.238240745771961,-18.02156416677292,,,,,,,,,,,,,,,,,,,,,,,,,,,,,,,,,,
cell_embedding,A,chip94602.2.38.42.GAAGCGGACCT,day_9,T85,ciliating.late,9.0,1446.0,0.572067172524369,1.0,-14.797765149581684,-13.078034425665908,,,,,,,,,,,,,,,,,,,,,,,,,,,,,,,,,,
cell_embedding,A,chip94602.2.39.13.GAGAAGCGAGT,day_9,T85,d.basal,9.0,2688.0,,0.0,-9.210736106516176,-14.590107579676951,,,,,,,,,,,,,,,,,,,,,,,,,,,,,,,,,,
cell_embedding,A,chip94602.2.40.46.GAGGACCAATC,day_9,T85,d.basal,9.0,2421.0,,0.0,-6.505791269590616,-12.589218141984912,,,,,,,,,,,,,,,,,,,,,,,,,,,,,,,,,,
cell_embedding,A,chip94602.2.40.47.GAGGTAGTATC,day_9,T85,d.basal,9.0,5840.0,,0.0,-3.4516859719126973,-4.646786468643306,,,,,,,,,,,,,,,,,,,,,,,,,,,,,,,,,,
cell_embedding,A,chip94602.2.40.68.GAAGAATTACT,day_9,T85,d.basal,9.0,4306.0,,0.0,-5.283721219932153,-10.488470001330072,,,,,,,,,,,,,,,,,,,,,,,,,,,,,,,,,,
cell_embedding,A,chip94602.2.4.16.AACCGAATCTC,day_9,T85,ciliating.late,9.0,4622.0,0.588157848230163,1.0,-16.934324742256504,-7.34428966933446,,,,,,,,,,,,,,,,,,,,,,,,,,,,,,,,,,
cell_embedding,A,chip94602.2.43.14.GGAGTCGTTAA,day_9,T85,d.basal,9.0,1445.0,,0.0,-7.744557194726557,-16.493673437295858,,,,,,,,,,,,,,,,,,,,,,,,,,,,,,,,,,
cell_embedding,A,chip94602.2.43.19.GGAGTCCGAGG,day_9,T85,ciliated,9.0,3929.0,0.588157848230163,1.0,-16.23453007943426,-5.689956757619899,,,,,,,,,,,,,,,,,,,,,,,,,,,,,,,,,,
cell_embedding,A,chip94602.2.43.20.GGAGTCGACCG,day_9,T85,ciliating.late,9.0,6214.0,0.588157848230163,1.0,-18.08187565063808,-5.650897451136633,,,,,,,,,,,,,,,,,,,,,,,,,,,,,,,,,,
cell_embedding,A,chip94602.2.4.64.AACCGAAGAAG,day_9,T85,p.basal,9.0,4827.0,,0.0,-1.8317582604655185,-8.833641425605183,,,,,,,,,,,,,,,,,,,,,,,,,,,,,,,,,,
cell_embedding,A,chip94602.2.5.16.AACTATTATTG,day_9,T85,ciliating.late,9.0,4903.0,0.588157848230163,1.0,-17.79654589864764,-6.72782138308627,,,,,,,,,,,,,,,,,,,,,,,,,,,,,,,,,,
cell_embedding,A,chip94602.2.5.18.AACTCAGCCAA,day_9,T85,ciliating.late,9.0,5371.0,0.587041165625439,1.0,-18.128421775942737,-5.911301059958767,,,,,,,,,,,,,,,,,,,,,,,,,,,,,,,,,,
cell_embedding,A,chip94602.2.5.65.AACCTCTGAGC,day_9,T85,ciliating.late,9.0,8021.0,0.563506592770881,1.0,-11.546749235447816,-3.7927193595315343,,,,,,,,,,,,,,,,,,,,,,,,,,,,,,,,,,
cell_embedding,A,chip94602.2.6.64.AACGTAATGAT,day_9,T85,ciliating.late,9.0,13841.0,0.663364243691958,1.0,-12.284159432662,4.237517979807545,,,,,,,,,,,,,,,,,,,,,,,,,,,,,,,,,,
cell_embedding,A,chip94602.2.6.65.AACGTAGATCT,day_9,T85,d.basal,9.0,5375.0,,0.0,-2.4810750096094343,-10.64048331005289,,,,,,,,,,,,,,,,,,,,,,,,,,,,,,,,,,
cell_embedding,A,chip94602.2.7.46.AACGTTAACTT,day_9,T85,p.basal,9.0,8038.0,0.465011008425867,0.585965132127757,-3.254759101041739,-3.815276693940891,,,,,,,,,,,,,,,,,,,,,,,,,,,,,,,,,,
cell_embedding,A,chip94602.2.8.17.AACTACGCGCT,day_9,T85,p.basal,9.0,10148.0,0.410777396532324,0.631463791971224,1.6549742936791414,-5.546158797359148,,,,,,,,,,,,,,,,,,,,,,,,,,,,,,,,,,
cell_embedding,A,chip94602.2.8.22.AACTACCTCCT,day_9,T85,d.basal,9.0,2702.0,,0.0,-8.946338445618958,-14.34678876936352,,,,,,,,,,,,,,,,,,,,,,,,,,,,,,,,,,
cell_embedding,A,chip94602.3.10.1.AGAACCAGCGC,day_11,T85,p.basal,11.0,5761.0,,0.0,-1.6702158942712233,-8.56128242206563,,,,,,,,,,,,,,,,,,,,,,,,,,,,,,,,,,
cell_embedding,A,chip94602.3.10.7.AGAACCAGTTA,day_11,T85,d.basal,11.0,4454.0,,0.0,-6.174448942645593,-9.282241963440605,,,,,,,,,,,,,,,,,,,,,,,,,,,,,,,,,,
cell_embedding,A,chip94602.3.11.3.AGAAGATTGGC,day_11,T85,ciliating.late,11.0,5303.0,0.588157848230163,1.0,-17.09651426237142,-6.399508832459602,,,,,,,,,,,,,,,,,,,,,,,,,,,,,,,,,,
cell_embedding,A,chip94602.3.11.52.AGAAGATCGAG,day_11,T85,ciliating.late,11.0,3055.0,0.581679150400067,1.0,-16.872641025547246,-9.546015402568944,,,,,,,,,,,,,,,,,,,,,,,,,,,,,,,,,,
cell_embedding,A,chip94602.3.11.56.AGAAGGAATGA,day_11,T85,p.basal,11.0,3514.0,,0.0,-8.51560656280535,-12.63797759199585,,,,,,,,,,,,,,,,,,,,,,,,,,,,,,,,,,
cell_embedding,A,chip94602.3.12.11.AGAACGAATAG,day_11,T85,d.basal,11.0,4043.0,,0.0,-4.893722826770278,-9.600877469443883,,,,,,,,,,,,,,,,,,,,,,,,,,,,,,,,,,
cell_embedding,A,chip94602.3.12.2.AGAACGCTACT,day_11,T85,ciliating.late,11.0,10833.0,0.609516213680653,1.0,-16.81571841703193,0.090294759363814,,,,,,,,,,,,,,,,,,,,,,,,,,,,,,,,,,
cell_embedding,A,chip94602.3.13.34.AGAACGGAGGC,day_11,T85,ciliated,11.0,11361.0,0.614067671170086,1.0,-14.213124495337976,0.2846545032175758,,,,,,,,,,,,,,,,,,,,,,,,,,,,,,,,,,
cell_embedding,A,chip94602.3.14.26.AGAGAACGACG,day_11,T85,d.basal,11.0,2588.0,,0.0,-5.761880446055341,-12.256399175979194,,,,,,,,,,,,,,,,,,,,,,,,,,,,,,,,,,
cell_embedding,A,chip94602.3.15.32.AGAAGAGCATG,day_11,T85,d.basal,11.0,3469.0,,0.0,-6.502178271436547,-12.518674776167556,,,,,,,,,,,,,,,,,,,,,,,,,,,,,,,,,,
cell_embedding,A,chip94602.3.15.57.AGAGTAACTCG,day_11,T85,d.basal,11.0,7632.0,,0.0,-7.617444355864585,-5.701604189829381,,,,,,,,,,,,,,,,,,,,,,,,,,,,,,,,,,
cell_embedding,A,chip94602.3.15.58.AGCAACCGACG,day_11,T85,ciliating.late,11.0,12929.0,0.607589245927797,1.0,-15.422617193058633,1.1355337929842502,,,,,,,,,,,,,,,,,,,,,,,,,,,,,,,,,,
cell_embedding,A,chip94602.3.16.0.CAACGAACTGC,day_11,T85,ciliating.late,11.0,15510.0,0.639049051226064,1.0,-13.489407337315956,3.5383293423020645,,,,,,,,,,,,,,,,,,,,,,,,,,,,,,,,,,
cell_embedding,A,chip94602.3.16.11.CAACGAACCAG,day_11,T85,ciliating.late,11.0,11507.0,0.58757317350301,1.0,-13.015846434133849,0.2741388355303585,,,,,,,,,,,,,,,,,,,,,,,,,,,,,,,,,,
cell_embedding,A,chip94602.3.17.3.CCAACTCTCTC,day_11,T85,ciliating.late,11.0,6556.0,0.594633484041134,1.0,-17.770183239553067,-2.536664544778848,,,,,,,,,,,,,,,,,,,,,,,,,,,,,,,,,,
cell_embedding,A,chip94602.3.17.58.CCAACGCGACG,day_11,T85,d.basal,11.0,3736.0,,0.0,-4.382820473714462,-11.647266614115331,,,,,,,,,,,,,,,,,,,,,,,,,,,,,,,,,,
cell_embedding,A,chip94602.3.45.10.GGTCGTCTAGC,day_11,T85,d.basal,11.0,6213.0,,0.0,-5.584742323427845,-5.684018135644716,,,,,,,,,,,,,,,,,,,,,,,,,,,,,,,,,,
cell_embedding,A,chip94602.3.45.53.GGTCGCGCGGC,day_11,T85,ciliating.late,11.0,8596.0,0.610132892105127,1.0,-17.414292129539422,-1.044726110180614,,,,,,,,,,,,,,,,,,,,,,,,,,,,,,,,,,
cell_embedding,A,chip94602.3.45.54.GGTCGCTGGTA,day_11,T85,d.basal,11.0,2576.0,,0.0,-6.160703155829143,-12.193534950350095,,,,,,,,,,,,,,,,,,,,,,,,,,,,,,,,,,
cell_embedding,A,chip94602.3.46.28.GGTCTAATCGT,day_11,T85,p.basal,11.0,3471.0,,0.0,-5.761572933034112,-12.11997612959868,,,,,,,,,,,,,,,,,,,,,,,,,,,,,,,,,,
cell_embedding,A,chip94602.3.46.4.GGTATATACCT,day_11,T85,d.basal,11.0,2949.0,,0.0,-6.439910576134357,-13.055296725617662,,,,,,,,,,,,,,,,,,,,,,,,,,,,,,,,,,
cell_embedding,A,chip94602.3.46.50.GGTAGTTCTTA,day_11,T85,ciliated,11.0,9512.0,0.620549320861083,1.0,-16.118615822811954,0.9692541890314385,,,,,,,,,,,,,,,,,,,,,,,,,,,,,,,,,,
cell_embedding,A,chip94602.3.46.52.GGTAGCTAATT,day_11,T85,d.basal,11.0,1694.0,,0.0,-8.52408811059097,-15.737252151714252,,,,,,,,,,,,,,,,,,,,,,,,,,,,,,,,,,
cell_embedding,A,chip94602.3.47.55.GGTTACGACGC,day_11,T85,ciliating.late,11.0,7543.0,0.601110535514679,1.0,-18.83679534637861,-3.566082770105831,,,,,,,,,,,,,,,,,,,,,,,,,,,,,,,,,,
cell_embedding,A,chip94602.3.47.57.GGTCTGGTTAG,day_11,T85,d.basal,11.0,5410.0,,0.0,-4.63200905697077,-7.015718554997211,,,,,,,,,,,,,,,,,,,,,,,,,,,,,,,,,,
cell_embedding,A,chip94602.3.47.59.GGTTAAGATCA,day_11,T85,d.basal,11.0,4907.0,,0.0,-5.69522450378798,-7.6726358636321565,,,,,,,,,,,,,,,,,,,,,,,,,,,,,,,,,,
cell_embedding,A,chip94602.3.48.2.GTCGTCTACGC,day_11,T85,d.basal,11.0,11294.0,0.444710237829641,1.0,-2.458670573137696,-1.6724270788044642,,,,,,,,,,,,,,,,,,,,,,,,,,,,,,,,,,
cell_embedding,A,chip94602.3.49.51.GTTAGCTATGA,day_11,T85,d.basal,11.0,2318.0,,0.0,-7.960224309140861,-15.150973774134052,,,,,,,,,,,,,,,,,,,,,,,,,,,,,,,,,,
cell_embedding,A,chip94602.3.51.27.GTCTGGCTTAG,day_11,T85,ciliating.late,11.0,5841.0,0.588157848230163,1.0,-15.983136315729622,-4.141407566077632,,,,,,,,,,,,,,,,,,,,,,,,,,,,,,,,,,
cell_embedding,A,chip94602.3.51.28.GTCTGGTATTC,day_11,T85,ciliating.late,11.0,8633.0,0.563975954996793,1.0,-11.373308128840938,-0.0381834199335589,,,,,,,,,,,,,,,,,,,,,,,,,,,,,,,,,,
cell_embedding,A,chip94602.3.51.53.GTTCATCGGAG,day_11,T85,ciliating.late,11.0,8849.0,0.594633484041134,1.0,-17.41998065844166,-1.9470124943433076,,,,,,,,,,,,,,,,,,,,,,,,,,,,,,,,,,
cell_embedding,A,chip94602.3.52.10.GTTACCTGGAT,day_11,T85,d.basal,11.0,8561.0,0.462719442927502,1.0,-3.258334970026485,-3.628751655530646,,,,,,,,,,,,,,,,,,,,,,,,,,,,,,,,,,
cell_embedding,A,chip94602.3.53.24.TATATAGTCTT,day_11,T85,p.basal,11.0,6161.0,0.474741520719059,0.57765469265917,-4.226451966362339,-5.821822602824106,,,,,,,,,,,,,,,,,,,,,,,,,,,,,,,,,,
cell_embedding,A,chip94602.3.53.54.GTTCGCGGTCC,day_11,T85,ciliating.late,11.0,8355.0,0.594450192457719,1.0,-14.044045490639366,-1.1047839316162988,,,,,,,,,,,,,,,,,,,,,,,,,,,,,,,,,,
cell_embedding,A,chip94602.3.9.7.AAGAGAGCAGA,day_11,T85,p.basal,11.0,9742.0,0.428008970844338,1.0,1.4910694319065376,-4.169845313219907,,,,,,,,,,,,,,,,,,,,,,,,,,,,,,,,,,
cell_embedding,A,chip94602.4.10.36.AACTGCTACTT,day_18,T85,p.basal,18.0,3391.0,,0.0,-8.811086016532974,-12.049470590235858,,,,,,,,,,,,,,,,,,,,,,,,,,,,,,,,,,
cell_embedding,A,chip94602.4.11.22.ACCAGAACCGC,day_18,T85,p.basal,18.0,4342.0,,0.0,-3.1728196701696096,-12.46722604691776,,,,,,,,,,,,,,,,,,,,,,,,,,,,,,,,,,
cell_embedding,A,chip94602.4.14.18.ACCAAGAAGGC,day_18,T85,ciliated,18.0,8069.0,0.548844596529076,1.0,-8.268552707233656,-3.0872035951907932,,,,,,,,,,,,,,,,,,,,,,,,,,,,,,,,,,
cell_embedding,A,chip94602.4.14.23.ACCAACTTACC,day_18,T85,ciliated,18.0,13047.0,0.644145572578855,1.0,-12.421455018552647,2.1315316474791595,,,,,,,,,,,,,,,,,,,,,,,,,,,,,,,,,,
cell_embedding,A,chip94602.4.15.22.ACGCATGAGGC,day_18,T85,d.basal,18.0,4789.0,,0.0,-1.0138095678799408,-10.299356443760445,,,,,,,,,,,,,,,,,,,,,,,,,,,,,,,,,,
cell_embedding,A,chip94602.4.16.17.AGGTTATCATA,day_18,T85,ciliating.late,18.0,3744.0,0.562235456127782,1.0,-11.37755328836248,-5.6641476395074095,,,,,,,,,,,,,,,,,,,,,,,,,,,,,,,,,,
cell_embedding,A,chip94602.4.17.68.ATTATGGCAGC,day_18,T85,ciliated,18.0,17226.0,0.722238317567167,1.0,-10.565425385787902,6.062924482402221,,,,,,,,,,,,,,,,,,,,,,,,,,,,,,,,,,
cell_embedding,A,chip94602.4.45.64.GGATAATCCGT,day_18,T85,d.basal,18.0,3594.0,,0.0,-9.760378659518302,-13.471782448766684,,,,,,,,,,,,,,,,,,,,,,,,,,,,,,,,,,
cell_embedding,A,chip94602.4.48.16.GGTTAGTTAGG,day_18,T85,ciliating.late,18.0,3632.0,0.581255830756307,1.0,-15.53046758718004,-10.256876372919884,,,,,,,,,,,,,,,,,,,,,,,,,,,,,,,,,,
cell_embedding,A,chip94602.4.48.47.GTAGGACCGAG,day_18,T85,ciliated,18.0,2280.0,0.572028869628535,1.0,-13.844011415502994,-11.776797844508511,,,,,,,,,,,,,,,,,,,,,,,,,,,,,,,,,,
cell_embedding,A,chip94602.4.48.67.GGTTCAGGTAC,day_18,T85,ciliating.late,18.0,5588.0,0.588157848230163,1.0,-16.826509857366347,-6.669931719881893,,,,,,,,,,,,,,,,,,,,,,,,,,,,,,,,,,
cell_embedding,A,chip94602.4.48.69.GGTTAGAGTCC,day_18,T85,ciliating.late,18.0,5109.0,0.594633484041134,1.0,-17.625033805181893,-3.7955938248581864,,,,,,,,,,,,,,,,,,,,,,,,,,,,,,,,,,
cell_embedding,A,chip94602.4.48.70.GGTTAGGACCG,day_18,T85,ciliating.late,18.0,6300.0,0.593831594777933,1.0,-12.638484903740247,-1.044602565053212,,,,,,,,,,,,,,,,,,,,,,,,,,,,,,,,,,
cell_embedding,A,chip94602.4.49.17.GTATAATATCT,day_18,T85,ciliated,18.0,3490.0,0.576500178988929,1.0,-15.11519383966635,-8.047642557323828,,,,,,,,,,,,,,,,,,,,,,,,,,,,,,,,,,
cell_embedding,A,chip94602.4.49.23.GTATACCAGAT,day_18,T85,ciliated,18.0,3477.0,0.581679150400067,1.0,-15.761963602344876,-7.588114992290056,,,,,,,,,,,,,,,,,,,,,,,,,,,,,,,,,,
cell_embedding,A,chip94602.4.50.18.GGTTGCCGTTG,day_18,T85,ciliated,18.0,7732.0,0.601110535514679,1.0,-15.669652837376896,-0.8046709150622178,,,,,,,,,,,,,,,,,,,,,,,,,,,,,,,,,,
cell_embedding,A,chip94602.4.50.38.GTATGAGGAGA,day_18,T85,ciliated,18.0,4032.0,0.581679150400067,1.0,-12.592239514810958,-6.543529837521053,,,,,,,,,,,,,,,,,,,,,,,,,,,,,,,,,,
cell_embedding,A,chip94602.4.51.17.GTATTCGCCTA,day_18,T85,ciliating.late,18.0,1715.0,0.575198390462494,1.0,-15.15683357021165,-11.613410488817728,,,,,,,,,,,,,,,,,,,,,,,,,,,,,,,,,,
cell_embedding,A,chip94602.4.52.45.GTCAAGTTCCT,day_18,T85,ciliating.late,18.0,6347.0,0.594633484041134,1.0,-17.356462489809648,-4.777597784502411,,,,,,,,,,,,,,,,,,,,,,,,,,,,,,,,,,
cell_embedding,A,chip94602.4.53.41.GTTCGTCGTTC,day_18,T85,p.basal,18.0,5667.0,,0.0,-2.63577764796964,-8.806784910068929,,,,,,,,,,,,,,,,,,,,,,,,,,,,,,,,,,
cell_embedding,A,chip94602.6.18.13.ATACCAAGAGG,day_30,T85,ciliated,30.0,5823.0,0.577530339742706,1.0,-12.39914084214754,-3.4776631196440833,,,,,,,,,,,,,,,,,,,,,,,,,,,,,,,,,,
cell_embedding,A,chip94602.6.19.13.ATTGGTAGGTC,day_30,T85,ciliating.late,30.0,2427.0,0.575198390462494,1.0,-15.357397407638404,-9.967662834697984,,,,,,,,,,,,,,,,,,,,,,,,,,,,,,,,,,
cell_embedding,A,chip94602.6.19.36.ATAACCGAAGG,day_30,T85,ciliating.late,30.0,2768.0,0.575198390462494,1.0,-14.03842249821322,-11.341921331573916,,,,,,,,,,,,,,,,,,,,,,,,,,,,,,,,,,
cell_embedding,A,chip94602.6.19.37.ATATTGCTCGA,day_30,T85,ciliating.late,30.0,5634.0,0.588157848230163,1.0,-16.556626803709175,-4.319131252412339,,,,,,,,,,,,,,,,,,,,,,,,,,,,,,,,,,
cell_embedding,A,chip94602.6.19.41.ATAACCAGACC,day_30,T85,ciliated,30.0,9472.0,0.537745393533645,1.0,-10.559455690940595,1.9427009746745645,,,,,,,,,,,,,,,,,,,,,,,,,,,,,,,,,,
cell_embedding,A,chip94602.6.20.14.ATGGCATCTTA,day_30,T85,ciliating.late,30.0,4446.0,0.588157848230163,1.0,-17.627835632824468,-5.1627173376061775,,,,,,,,,,,,,,,,,,,,,,,,,,,,,,,,,,
cell_embedding,A,chip94602.6.20.69.ATCCGGATGAA,day_30,T85,ciliated,30.0,6567.0,0.588235803332078,1.0,-12.42336219496922,-1.807671308619267,,,,,,,,,,,,,,,,,,,,,,,,,,,,,,,,,,
cell_embedding,A,chip94602.6.21.38.CCAGACCGAAG,day_30,T85,ciliating.late,30.0,5267.0,0.584082709459917,1.0,-16.442318584425937,-5.138801745679522,,,,,,,,,,,,,,,,,,,,,,,,,,,,,,,,,,
cell_embedding,A,chip94602.6.21.39.CCAATGGCTCC,day_30,T85,ciliating.late,30.0,7413.0,0.593782406411443,1.0,-15.234303885935388,-3.3333272226704325,,,,,,,,,,,,,,,,,,,,,,,,,,,,,,,,,,
cell_embedding,A,chip94602.6.21.44.CCAGACCATAT,day_30,T85,ciliated,30.0,7405.0,0.60045916748675,1.0,-15.611855121474294,-2.125958845615396,,,,,,,,,,,,,,,,,,,,,,,,,,,,,,,,,,
cell_embedding,A,chip94602.6.23.36.CCAGCATGCTA,day_30,T85,basal.confluent,30.0,4502.0,,0.0,-7.171117070685801,-9.913167384397768,,,,,,,,,,,,,,,,,,,,,,,,,,,,,,,,,,
cell_embedding,A,chip94602.6.23.45.CCAGATTCGCC,day_30,T85,ciliating.late,30.0,6188.0,0.594633484041134,1.0,-15.908036463873824,-2.8119926805026583,,,,,,,,,,,,,,,,,,,,,,,,,,,,,,,,,,
cell_embedding,A,chip94602.6.24.23.CCAGCTCTGGC,day_30,T85,ciliating.late,30.0,7624.0,0.594633484041134,1.0,-17.468093050335792,-3.2627735304139365,,,,,,,,,,,,,,,,,,,,,,,,,,,,,,,,,,
cell_embedding,A,chip94602.6.24.66.CCAGCTCTAAG,day_30,T85,ciliating.late,30.0,9585.0,0.605059476259726,1.0,-12.365589966267844,0.7536153310081597,,,,,,,,,,,,,,,,,,,,,,,,,,,,,,,,,,
cell_embedding,A,chip94602.6.24.70.CCAGCGCCAGT,day_30,T85,ciliating.late,30.0,14236.0,0.639996755291748,1.0,-15.93861984485776,3.203838272949028,,,,,,,,,,,,,,,,,,,,,,,,,,,,,,,,,,
cell_embedding,A,chip94602.6.25.46.CCAGTAATCCG,day_30,T85,ciliating.early,30.0,2583.0,0.549267240970867,1.0,-10.871139116074326,-10.440828127722488,,,,,,,,,,,,,,,,,,,,,,,,,,,,,,,,,,
cell_embedding,A,chip94602.6.26.22.CCTCTACCAGG,day_30,T85,ciliated,30.0,15508.0,0.716471637657799,1.0,-11.594472772110668,4.934439036566896,,,,,,,,,,,,,,,,,,,,,,,,,,,,,,,,,,
cell_embedding,A,chip94602.6.26.63.CCAGTACGATA,day_30,T85,ciliating.late,30.0,5357.0,0.581679150400067,1.0,-15.454121210746798,-5.524909949864038,,,,,,,,,,,,,,,,,,,,,,,,,,,,,,,,,,
cell_embedding,A,chip94602.6.54.15.GTTCTCTGATA,day_30,T85,ciliating.late,30.0,9303.0,0.596599436234966,1.0,-14.208149841731936,2.454527615202591,,,,,,,,,,,,,,,,,,,,,,,,,,,,,,,,,,
cell_embedding,A,chip94602.6.54.62.GTTCTCGTAGT,day_30,T85,ciliating.late,30.0,3684.0,0.581679150400067,1.0,-15.913711954108384,-5.335279352178502,,,,,,,,,,,,,,,,,,,,,,,,,,,,,,,,,,
cell_embedding,A,chip94602.6.54.66.GTTCTAGGTAA,day_30,T85,ciliating.late,30.0,5077.0,0.588157848230163,1.0,-15.981375345241824,-4.728383743836459,,,,,,,,,,,,,,,,,,,,,,,,,,,,,,,,,,
cell_embedding,A,chip94602.6.54.68.GTTCTCGCTGC,day_30,T85,ciliating.late,30.0,6887.0,0.583329036551442,1.0,-16.20340043850538,-3.644798804385276,,,,,,,,,,,,,,,,,,,,,,,,,,,,,,,,,,
cell_embedding,A,chip94602.6.55.12.TAACGAGATTC,day_30,T85,ciliated,30.0,9006.0,0.601110535514679,1.0,-14.738512545596516,-0.5897301880391869,,,,,,,,,,,,,,,,,,,,,,,,,,,,,,,,,,
cell_embedding,A,chip94602.6.55.60.TAACCTGCTAC,day_30,T85,ciliating.late,30.0,6503.0,0.585028849308618,1.0,-15.531668413858638,-3.425258796064886,,,,,,,,,,,,,,,,,,,,,,,,,,,,,,,,,,
cell_embedding,A,chip94602.6.55.62.TAACGCGCCTT,day_30,T85,ciliated,30.0,17745.0,0.704011679491779,1.0,-10.92700409161348,5.081955377470576,,,,,,,,,,,,,,,,,,,,,,,,,,,,,,,,,,
cell_embedding,A,chip94602.6.55.65.TAACCTAGGCT,day_30,T85,ciliating.late,30.0,2642.0,0.581679150400067,1.0,-14.997941583724998,-6.714280891977104,,,,,,,,,,,,,,,,,,,,,,,,,,,,,,,,,,
cell_embedding,A,chip94602.6.56.18.GTTGATGCCAA,day_30,T85,d.basal,30.0,2053.0,,0.0,-6.518939667796277,-16.039320843835444,,,,,,,,,,,,,,,,,,,,,,,,,,,,,,,,,,
cell_embedding,A,chip94602.6.56.38.TAGCTTGCGGC,day_30,T85,ciliating.late,30.0,10651.0,0.534269956232297,1.0,-10.959452879887357,2.647423956784874,,,,,,,,,,,,,,,,,,,,,,,,,,,,,,,,,,
cell_embedding,A,chip94602.6.57.12.TAGTACGGTAA,day_30,T85,ciliating.late,30.0,5196.0,0.584477129874185,1.0,-15.88180385300155,-6.120594467758376,,,,,,,,,,,,,,,,,,,,,,,,,,,,,,,,,,
cell_embedding,A,chip94602.6.57.13.TAGTCGACTAG,day_30,T85,ciliated,30.0,4709.0,0.568715390172819,1.0,-10.2721914980438,-6.655267680061107,,,,,,,,,,,,,,,,,,,,,,,,,,,,,,,,,,
cell_embedding,A,chip94602.6.57.19.TAGTCGCATTG,day_30,T85,ciliating.late,30.0,5269.0,0.581679150400067,1.0,-13.980057644922788,-5.192890015047284,,,,,,,,,,,,,,,,,,,,,,,,,,,,,,,,,,
cell_embedding,A,chip94602.6.57.23.TAGGTTGCCAG,day_30,T85,d.basal,30.0,2923.0,,0.0,-2.981396644268408,-13.272794842493074,,,,,,,,,,,,,,,,,,,,,,,,,,,,,,,,,,
cell_embedding,A,chip94602.6.57.42.GTTGCGGAGAT,day_30,T85,ciliating.late,30.0,6598.0,0.594633484041134,1.0,-15.595819596497597,-0.6368165058870213,,,,,,,,,,,,,,,,,,,,,,,,,,,,,,,,,,
cell_embedding,A,chip94602.6.58.71.GTTGCTAGGCA,day_30,T85,p.basal,30.0,4985.0,,0.0,-8.31151981874778,-10.073593427934007,,,,,,,,,,,,,,,,,,,,,,,,,,,,,,,,,,
cell_embedding,A,chip94602.6.59.13.TTGCTTAATCT,day_30,T85,ciliating.late,30.0,3827.0,0.581679150400067,1.0,-16.068769897467078,-7.681370948794315,,,,,,,,,,,,,,,,,,,,,,,,,,,,,,,,,,
cell_embedding,A,chip94602.6.59.43.TCGCTTCAGGT,day_30,T85,ciliating.late,30.0,11519.0,0.607589245927797,1.0,-17.404095017537127,0.1922667003269662,,,,,,,,,,,,,,,,,,,,,,,,,,,,,,,,,,
cell_embedding,A,chip94602.6.60.46.TTGGAATAGGC,day_30,T85,d.basal,30.0,2488.0,,0.0,-5.559998510671063,-14.725992165787956,,,,,,,,,,,,,,,,,,,,,,,,,,,,,,,,,,
cell_embedding,A,chip94602.6.60.61.TCGGTAAGACG,day_30,T85,ciliating.late,30.0,6902.0,0.588827591537108,1.0,-17.172690264904322,-3.676697165030638,,,,,,,,,,,,,,,,,,,,,,,,,,,,,,,,,,
cell_embedding,A,chip94602.6.61.13.TTGGCGTCAAG,day_30,T85,ciliating.late,30.0,3992.0,0.581679150400067,1.0,-15.09565193253731,-7.674692275627476,,,,,,,,,,,,,,,,,,,,,,,,,,,,,,,,,,
cell_embedding,A,chip94602.6.61.42.TCGTCTCGAGG,day_30,T85,ciliating.late,30.0,5065.0,0.588157848230163,1.0,-17.01131239748354,-5.3926714695398505,,,,,,,,,,,,,,,,,,,,,,,,,,,,,,,,,,
cell_embedding,A,chip94602.6.61.46.TCGTAGCCAGC,day_30,T85,ciliated,30.0,11914.0,0.674421957742512,1.0,-12.924347683027614,3.0052183620780624,,,,,,,,,,,,,,,,,,,,,,,,,,,,,,,,,,
cell_embedding,A,chip94602.6.61.61.TTGGATACGTT,day_30,T85,ciliating.late,30.0,2486.0,0.578735575737689,1.0,-15.66018581549927,-10.016998156759405,,,,,,,,,,,,,,,,,,,,,,,,,,,,,,,,,,
cell_embedding,A,chip94602.6.62.62.TCGTTCAGATG,day_30,T85,ciliating.late,30.0,15648.0,0.730317932835399,1.0,-10.306492250873026,6.424780229480921,,,,,,,,,,,,,,,,,,,,,,,,,,,,,,,,,,
cell_embedding,A,chip94602.6.62.63.TCGTAGGAGCA,day_30,T85,ciliating.late,30.0,4491.0,0.585559633750872,1.0,-15.846389402547745,-6.131875530654437,,,,,,,,,,,,,,,,,,,,,,,,,,,,,,,,,,
cell_embedding,A,chip94602.6.62.67.TCGTTATTACC,day_30,T85,ciliating.late,30.0,5209.0,0.594163889617922,1.0,-15.511664014478097,-2.449980464991027,,,,,,,,,,,,,,,,,,,,,,,,,,,,,,,,,,
cell_embedding,A,chip94640.1.0.49.AACGAACGTAT,day_2,T85,p.basal,2.0,3456.0,0.449892562895606,0.479119609266228,-0.8771001671828706,-4.728269326161612,,,,,,,,,,,,,,,,,,,,,,,,,,,,,,,,,,
cell_embedding,A,chip94640.1.0.55.AACGAACTCGT,day_2,T85,p.basal,2.0,14697.0,0.289473236058583,1.0,10.256746477828194,3.79148179262252,,,,,,,,,,,,,,,,,,,,,,,,,,,,,,,,,,
cell_embedding,A,chip94640.1.1.10.AACGCGAAGTA,day_2,T85,d.basal,2.0,6897.0,0.352067677504539,1.0,4.269548784791608,5.292906160644851,,,,,,,,,,,,,,,,,,,,,,,,,,,,,,,,,,
cell_embedding,A,chip94640.1.1.26.AACGACTACGG,day_2,T85,p.basal,2.0,15446.0,0.289473236058583,0.68849614312357,10.322215644960048,6.249676659764617,,,,,,,,,,,,,,,,,,,,,,,,,,,,,,,,,,
cell_embedding,A,chip94640.1.1.50.AACGCCTCTCT,day_2,T85,d.basal,2.0,11238.0,0.296323041548373,1.0,9.90298796205932,5.4687878471563725,,,,,,,,,,,,,,,,,,,,,,,,,,,,,,,,,,
cell_embedding,A,chip94640.1.1.52.AACGCATTGAC,day_2,T85,d.basal,2.0,5365.0,0.367327314354897,1.0,3.446280776049875,0.6682284629535312,,,,,,,,,,,,,,,,,,,,,,,,,,,,,,,,,,
cell_embedding,A,chip94640.1.1.57.AACGCATCCGT,day_2,T85,d.basal,2.0,16153.0,,0.0,9.613377102678236,7.0318796180229,,,,,,,,,,,,,,,,,,,,,,,,,,,,,,,,,,
cell_embedding,A,chip94640.1.2.10.AACGAGACGTC,day_2,T85,d.basal,2.0,5980.0,0.222476356361053,0.931906545760851,7.39839511872458,-2.2591452291088943,,,,,,,,,,,,,,,,,,,,,,,,,,,,,,,,,,
cell_embedding,A,chip94640.1.2.27.AACGCGACGAT,day_2,T85,p.basal,2.0,10151.0,0.343936694384632,0.363420870559105,3.8553206220591223,7.875966120948784,,,,,,,,,,,,,,,,,,,,,,,,,,,,,,,,,,
cell_embedding,A,chip94640.1.2.52.AACGACCATTG,day_2,T85,d.basal,2.0,5644.0,0.221406485225584,1.0,6.898226899296206,-2.764111302558553,,,,,,,,,,,,,,,,,,,,,,,,,,,,,,,,,,
cell_embedding,A,chip94640.1.3.11.AACGGAATCCA,day_2,T85,basal.confluent,2.0,6188.0,,0.0,3.3487656219824333,3.62453783406109,,,,,,,,,,,,,,,,,,,,,,,,,,,,,,,,,,
cell_embedding,A,chip94640.1.3.56.AACGGAGACGT,day_2,T85,p.basal,2.0,15388.0,0.33024831998033,0.3370902636467,6.818910042829781,7.425851628123681,,,,,,,,,,,,,,,,,,,,,,,,,,,,,,,,,,
cell_embedding,A,chip94640.1.36.27.GAACCTAATCT,day_2,T85,p.basal,2.0,6317.0,0.456610703667509,0.668047003081904,-4.5772016939231355,0.1777251668458676,,,,,,,,,,,,,,,,,,,,,,,,,,,,,,,,,,
cell_embedding,A,chip94640.1.36.55.CTTGACTGAGG,day_2,T85,d.basal,2.0,3160.0,,0.0,3.231043680173754,-5.655018195984023,,,,,,,,,,,,,,,,,,,,,,,,,,,,,,,,,,
cell_embedding,A,chip94640.1.36.6.CTTGACTCCAA,day_2,T85,d.basal,2.0,9478.0,0.280853924526185,1.0,9.273863037139105,3.811815448861675,,,,,,,,,,,,,,,,,,,,,,,,,,,,,,,,,,
cell_embedding,A,chip94640.1.36.8.CTTGAGGTCGT,day_2,T85,d.basal,2.0,4496.0,,0.0,-1.757281740284049,2.4626051547145256,,,,,,,,,,,,,,,,,,,,,,,,,,,,,,,,,,
cell_embedding,A,chip94640.1.37.11.GCCTCTTACCA,day_2,T85,basal.colonies,2.0,15713.0,0.275857768743226,1.0,11.610983557668847,3.2178441228997174,,,,,,,,,,,,,,,,,,,,,,,,,,,,,,,,,,
cell_embedding,A,chip94640.1.37.26.GCAACCGGACG,day_2,T85,p.basal,2.0,11759.0,0.425223696522264,0.327368856055537,-3.756187625880043,7.020933473627026,,,,,,,,,,,,,,,,,,,,,,,,,,,,,,,,,,
cell_embedding,A,chip94640.1.37.51.GAACCTCAGGA,day_2,T85,d.basal,2.0,3326.0,0.185780729734117,0.481202053370064,4.125851200335048,-5.518498336060254,,,,,,,,,,,,,,,,,,,,,,,,,,,,,,,,,,
cell_embedding,A,chip94640.1.37.52.GAACCTCCGAC,day_2,T85,d.basal,2.0,4937.0,0.375518242733536,1.0,3.771119814612391,-3.6380595679069474,,,,,,,,,,,,,,,,,,,,,,,,,,,,,,,,,,
cell_embedding,A,chip94640.1.37.5.GCCTCTAGAGC,day_2,T85,p.basal,2.0,5400.0,0.341921625382059,0.988976243892584,5.631484473680773,-3.194811613405256,,,,,,,,,,,,,,,,,,,,,,,,,,,,,,,,,,
cell_embedding,A,chip94640.1.38.2.GCAGAATCTAG,day_2,T85,d.basal,2.0,7019.0,0.323813416540908,1.0,4.6303430914236445,4.0364463239110595,,,,,,,,,,,,,,,,,,,,,,,,,,,,,,,,,,
cell_embedding,A,chip94640.1.38.6.GCAATACCGCT,day_2,T85,p.basal,2.0,15295.0,0.973927160788795,0.83186736417263,9.018083035952063,6.932768907208188,,,,,,,,,,,,,,,,,,,,,,,,,,,,,,,,,,
cell_embedding,A,chip94640.1.38.7.GCAATTCAGGT,day_2,T85,d.basal,2.0,13319.0,,0.0,-1.4654153712962172,10.11617149383757,,,,,,,,,,,,,,,,,,,,,,,,,,,,,,,,,,
cell_embedding,A,chip94640.1.38.8.GCAGAACGCAT,day_2,T85,d.basal,2.0,13542.0,0.289473236058583,1.0,11.12070697027466,5.212531370249678,,,,,,,,,,,,,,,,,,,,,,,,,,,,,,,,,,
cell_embedding,A,chip94640.1.38.9.GCAACTCGAGT,day_2,T85,p.basal,2.0,6029.0,0.445444959055772,0.696400308003828,-3.4741814954881645,-0.066198975302531,,,,,,,,,,,,,,,,,,,,,,,,,,,,,,,,,,
cell_embedding,A,chip94640.1.39.31.GCAGAGACCGT,day_2,T85,d.basal,2.0,17151.0,,0.0,10.430779966528634,8.47772998667404,,,,,,,,,,,,,,,,,,,,,,,,,,,,,,,,,,
cell_embedding,A,chip94640.1.39.33.GCAAGATAGGT,day_2,T85,p.basal,2.0,6638.0,0.272013907742953,1.0,6.689148520563563,1.0079860240161167,,,,,,,,,,,,,,,,,,,,,,,,,,,,,,,,,,
cell_embedding,A,chip94640.1.39.34.GCAAGCTGGCG,day_2,T85,d.basal,2.0,10499.0,,0.0,7.106513083515883,2.4026054855685426,,,,,,,,,,,,,,,,,,,,,,,,,,,,,,,,,,
cell_embedding,A,chip94640.1.39.3.GCGCAGACTTC,day_2,T85,p.basal,2.0,23219.0,0.967068434610998,0.401746466465312,7.484654803310199,11.669068517609412,,,,,,,,,,,,,,,,,,,,,,,,,,,,,,,,,,
cell_embedding,A,chip94640.1.39.4.GCGCCAGCCTG,day_2,T85,d.basal,2.0,7131.0,0.302315566543021,1.0,7.831214346546689,2.330281743025988,,,,,,,,,,,,,,,,,,,,,,,,,,,,,,,,,,
cell_embedding,A,chip94640.1.40.10.GCAGGTTCTGG,day_2,T85,d.basal,2.0,8958.0,0.357648918646485,0.68684276904865,4.736720062148944,4.462628759603568,,,,,,,,,,,,,,,,,,,,,,,,,,,,,,,,,,
cell_embedding,A,chip94640.1.40.1.GCATCGGTAAG,day_2,T85,p.basal,2.0,18030.0,0.980212145652862,0.65863944232361,10.21269599635244,8.83107042350452,,,,,,,,,,,,,,,,,,,,,,,,,,,,,,,,,,
cell_embedding,A,chip94640.1.40.27.GCGGTAGGAGG,day_2,T85,d.basal,2.0,6937.0,0.426924435194377,0.677567265662284,-1.676724523594321,-1.0900487097543416,,,,,,,,,,,,,,,,,,,,,,,,,,,,,,,,,,
cell_embedding,A,chip94640.1.40.52.GCAGCATAATA,day_2,T85,d.basal,2.0,3257.0,,0.0,-6.586822638730466,-4.440093814629843,,,,,,,,,,,,,,,,,,,,,,,,,,,,,,,,,,
cell_embedding,A,chip94640.1.41.11.GCGTTGAACGT,day_2,T85,d.basal,2.0,6723.0,0.249454760825687,1.0,7.530637679166023,-1.1950638975449528,,,,,,,,,,,,,,,,,,,,,,,,,,,,,,,,,,
cell_embedding,A,chip94640.1.41.25.GCCGCCTACGG,day_2,T85,d.basal,2.0,6990.0,0.279173676468706,1.0,8.280315806296642,0.1740587645130434,,,,,,,,,,,,,,,,,,,,,,,,,,,,,,,,,,
cell_embedding,A,chip94640.1.41.2.GCTATTGACTG,day_2,T85,d.basal,2.0,7743.0,0.30853144595808,1.0,7.975687317800757,3.6509762770641903,,,,,,,,,,,,,,,,,,,,,,,,,,,,,,,,,,
cell_embedding,A,chip94640.1.41.32.GCCGCGTTAGG,day_2,T85,d.basal,2.0,5671.0,0.416261598377041,0.836103567353934,-1.0332065221613933,-0.5180075397473368,,,,,,,,,,,,,,,,,,,,,,,,,,,,,,,,,,
cell_embedding,A,chip94640.1.41.51.GCGGTCCATCC,day_2,T85,d.basal,2.0,3916.0,,0.0,0.5872123187587365,-4.437098706881434,,,,,,,,,,,,,,,,,,,,,,,,,,,,,,,,,,
cell_embedding,A,chip94640.1.41.53.GCGGTTGGCGC,day_2,T85,d.basal,2.0,2599.0,,0.0,-2.847008159910786,-7.840919719052393,,,,,,,,,,,,,,,,,,,,,,,,,,,,,,,,,,
cell_embedding,A,chip94640.1.41.56.GCGTCTTGGAT,day_2,T85,p.basal,2.0,3463.0,0.154346441436076,1.0,5.685596903400005,-7.97023633012253,,,,,,,,,,,,,,,,,,,,,,,,,,,,,,,,,,
cell_embedding,A,chip94640.1.42.24.GCTAATAGCCT,day_2,T85,d.basal,2.0,11240.0,,0.0,9.778827420531965,3.647895762858506,,,,,,,,,,,,,,,,,,,,,,,,,,,,,,,,,,
cell_embedding,A,chip94640.1.42.51.GCCAGAGTACG,day_2,T85,d.basal,2.0,5912.0,,0.0,-6.704696674764195,-0.4070282078125716,,,,,,,,,,,,,,,,,,,,,,,,,,,,,,,,,,
cell_embedding,A,chip94640.1.42.7.GGTAAGAACCA,day_2,T85,d.basal,2.0,9199.0,0.293968280883751,1.0,8.266119873046515,3.0198178894384116,,,,,,,,,,,,,,,,,,,,,,,,,,,,,,,,,,
cell_embedding,A,chip94640.1.42.9.GGCTGGTAGGT,day_2,T85,d.basal,2.0,12442.0,,0.0,7.925884409884869,8.553691461894955,,,,,,,,,,,,,,,,,,,,,,,,,,,,,,,,,,
cell_embedding,A,chip94640.1.43.26.GGTAAGTCGTC,day_2,T85,d.basal,2.0,10414.0,,0.0,6.309778245727862,7.467961343617194,,,,,,,,,,,,,,,,,,,,,,,,,,,,,,,,,,
cell_embedding,A,chip94640.1.43.35.GGTAACGACTG,day_2,T85,d.basal,2.0,14458.0,,0.0,10.043912819123625,7.7327429235800125,,,,,,,,,,,,,,,,,,,,,,,,,,,,,,,,,,
cell_embedding,A,chip94640.1.43.49.GGTCCGGACGA,day_2,T85,d.basal,2.0,2584.0,,0.0,-2.3516448384121307,-8.260926231906081,,,,,,,,,,,,,,,,,,,,,,,,,,,,,,,,,,
cell_embedding,A,chip94640.1.44.11.GGTACGTTCTA,day_2,T85,d.basal,2.0,8627.0,0.30518699123481,1.0,7.507631724742269,4.120053723004535,,,,,,,,,,,,,,,,,,,,,,,,,,,,,,,,,,
cell_embedding,A,chip94640.1.44.29.GGTCGCATACT,day_2,T85,d.basal,2.0,5719.0,0.250882780987118,0.889477808853722,7.942529154805008,-2.1976713134801646,,,,,,,,,,,,,,,,,,,,,,,,,,,,,,,,,,
cell_embedding,A,chip94640.1.44.35.GGTCGCCAGTC,day_2,T85,d.basal,2.0,4421.0,0.228391238230946,0.859319682041824,5.497373488604078,-3.0311637903648614,,,,,,,,,,,,,,,,,,,,,,,,,,,,,,,,,,
cell_embedding,A,chip94640.1.44.56.GGTAGACTCTC,day_2,T85,p.basal,2.0,8237.0,0.408662408759945,0.224731404773511,-1.0288300824285097,1.769075111831372,,,,,,,,,,,,,,,,,,,,,,,,,,,,,,,,,,
cell_embedding,A,chip94640.1.4.4.AACGATGCGAC,day_2,T85,p.basal,2.0,8352.0,0.235307753256671,1.0,9.187445452610682,-1.2193729815456142,,,,,,,,,,,,,,,,,,,,,,,,,,,,,,,,,,
cell_embedding,A,chip94640.1.4.51.AACGATCCTCT,day_2,T85,d.basal,2.0,4739.0,,0.0,1.388137298772082,-4.916836263756611,,,,,,,,,,,,,,,,,,,,,,,,,,,,,,,,,,
cell_embedding,A,chip94640.1.4.53.AACGATTAGGC,day_2,T85,p.basal,2.0,7208.0,0.44916573436976,0.913349684633956,-4.41727098363553,2.044608379852752,,,,,,,,,,,,,,,,,,,,,,,,,,,,,,,,,,
cell_embedding,A,chip94640.1.4.56.AACGCAATCTT,day_2,T85,p.basal,2.0,6462.0,0.229410664396459,1.0,7.348363078671363,-3.297642667484961,,,,,,,,,,,,,,,,,,,,,,,,,,,,,,,,,,
cell_embedding,A,chip94640.1.5.28.AACTGGTCAGT,day_2,T85,d.basal,2.0,4129.0,,0.0,-3.947316300507284,-2.719462915935531,,,,,,,,,,,,,,,,,,,,,,,,,,,,,,,,,,
cell_embedding,A,chip94640.1.5.34.AACTGGTCCAG,day_2,T85,p.basal,2.0,10446.0,0.278383158527383,1.0,9.434018601034408,-0.1119097693775209,,,,,,,,,,,,,,,,,,,,,,,,,,,,,,,,,,
cell_embedding,A,chip94640.1.5.35.AACTTACGGAG,day_2,T85,p.basal,2.0,11401.0,0.2657508708381,1.0,10.204282711182,0.8579611758717126,,,,,,,,,,,,,,,,,,,,,,,,,,,,,,,,,,
cell_embedding,A,chip94640.1.5.57.AACGGCAGGAG,day_2,T85,p.basal,2.0,8589.0,0.429013346099137,0.250418066448052,-3.3625566993376275,4.375248850149443,,,,,,,,,,,,,,,,,,,,,,,,,,,,,,,,,,
cell_embedding,A,chip94640.1.5.59.AACGGCTAAGC,day_2,T85,p.basal,2.0,8470.0,0.251784318654775,1.0,9.953094752525558,-0.2612642580872516,,,,,,,,,,,,,,,,,,,,,,,,,,,,,,,,,,
cell_embedding,A,chip94640.1.6.26.AAGACCGCATA,day_2,T85,p.basal,2.0,12520.0,0.411627948470238,0.218215560766949,-2.7528940331807954,6.709395180442375,,,,,,,,,,,,,,,,,,,,,,,,,,,,,,,,,,
cell_embedding,A,chip94640.1.6.29.AAGAATTGGCC,day_2,T85,d.basal,2.0,5066.0,0.38088676280033,1.0,2.374805400862949,-1.9333725281085816,,,,,,,,,,,,,,,,,,,,,,,,,,,,,,,,,,
cell_embedding,A,chip94640.1.6.52.AACTTAAGTAA,day_2,T85,d.basal,2.0,5886.0,0.259330770703915,0.871504116198461,7.093512812011845,-2.2039303480865375,,,,,,,,,,,,,,,,,,,,,,,,,,,,,,,,,,
cell_embedding,A,chip94640.1.6.54.AACTTATGATA,day_2,T85,basal.colonies,2.0,15178.0,0.322488145985886,0.27185020258053,8.723319266581488,7.280459275732702,,,,,,,,,,,,,,,,,,,,,,,,,,,,,,,,,,
cell_embedding,A,chip94640.1.6.8.AAGAACCGTTC,day_2,T85,d.basal,2.0,5670.0,,0.0,1.0884217513300285,-1.5816410688940754,,,,,,,,,,,,,,,,,,,,,,,,,,,,,,,,,,
cell_embedding,A,chip94640.1.7.11.AAGACGAGAGA,day_2,T85,d.basal,2.0,4040.0,,0.0,6.282262078367183,-7.5582516858038655,,,,,,,,,,,,,,,,,,,,,,,,,,,,,,,,,,
cell_embedding,A,chip94640.1.7.2.AAGACGGAGGT,day_2,T85,d.basal,2.0,6151.0,0.257307719069318,0.869559360009094,6.7373166747065465,-3.204623769924034,,,,,,,,,,,,,,,,,,,,,,,,,,,,,,,,,,
cell_embedding,A,chip94640.1.7.5.AAGACGACTCT,day_2,T85,d.basal,2.0,9164.0,,0.0,-3.236148618623345,3.0352087862827366,,,,,,,,,,,,,,,,,,,,,,,,,,,,,,,,,,
cell_embedding,A,chip94640.1.7.8.AAGACGGACCA,day_2,T85,p.basal,2.0,4864.0,0.220501193339297,1.0,5.987207968308868,-2.4759901408282223,,,,,,,,,,,,,,,,,,,,,,,,,,,,,,,,,,
cell_embedding,A,chip94640.1.8.50.AAGAAGAGAAC,day_2,T85,p.basal,2.0,11306.0,0.259889903548042,1.0,10.607141928965484,0.0898970639397854,,,,,,,,,,,,,,,,,,,,,,,,,,,,,,,,,,
cell_embedding,A,chip94640.1.8.51.AAGAACGCAAC,day_2,T85,p.basal,2.0,2496.0,,0.0,-6.0313815607179295,-9.82880006777365,,,,,,,,,,,,,,,,,,,,,,,,,,,,,,,,,,
cell_embedding,A,chip94640.1.8.55.AAGAAGACGCC,day_2,T85,d.basal,2.0,8647.0,0.273291197564054,1.0,9.010263858983684,-0.1377918342966828,,,,,,,,,,,,,,,,,,,,,,,,,,,,,,,,,,
cell_embedding,A,chip94640.2.0.64.AACCAACCTGC,day_4,T85,d.basal,4.0,11760.0,0.280498621939641,1.0,9.79694721929897,0.4032818970454853,,,,,,,,,,,,,,,,,,,,,,,,,,,,,,,,,,
cell_embedding,A,chip94640.2.0.67.AACCAAGGCCT,day_4,T85,d.basal,4.0,3553.0,,0.0,3.151338988073841,-7.050156158572152,,,,,,,,,,,,,,,,,,,,,,,,,,,,,,,,,,
cell_embedding,A,chip94640.2.0.69.AACCAACCAAG,day_4,T85,d.basal,4.0,3818.0,,0.0,3.00905724976912,-6.138530188568065,,,,,,,,,,,,,,,,,,,,,,,,,,,,,,,,,,
cell_embedding,A,chip94640.2.1.21.AACCGGAAGTT,day_4,T85,d.basal,4.0,2781.0,,0.0,2.837800401826933,-9.01607229782356,,,,,,,,,,,,,,,,,,,,,,,,,,,,,,,,,,
cell_embedding,A,chip94640.2.1.39.AACCAATGCGG,day_4,T85,d.basal,4.0,8489.0,0.255922405767929,1.0,8.91921738658682,0.0283551025908793,,,,,,,,,,,,,,,,,,,,,,,,,,,,,,,,,,
cell_embedding,A,chip94640.2.1.43.AACCAGCCATC,day_4,T85,p.basal,4.0,6830.0,0.351978956964237,1.0,4.287824470418099,-0.7707370631231741,,,,,,,,,,,,,,,,,,,,,,,,,,,,,,,,,,
cell_embedding,A,chip94640.2.1.45.AACCAATGAAT,day_4,T85,d.basal,4.0,5628.0,0.410318375285155,0.819981933531271,-0.0486764863136409,0.6135855012165387,,,,,,,,,,,,,,,,,,,,,,,,,,,,,,,,,,
cell_embedding,A,chip94640.2.1.46.AACCAATTGGT,day_4,T85,d.basal,4.0,6978.0,0.308256629674923,1.0,7.688981051528525,-1.320383618580663,,,,,,,,,,,,,,,,,,,,,,,,,,,,,,,,,,
cell_embedding,A,chip94640.2.2.39.AACCGGCAGAG,day_4,T85,d.basal,4.0,12833.0,,0.0,6.394396437219826,5.656054533446564,,,,,,,,,,,,,,,,,,,,,,,,,,,,,,,,,,
cell_embedding,A,chip94640.2.2.43.AACCGTTCGCA,day_4,T85,p.basal,4.0,4718.0,0.223490713120945,0.83951166951757,4.174405452218977,-4.714767965363446,,,,,,,,,,,,,,,,,,,,,,,,,,,,,,,,,,
cell_embedding,A,chip94640.2.2.46.AACCGGCCAAT,day_4,T85,d.basal,4.0,6368.0,0.271857324363659,0.899743362553533,7.79953807443384,-0.9945334444184964,,,,,,,,,,,,,,,,,,,,,,,,,,,,,,,,,,
cell_embedding,A,chip94640.2.2.60.AACCAGATTCC,day_4,T85,p.basal,4.0,8284.0,0.223055032722618,0.953240234670705,8.723592762605191,-3.2667019435308817,,,,,,,,,,,,,,,,,,,,,,,,,,,,,,,,,,
cell_embedding,A,chip94640.2.3.12.AACCTATGGCC,day_4,T85,ciliating.early,4.0,15420.0,0.920916742257335,1.0,5.598720683375488,7.684114252824124,,,,,,,,,,,,,,,,,,,,,,,,,,,,,,,,,,
cell_embedding,A,chip94640.2.3.20.AACCTCCATGG,day_4,T85,d.basal,4.0,7612.0,0.373434797551856,1.0,2.381353349671904,1.6052402706829632,,,,,,,,,,,,,,,,,,,,,,,,,,,,,,,,,,
cell_embedding,A,chip94640.2.3.46.AACCATAGAAC,day_4,T85,d.basal,4.0,3750.0,,0.0,5.183061553247857,-7.758156526131677,,,,,,,,,,,,,,,,,,,,,,,,,,,,,,,,,,
cell_embedding,A,chip94640.2.3.61.AACCTCAACGA,day_4,T85,d.basal,4.0,9683.0,0.311937161441599,1.0,7.06348678665008,4.02936054745914,,,,,,,,,,,,,,,,,,,,,,,,,,,,,,,,,,
cell_embedding,A,chip94640.2.36.65.CTCCGCAGTTA,day_4,T85,d.basal,4.0,5543.0,0.418214308541967,1.0,-0.5867647131131268,-0.1568348118085987,,,,,,,,,,,,,,,,,,,,,,,,,,,,,,,,,,
cell_embedding,A,chip94640.2.36.66.CTCCGCGTCGT,day_4,T85,p.basal,4.0,2711.0,0.106125450873452,0.9888578276602,3.398714018940323,-8.158802492874743,,,,,,,,,,,,,,,,,,,,,,,,,,,,,,,,,,
cell_embedding,A,chip94640.2.3.70.AACCTAAGCCG,day_4,T85,d.basal,4.0,16134.0,,0.0,9.290798155279465,5.157026627113661,,,,,,,,,,,,,,,,,,,,,,,,,,,,,,,,,,
cell_embedding,A,chip94640.2.37.19.GAAGCGTATTA,day_4,T85,p.basal,4.0,10350.0,0.324614754204685,0.786875111435684,6.157176796608159,4.760106157954891,,,,,,,,,,,,,,,,,,,,,,,,,,,,,,,,,,
cell_embedding,A,chip94640.2.37.20.GAAGCGTCCTG,day_4,T85,p.basal,4.0,16534.0,0.955074838920786,0.333805636939029,5.438959688613967,9.50717487852248,,,,,,,,,,,,,,,,,,,,,,,,,,,,,,,,,,
cell_embedding,A,chip94640.2.37.47.GAACGCCGGAT,day_4,T85,p.basal,4.0,2410.0,,0.0,-5.753193064625113,-10.240439628251858,,,,,,,,,,,,,,,,,,,,,,,,,,,,,,,,,,
cell_embedding,A,chip94640.2.37.63.CTGCTTCGGCT,day_4,T85,d.basal,4.0,5088.0,0.272676907851463,1.0,6.070216995191711,-2.331362634225862,,,,,,,,,,,,,,,,,,,,,,,,,,,,,,,,,,
cell_embedding,A,chip94640.2.38.39.GAAGCATTCGT,day_4,T85,d.basal,4.0,2205.0,,0.0,0.5216220470848613,-10.391147582085257,,,,,,,,,,,,,,,,,,,,,,,,,,,,,,,,,,
cell_embedding,A,chip94640.2.38.61.GAACGGCAGGT,day_4,T85,p.basal,4.0,5551.0,0.216960511401037,0.919322001403893,6.132778972394835,-4.236322640259289,,,,,,,,,,,,,,,,,,,,,,,,,,,,,,,,,,
cell_embedding,A,chip94640.2.38.64.GAACGCAAGAC,day_4,T85,p.basal,4.0,3178.0,,0.0,-0.9736620229807404,-7.849491732606805,,,,,,,,,,,,,,,,,,,,,,,,,,,,,,,,,,
cell_embedding,A,chip94640.2.38.65.GAACGCGTTAA,day_4,T85,p.basal,4.0,4980.0,0.202522405851247,0.887725602975776,4.901112811920279,-4.400229086410293,,,,,,,,,,,,,,,,,,,,,,,,,,,,,,,,,,
cell_embedding,A,chip94640.2.38.68.GAACGGTACGC,day_4,T85,d.basal,4.0,6914.0,0.368754366907556,1.0,2.925062254160954,0.0467062694902334,,,,,,,,,,,,,,,,,,,,,,,,,,,,,,,,,,
cell_embedding,A,chip94640.2.38.69.GAACGATGGCC,day_4,T85,d.basal,4.0,9444.0,0.322085671533324,1.0,5.55845376133571,3.736522845136684,,,,,,,,,,,,,,,,,,,,,,,,,,,,,,,,,,
cell_embedding,A,chip94640.2.39.15.GACCAAGTCGT,day_4,T85,d.basal,4.0,8004.0,0.272881235024615,1.0,7.947736034972382,3.225688994853246,,,,,,,,,,,,,,,,,,,,,,,,,,,,,,,,,,
cell_embedding,A,chip94640.2.39.37.GAACTCATACC,day_4,T85,p.basal,4.0,7016.0,0.246007740232879,0.929768949545347,7.94050932962427,-0.9486114558516588,,,,,,,,,,,,,,,,,,,,,,,,,,,,,,,,,,
cell_embedding,A,chip94640.2.39.42.GAACTAGCCAA,day_4,T85,ciliating.early,4.0,4816.0,0.479801955112803,1.0,-3.891891013888183,-0.6812306215357982,,,,,,,,,,,,,,,,,,,,,,,,,,,,,,,,,,
cell_embedding,A,chip94640.2.39.61.GAGAACTGCCG,day_4,T85,d.basal,4.0,9614.0,0.324641777827408,1.0,6.917360351649434,2.525124177416893,,,,,,,,,,,,,,,,,,,,,,,,,,,,,,,,,,
cell_embedding,A,chip94640.2.40.13.GAAGACGAGTT,day_4,T85,d.basal,4.0,7461.0,0.2583130986796,0.913796131815606,6.5597204627200485,-1.8553792879845936,,,,,,,,,,,,,,,,,,,,,,,,,,,,,,,,,,
cell_embedding,A,chip94640.2.40.40.GAGCTTCTTCC,day_4,T85,d.basal,4.0,8205.0,0.327824956488355,1.0,6.228853608802012,3.7572003697208816,,,,,,,,,,,,,,,,,,,,,,,,,,,,,,,,,,
cell_embedding,A,chip94640.2.40.46.GAGGACCAATC,day_4,T85,d.basal,4.0,2104.0,,0.0,-1.830252982862232,-11.947264789801444,,,,,,,,,,,,,,,,,,,,,,,,,,,,,,,,,,
cell_embedding,A,chip94640.2.41.37.GAAGATCTAGG,day_4,T85,d.basal,4.0,2673.0,,0.0,-2.19312370608786,-9.012571416243686,,,,,,,,,,,,,,,,,,,,,,,,,,,,,,,,,,
cell_embedding,A,chip94640.2.41.41.GAAGAGCGGTC,day_4,T85,p.basal,4.0,1432.0,,0.0,-6.40918036203291,-13.348509357883458,,,,,,,,,,,,,,,,,,,,,,,,,,,,,,,,,,
cell_embedding,A,chip94640.2.4.18.AACCGAGGTTG,day_4,T85,p.basal,4.0,15832.0,0.289473236058583,0.870835255158363,8.9718719936523,3.870242909981989,,,,,,,,,,,,,,,,,,,,,,,,,,,,,,,,,,
cell_embedding,A,chip94640.2.4.23.AACCGAGAGCA,day_4,T85,p.basal,4.0,7338.0,0.205992520710565,1.0,9.405656163254305,-4.594472081549599,,,,,,,,,,,,,,,,,,,,,,,,,,,,,,,,,,
cell_embedding,A,chip94640.2.42.46.GATCCTGGTAC,day_4,T85,d.basal,4.0,2328.0,,0.0,1.434517290840321,-7.432013624560615,,,,,,,,,,,,,,,,,,,,,,,,,,,,,,,,,,
cell_embedding,A,chip94640.2.42.69.GAAGAGACTTG,day_4,T85,p.basal,4.0,16809.0,0.921923586629089,0.172572564465916,2.7008585551512394,9.640202529517184,,,,,,,,,,,,,,,,,,,,,,,,,,,,,,,,,,
cell_embedding,A,chip94640.2.42.70.GAAGAGCGCCG,day_4,T85,d.basal,4.0,16808.0,,0.0,8.081595291099793,8.286861528139685,,,,,,,,,,,,,,,,,,,,,,,,,,,,,,,,,,
cell_embedding,A,chip94640.2.43.18.GGAGGCGGAGA,day_4,T85,p.basal,4.0,13658.0,0.307002503341826,0.702560394994977,8.034600494423113,6.610934774972651,,,,,,,,,,,,,,,,,,,,,,,,,,,,,,,,,,
cell_embedding,A,chip94640.2.43.40.GCTCCGGTAAT,day_4,T85,d.basal,4.0,18788.0,,0.0,6.119517136085611,9.601520736837143,,,,,,,,,,,,,,,,,,,,,,,,,,,,,,,,,,
cell_embedding,A,chip94640.2.43.43.GCTCTGGCCTT,day_4,T85,d.basal,4.0,10530.0,,0.0,5.443776035675976,5.82110610285661,,,,,,,,,,,,,,,,,,,,,,,,,,,,,,,,,,
cell_embedding,A,chip94640.2.44.17.GCTGCAGTCGA,day_4,T85,d.basal,4.0,8365.0,0.301950673313946,1.0,7.032520043693699,-0.4610813944205602,,,,,,,,,,,,,,,,,,,,,,,,,,,,,,,,,,
cell_embedding,A,chip94640.2.44.19.GCTGCTCCTTA,day_4,T85,d.basal,4.0,16472.0,,0.0,9.246550068254068,6.343159429594206,,,,,,,,,,,,,,,,,,,,,,,,,,,,,,,,,,
cell_embedding,A,chip94640.2.5.13.AACTCATCAAC,day_4,T85,p.basal,4.0,11303.0,0.330295495757243,0.637075560870665,6.32809646126326,5.549693408450989,,,,,,,,,,,,,,,,,,,,,,,,,,,,,,,,,,
cell_embedding,A,chip94640.2.5.14.AACTCATTATT,day_4,T85,d.basal,4.0,5351.0,,0.0,3.518307807581971,-0.8354189100381241,,,,,,,,,,,,,,,,,,,,,,,,,,,,,,,,,,
cell_embedding,A,chip94640.2.6.20.AACTAAGAGTA,day_4,T85,d.basal,4.0,11075.0,0.296142086757696,1.0,8.894776625073794,4.371151937037463,,,,,,,,,,,,,,,,,,,,,,,,,,,,,,,,,,
cell_embedding,A,chip94640.2.6.42.AACTCATAGGA,day_4,T85,p.basal,4.0,5428.0,0.356225982174688,1.0,3.704448226959854,-2.9486872627406626,,,,,,,,,,,,,,,,,,,,,,,,,,,,,,,,,,
cell_embedding,A,chip94640.2.6.47.AACTCAGGACC,day_4,T85,d.basal,4.0,4085.0,,0.0,5.007431443892508,-4.66712907964215,,,,,,,,,,,,,,,,,,,,,,,,,,,,,,,,,,
cell_embedding,A,chip94640.2.6.60.AACGTAGCGTC,day_4,T85,d.basal,4.0,10455.0,0.31671206413748,1.0,8.17639281953532,3.779078817612523,,,,,,,,,,,,,,,,,,,,,,,,,,,,,,,,,,
cell_embedding,A,chip94640.2.6.70.AACGTACCAAC,day_4,T85,d.basal,4.0,10241.0,,0.0,5.69524870553978,3.2557376566531504,,,,,,,,,,,,,,,,,,,,,,,,,,,,,,,,,,
cell_embedding,A,chip94640.2.7.23.AACTCGATGGC,day_4,T85,p.basal,4.0,19414.0,0.989955051060198,0.845212191512344,9.811680670016123,9.379838752460705,,,,,,,,,,,,,,,,,,,,,,,,,,,,,,,,,,
cell_embedding,A,chip94640.2.8.16.AACTACCGCGA,day_4,T85,d.basal,4.0,3420.0,0.420147769289454,1.0,0.4160037998022604,-2.0734326355943327,,,,,,,,,,,,,,,,,,,,,,,,,,,,,,,,,,
cell_embedding,A,chip94640.3.10.4.ACTCGTCTTGC,day_5,T85,p.basal,5.0,17549.0,0.956251383747545,0.450955973047594,6.6134732187110945,8.099164586941777,,,,,,,,,,,,,,,,,,,,,,,,,,,,,,,,,,
cell_embedding,A,chip94640.3.10.58.AAGAAGGAACC,day_5,T85,d.basal,5.0,2675.0,,0.0,0.0037459640391433,-7.486260343749651,,,,,,,,,,,,,,,,,,,,,,,,,,,,,,,,,,
cell_embedding,A,chip94640.3.11.31.AGAACCGAACC,day_5,T85,p.basal,5.0,13156.0,0.303016831003714,1.0,8.194103045276377,2.794969460572438,,,,,,,,,,,,,,,,,,,,,,,,,,,,,,,,,,
cell_embedding,A,chip94640.3.12.28.AGAAGTATGAC,day_5,T85,p.basal,5.0,15303.0,0.282574675774759,1.0,11.673676515670762,3.6462774763530783,,,,,,,,,,,,,,,,,,,,,,,,,,,,,,,,,,
cell_embedding,A,chip94640.3.12.31.AGAATACGTTG,day_5,T85,p.basal,5.0,15666.0,0.309928315424775,0.519293799278582,9.047744775667768,6.072267219694576,,,,,,,,,,,,,,,,,,,,,,,,,,,,,,,,,,
cell_embedding,A,chip94640.3.12.33.AGAAGGTACCT,day_5,T85,d.basal,5.0,3313.0,,0.0,1.3335621890000793,-8.04595286668442,,,,,,,,,,,,,,,,,,,,,,,,,,,,,,,,,,
cell_embedding,A,chip94640.3.12.3.AGAACCTAATG,day_5,T85,p.basal,5.0,8052.0,0.239948942023856,1.0,9.479061254525943,-0.262692949008091,,,,,,,,,,,,,,,,,,,,,,,,,,,,,,,,,,
cell_embedding,A,chip94640.3.12.57.AGAACCGCAAG,day_5,T85,d.basal,5.0,6515.0,0.358723371221152,1.0,4.516681630936088,0.1596746000104145,,,,,,,,,,,,,,,,,,,,,,,,,,,,,,,,,,
cell_embedding,A,chip94640.3.13.11.AGAATCCAGAG,day_5,T85,p.basal,5.0,17763.0,0.98067949719275,1.0,8.124117113373295,9.189642275591003,,,,,,,,,,,,,,,,,,,,,,,,,,,,,,,,,,
cell_embedding,A,chip94640.3.13.54.AGAATACCAAG,day_5,T85,d.basal,5.0,2676.0,,0.0,-4.034625372158598,-9.474434155812537,,,,,,,,,,,,,,,,,,,,,,,,,,,,,,,,,,
cell_embedding,A,chip94640.3.14.10.AGAACTTAGTC,day_5,T85,d.basal,5.0,4380.0,,0.0,-2.92288757916574,-4.948379028570053,,,,,,,,,,,,,,,,,,,,,,,,,,,,,,,,,,
cell_embedding,A,chip94640.3.14.59.AGAACTAGATC,day_5,T85,d.basal,5.0,3116.0,,0.0,-0.3945238952638856,-8.925203194152415,,,,,,,,,,,,,,,,,,,,,,,,,,,,,,,,,,
cell_embedding,A,chip94640.3.15.32.AGAAGAGCATG,day_5,T85,d.basal,5.0,2418.0,,0.0,-2.821973311458964,-9.153090952584035,,,,,,,,,,,,,,,,,,,,,,,,,,,,,,,,,,
cell_embedding,A,chip94640.3.15.49.AGGAGGTCTCA,day_5,T85,p.basal,5.0,14153.0,0.288612541838425,1.0,10.496893977787344,3.318756726356803,,,,,,,,,,,,,,,,,,,,,,,,,,,,,,,,,,
cell_embedding,A,chip94640.3.15.52.AGATTGGCGGA,day_5,T85,p.basal,5.0,1484.0,,0.0,-0.4903120955126082,-12.95540997088096,,,,,,,,,,,,,,,,,,,,,,,,,,,,,,,,,,
cell_embedding,A,chip94640.3.15.59.AGGAACGCGTC,day_5,T85,d.basal,5.0,6431.0,0.357648918646485,1.0,4.960650834159857,3.5550747796790128,,,,,,,,,,,,,,,,,,,,,,,,,,,,,,,,,,
cell_embedding,A,chip94640.3.16.24.CCAACGGAATA,day_5,T85,d.basal,5.0,7687.0,0.301110831615236,1.0,7.27057381189228,1.716517425127886,,,,,,,,,,,,,,,,,,,,,,,,,,,,,,,,,,
cell_embedding,A,chip94640.3.16.31.CCAACTACCTG,day_5,T85,d.basal,5.0,5218.0,0.340284100453052,0.936616436069174,4.0766179007248695,-1.912400980542177,,,,,,,,,,,,,,,,,,,,,,,,,,,,,,,,,,
cell_embedding,A,chip94640.3.16.5.CAACCTAAGCA,day_5,T85,p.basal,5.0,19932.0,0.309928315424775,0.307448157782407,10.176607517119905,7.030488347611849,,,,,,,,,,,,,,,,,,,,,,,,,,,,,,,,,,
cell_embedding,A,chip94640.3.16.6.CAACGAAGATT,day_5,T85,d.basal,5.0,7771.0,0.328763017879621,1.0,5.934538781753329,2.091966557781733,,,,,,,,,,,,,,,,,,,,,,,,,,,,,,,,,,
cell_embedding,A,chip94640.3.17.56.CCAACTCCGAT,day_5,T85,p.basal,5.0,17129.0,0.960542424432002,0.615628077596129,7.556727044729549,9.130029740621998,,,,,,,,,,,,,,,,,,,,,,,,,,,,,,,,,,
cell_embedding,A,chip94640.3.17.59.CCAACGTACGT,day_5,T85,p.basal,5.0,6984.0,0.405443451655605,0.775443957651927,-0.6274130568998819,0.1151031241838642,,,,,,,,,,,,,,,,,,,,,,,,,,,,,,,,,,
cell_embedding,A,chip94640.3.45.2.GGTCTGAACCG,day_5,T85,d.basal,5.0,5282.0,0.366595321834067,1.0,3.985654263314514,-1.2821967485987986,,,,,,,,,,,,,,,,,,,,,,,,,,,,,,,,,,
cell_embedding,A,chip94640.3.46.32.GGTCTGCCGTC,day_5,T85,d.basal,5.0,5586.0,0.32801974319359,1.0,5.98113838481311,-0.8689952569032307,,,,,,,,,,,,,,,,,,,,,,,,,,,,,,,,,,
cell_embedding,A,chip94640.3.46.54.GGTAGGCCTAT,day_5,T85,p.basal,5.0,4937.0,0.400581592033177,1.0,1.2513325459972828,-1.1582239399459584,,,,,,,,,,,,,,,,,,,,,,,,,,,,,,,,,,
cell_embedding,A,chip94640.3.47.10.GGTTAACGAGG,day_5,T85,d.basal,5.0,5268.0,0.272743774135759,0.773700844346859,6.8678986051651885,-2.8510550396236733,,,,,,,,,,,,,,,,,,,,,,,,,,,,,,,,,,
cell_embedding,A,chip94640.3.47.2.GGTTAGACTGG,day_5,T85,d.basal,5.0,13543.0,0.275628608989948,0.957267374034412,11.93200074880892,1.230614389359478,,,,,,,,,,,,,,,,,,,,,,,,,,,,,,,,,,
cell_embedding,A,chip94640.3.47.50.GGTTACTAATG,day_5,T85,p.basal,5.0,10091.0,0.364523572218139,0.554495396148931,3.580599073950468,5.339410680859979,,,,,,,,,,,,,,,,,,,,,,,,,,,,,,,,,,
cell_embedding,A,chip94640.3.47.58.GGTCTTATACG,day_5,T85,d.basal,5.0,6601.0,0.372780104987666,1.0,4.056984262756043,-0.1000594427356075,,,,,,,,,,,,,,,,,,,,,,,,,,,,,,,,,,
cell_embedding,A,chip94640.3.48.49.GTCGGTTATAC,day_5,T85,p.basal,5.0,6368.0,0.198324527498657,1.0,8.632362836728598,-3.733080583823347,,,,,,,,,,,,,,,,,,,,,,,,,,,,,,,,,,
cell_embedding,A,chip94640.3.48.5.GTCGGTCAACG,day_5,T85,d.basal,5.0,17270.0,,0.0,8.554361595463329,9.530149095546935,,,,,,,,,,,,,,,,,,,,,,,,,,,,,,,,,,
cell_embedding,A,chip94640.3.49.1.GTTATTCCATC,day_5,T85,d.basal,5.0,8867.0,0.302466424710176,1.0,8.142782077625375,2.6980933118815327,,,,,,,,,,,,,,,,,,,,,,,,,,,,,,,,,,
cell_embedding,A,chip94640.3.50.25.GTTATTGGTCG,day_5,T85,p.basal,5.0,8282.0,0.267116599238868,1.0,9.230018172678982,2.5610559345996537,,,,,,,,,,,,,,,,,,,,,,,,,,,,,,,,,,
cell_embedding,A,chip94640.3.50.3.GTCTGCGTTCC,day_5,T85,p.basal,5.0,8713.0,0.356126046115093,0.439019759459975,2.5225073192233944,6.965413510866474,,,,,,,,,,,,,,,,,,,,,,,,,,,,,,,,,,
cell_embedding,A,chip94640.3.50.51.GTCGTTGATTC,day_5,T85,p.basal,5.0,15763.0,0.323500029230941,0.203587262446323,8.398530920668588,8.585983528975557,,,,,,,,,,,,,,,,,,,,,,,,,,,,,,,,,,
cell_embedding,A,chip94640.3.50.57.GTCGTTCCTCC,day_5,T85,p.basal,5.0,9126.0,0.261788054561388,1.0,10.937458029649326,1.003388642715752,,,,,,,,,,,,,,,,,,,,,,,,,,,,,,,,,,
cell_embedding,A,chip94640.3.51.25.GTTAACGATGG,day_5,T85,p.basal,5.0,14523.0,0.308051880231817,0.456550446008037,9.528577190582311,7.218922838382923,,,,,,,,,,,,,,,,,,,,,,,,,,,,,,,,,,
cell_embedding,A,chip94640.3.51.28.GTCTGGTATTC,day_5,T85,p.basal,5.0,11922.0,0.289473236058583,1.0,10.36141686702928,3.2801168825875253,,,,,,,,,,,,,,,,,,,,,,,,,,,,,,,,,,
cell_embedding,A,chip94640.3.51.50.GTTCCGAGCTC,day_5,T85,d.basal,5.0,8313.0,0.345047790183466,1.0,5.662246081951566,5.6932289634407685,,,,,,,,,,,,,,,,,,,,,,,,,,,,,,,,,,
cell_embedding,A,chip94640.3.52.10.GTTACCTGGAT,day_5,T85,p.basal,5.0,10197.0,0.296323041548373,0.838970020458281,9.542970108886683,3.9477123438754584,,,,,,,,,,,,,,,,,,,,,,,,,,,,,,,,,,
cell_embedding,A,chip94640.3.9.26.AAGAATACTAC,day_5,T85,p.basal,5.0,5775.0,0.340725061156891,1.0,3.620920486749141,1.0537881525617367,,,,,,,,,,,,,,,,,,,,,,,,,,,,,,,,,,
cell_embedding,A,chip94640.3.9.3.AAGAGAACTGC,day_5,T85,ciliating.early,5.0,20701.0,0.92894098607719,1.0,3.826409644180941,11.913392089059252,,,,,,,,,,,,,,,,,,,,,,,,,,,,,,,,,,
cell_embedding,A,chip94640.3.9.52.AAGACTACGAG,day_5,T85,d.basal,5.0,9932.0,0.282574675774759,1.0,10.982066302432864,2.4671872985691508,,,,,,,,,,,,,,,,,,,,,,,,,,,,,,,,,,
cell_embedding,A,chip94640.4.10.62.AACTATGAACC,day_23,T85,ciliating.late,23.0,10393.0,0.704845218618384,1.0,-13.59644358524482,7.600317067044665,,,,,,,,,,,,,,,,,,,,,,,,,,,,,,,,,,
cell_embedding,A,chip94640.4.10.69.AACTAGCCGAG,day_23,T85,ciliating.late,23.0,5774.0,0.687347834671869,1.0,-12.29620758908884,4.706289568804873,,,,,,,,,,,,,,,,,,,,,,,,,,,,,,,,,,
cell_embedding,A,chip94640.4.11.13.ACCATATTGAA,day_23,T85,ciliated,23.0,8565.0,0.792404447683205,1.0,-4.81377844929831,4.740964597531656,,,,,,,,,,,,,,,,,,,,,,,,,,,,,,,,,,
cell_embedding,A,chip94640.4.11.15.ACCAATGCGAG,day_23,T85,ciliating.early,23.0,8701.0,0.721062259452068,1.0,-10.417460850429414,5.808813071459101,,,,,,,,,,,,,,,,,,,,,,,,,,,,,,,,,,
cell_embedding,A,chip94640.4.11.21.ACCAATGACGT,day_23,T85,ciliating.late,23.0,9627.0,0.751588224761318,1.0,-8.927067716669587,8.969803877618766,,,,,,,,,,,,,,,,,,,,,,,,,,,,,,,,,,
cell_embedding,A,chip94640.4.11.62.ACCATATGCTC,day_23,T85,ciliating.late,23.0,9612.0,0.706582775327234,1.0,-13.728594853065038,6.747853952355393,,,,,,,,,,,,,,,,,,,,,,,,,,,,,,,,,,
cell_embedding,A,chip94640.4.12.43.ACCTCTCGAGT,day_23,T85,ciliated,23.0,12715.0,0.815018447140688,1.0,-4.073687012536797,9.598291309658062,,,,,,,,,,,,,,,,,,,,,,,,,,,,,,,,,,
cell_embedding,A,chip94640.4.12.47.ACCGCATCCAA,day_23,T85,ciliated,23.0,12058.0,0.818171289258236,1.0,-3.798757305994741,8.985016151979552,,,,,,,,,,,,,,,,,,,,,,,,,,,,,,,,,,
cell_embedding,A,chip94640.4.12.69.AAGAGGAGGCT,day_23,T85,ciliating.late,23.0,12143.0,0.715038370267921,1.0,-12.558479042808376,8.80694452469051,,,,,,,,,,,,,,,,,,,,,,,,,,,,,,,,,,
cell_embedding,A,chip94640.4.13.68.ACGAACGAGTT,day_23,T85,ciliating.early,23.0,7228.0,0.631784068126411,1.0,-15.113104652812543,0.9260284466092812,,,,,,,,,,,,,,,,,,,,,,,,,,,,,,,,,,
cell_embedding,A,chip94640.4.14.15.ACCAACGTCAG,day_23,T85,ciliating.late,23.0,7792.0,0.715596483758313,1.0,-10.70547748501757,5.537091495566056,,,,,,,,,,,,,,,,,,,,,,,,,,,,,,,,,,
cell_embedding,A,chip94640.4.14.23.ACCAACTTACC,day_23,T85,ciliating.early,23.0,10569.0,0.7973956008655,1.0,-5.905970046971509,8.390201946334372,,,,,,,,,,,,,,,,,,,,,,,,,,,,,,,,,,
cell_embedding,A,chip94640.4.14.40.ACGAATAATCT,day_23,T85,ciliated,23.0,18488.0,0.886513401514233,1.0,0.1921302319086051,11.489327467561097,,,,,,,,,,,,,,,,,,,,,,,,,,,,,,,,,,
cell_embedding,A,chip94640.4.14.66.ACCAACCGATC,day_23,T85,ciliating.late,23.0,7778.0,0.750699707748878,1.0,-8.204477939226013,7.191715140964865,,,,,,,,,,,,,,,,,,,,,,,,,,,,,,,,,,
cell_embedding,A,chip94640.4.14.68.ACCAACGCATT,day_23,T85,p.basal,23.0,6400.0,0.387594007216756,1.0,0.4668776556936349,2.504145658403272,,,,,,,,,,,,,,,,,,,,,,,,,,,,,,,,,,
cell_embedding,A,chip94640.4.15.65.ACGCCAAGATG,day_23,T85,ciliating.late,23.0,8401.0,0.713589558730194,1.0,-11.4581965427033,7.6975968745304995,,,,,,,,,,,,,,,,,,,,,,,,,,,,,,,,,,
cell_embedding,A,chip94640.4.15.68.ACGTCAGTACT,day_23,T85,ciliating.late,23.0,10103.0,0.720275429634948,1.0,-11.677485990158432,7.292894407762761,,,,,,,,,,,,,,,,,,,,,,,,,,,,,,,,,,
cell_embedding,A,chip94640.4.16.17.AGGTTATCATA,day_23,T85,ciliating.late,23.0,3944.0,0.59618745463119,1.0,-14.380245723850113,0.1301556522497203,,,,,,,,,,,,,,,,,,,,,,,,,,,,,,,,,,
cell_embedding,A,chip94640.4.16.46.ATGGTAGTAGC,day_23,T85,ciliated,23.0,14388.0,0.796401254981508,1.0,-7.161012361076041,11.287753099785006,,,,,,,,,,,,,,,,,,,,,,,,,,,,,,,,,,
cell_embedding,A,chip94640.4.16.63.AGGTCCGTTGA,day_23,T85,ciliated,23.0,12152.0,0.822084295599389,1.0,-3.3972519879422847,6.834161740653614,,,,,,,,,,,,,,,,,,,,,,,,,,,,,,,,,,
cell_embedding,A,chip94640.4.16.67.AGGTTCTATAA,day_23,T85,ciliating.late,23.0,13320.0,0.718609323331228,1.0,-12.985011274523004,8.82398011608808,,,,,,,,,,,,,,,,,,,,,,,,,,,,,,,,,,
cell_embedding,A,chip94640.4.16.71.AGGTTACGAGG,day_23,T85,ciliated,23.0,12863.0,0.761442930114284,1.0,-9.463502758364507,9.986060846432084,,,,,,,,,,,,,,,,,,,,,,,,,,,,,,,,,,
cell_embedding,A,chip94640.4.17.16.ATTCCGGAGGT,day_23,T85,ciliating.late,23.0,3403.0,0.620371974999599,1.0,-15.987488643333794,0.7975443815248929,,,,,,,,,,,,,,,,,,,,,,,,,,,,,,,,,,
cell_embedding,A,chip94640.4.45.19.GGCCTTGCGGA,day_23,T85,d.basal,23.0,3318.0,,0.0,1.3175429590716026,-4.345584134994999,,,,,,,,,,,,,,,,,,,,,,,,,,,,,,,,,,
cell_embedding,A,chip94640.4.45.40.GCTGCTTGCCA,day_23,T85,ciliated,23.0,10626.0,0.789836853008553,1.0,-7.142459085731046,8.010169380617969,,,,,,,,,,,,,,,,,,,,,,,,,,,,,,,,,,
cell_embedding,A,chip94640.4.45.45.GCTGCTGGCAG,day_23,T85,ciliating.late,23.0,10764.0,0.732720867389054,1.0,-12.645109246379342,7.730950843043432,,,,,,,,,,,,,,,,,,,,,,,,,,,,,,,,,,
cell_embedding,A,chip94640.4.45.67.GGATGGAGAGA,day_23,T85,d.basal,23.0,4872.0,,0.0,-2.6973490784448058,0.4010161228122746,,,,,,,,,,,,,,,,,,,,,,,,,,,,,,,,,,
cell_embedding,A,chip94640.4.46.65.GCTGGCGGCGC,day_23,T85,d.basal,23.0,6122.0,,0.0,-8.330699285046139,-0.3743026482826602,,,,,,,,,,,,,,,,,,,,,,,,,,,,,,,,,,
cell_embedding,A,chip94640.4.47.43.GCTTGGCGTTC,day_23,T85,ciliating.late,23.0,9214.0,0.678904513310707,1.0,-15.596298210358512,7.224767476908788,,,,,,,,,,,,,,,,,,,,,,,,,,,,,,,,,,
cell_embedding,A,chip94640.4.48.41.GTAGCTTGCTC,day_23,T85,ciliated,23.0,6839.0,0.72873332929696,1.0,-9.81672206591162,3.6418386507452074,,,,,,,,,,,,,,,,,,,,,,,,,,,,,,,,,,
cell_embedding,A,chip94640.4.48.43.GTAGGTTCCGC,day_23,T85,ciliating.late,23.0,12314.0,0.77989194843412,1.0,-6.871946520902184,10.083512645367708,,,,,,,,,,,,,,,,,,,,,,,,,,,,,,,,,,
cell_embedding,A,chip94640.4.48.46.GTAGATGGATG,day_23,T85,ciliating.late,23.0,2344.0,0.601692746432142,1.0,-16.9331234983412,-0.9858961055570136,,,,,,,,,,,,,,,,,,,,,,,,,,,,,,,,,,
cell_embedding,A,chip94640.4.49.17.GTATAATATCT,day_23,T85,ciliated,23.0,18355.0,0.894720497418261,1.0,-0.0803261338828115,12.211084745200663,,,,,,,,,,,,,,,,,,,,,,,,,,,,,,,,,,
cell_embedding,A,chip94640.4.49.19.GTATCCTAATC,day_23,T85,p.basal,23.0,3239.0,0.475794474034507,1.0,-3.2806137268920987,-1.9521207126667064,,,,,,,,,,,,,,,,,,,,,,,,,,,,,,,,,,
cell_embedding,A,chip94640.4.49.23.GTATACCAGAT,day_23,T85,ciliating.late,23.0,3947.0,0.594633484041134,1.0,-14.09980682291304,-1.702961131936129,,,,,,,,,,,,,,,,,,,,,,,,,,,,,,,,,,
cell_embedding,A,chip94640.4.49.71.GTAGGCGTATC,day_23,T85,ciliating.late,23.0,5340.0,0.639633141645495,1.0,-12.421550242890556,2.252358089423186,,,,,,,,,,,,,,,,,,,,,,,,,,,,,,,,,,
cell_embedding,A,chip94640.4.50.15.GGTTGACCTAC,day_23,T85,ciliating.late,23.0,10145.0,0.680924556030644,1.0,-16.032492024855966,6.803364502347819,,,,,,,,,,,,,,,,,,,,,,,,,,,,,,,,,,
cell_embedding,A,chip94640.4.50.23.GGTTGCCGAGT,day_23,T85,ciliating.early,23.0,16208.0,0.848988541428603,1.0,-3.292972334962722,11.498642792453891,,,,,,,,,,,,,,,,,,,,,,,,,,,,,,,,,,
cell_embedding,A,chip94640.4.53.13.GTTGGTACTAT,day_23,T85,ciliating.late,23.0,13342.0,0.821859274239318,1.0,-4.75146127101097,11.116839015901444,,,,,,,,,,,,,,,,,,,,,,,,,,,,,,,,,,
cell_embedding,A,chip94640.4.53.22.GTTGGAGGTTC,day_23,T85,ciliated,23.0,10704.0,0.823713150742354,1.0,-3.784972872768835,9.238306070834748,,,,,,,,,,,,,,,,,,,,,,,,,,,,,,,,,,
cell_embedding,A,chip94640.4.53.37.GTTCTATCATT,day_23,T85,ciliating.late,23.0,6146.0,0.680267428172687,1.0,-12.72606451434612,5.24253901666813,,,,,,,,,,,,,,,,,,,,,,,,,,,,,,,,,,
cell_embedding,A,chip94633.1.0.11.AACGAACCATT,day_0,T89,basal.confluent,0.0,6135.0,,0.0,3.192257558398754,2.005842303941651,,,,,,,,,,,,,,,,,,,,,,,,,,,,,,,,,,
cell_embedding,A,chip94633.1.0.29.AACGCCAAGAC,day_0,T89,basal.confluent,0.0,1643.0,,0.0,-0.2545823468424679,-9.017043339578295,,,,,,,,,,,,,,,,,,,,,,,,,,,,,,,,,,
cell_embedding,A,chip94633.1.0.34.AACGCATATGG,day_0,T89,basal.confluent,0.0,21061.0,,0.0,9.093715392536096,9.453307798324534,,,,,,,,,,,,,,,,,,,,,,,,,,,,,,,,,,
cell_embedding,A,chip94633.1.0.7.AACGAAGCGGA,day_0,T89,basal.confluent,0.0,6396.0,,0.0,4.578810784287461,0.4643327720007885,,,,,,,,,,,,,,,,,,,,,,,,,,,,,,,,,,
cell_embedding,A,chip94633.1.1.1.AACGCGGTCAT,day_0,T89,basal.confluent,0.0,17348.0,,0.0,8.848765744325343,5.072979423467041,,,,,,,,,,,,,,,,,,,,,,,,,,,,,,,,,,
cell_embedding,A,chip94633.1.1.35.AACGACCTAAG,day_0,T89,basal.confluent,0.0,18655.0,,0.0,10.55179056897547,7.924339669316909,,,,,,,,,,,,,,,,,,,,,,,,,,,,,,,,,,
cell_embedding,A,chip94633.1.1.48.AACGCCGAGTT,day_0,T89,basal.confluent,0.0,9886.0,,0.0,7.400824142240687,3.851318624261424,,,,,,,,,,,,,,,,,,,,,,,,,,,,,,,,,,
cell_embedding,A,chip94633.1.1.57.AACGCATCCGT,day_0,T89,basal.confluent,0.0,7841.0,,0.0,4.2466789133159315,1.9882850727283008,,,,,,,,,,,,,,,,,,,,,,,,,,,,,,,,,,
cell_embedding,A,chip94633.1.1.8.AACGCGTAAGA,day_0,T89,basal.confluent,0.0,18819.0,,0.0,8.043027096449842,8.372324618351817,,,,,,,,,,,,,,,,,,,,,,,,,,,,,,,,,,
cell_embedding,A,chip94633.1.2.55.AACGACTCGCA,day_0,T89,basal.confluent,0.0,6511.0,,0.0,5.064013431920901,0.5380243324657459,,,,,,,,,,,,,,,,,,,,,,,,,,,,,,,,,,
cell_embedding,A,chip94633.1.3.10.AACGCTGCTTC,day_0,T89,basal.confluent,0.0,1613.0,,0.0,0.1356508081014313,-9.09451602100895,,,,,,,,,,,,,,,,,,,,,,,,,,,,,,,,,,
cell_embedding,A,chip94633.1.3.27.AACGAGAGGAA,day_0,T89,basal.confluent,0.0,12106.0,0.263082974015906,0.959254941112028,10.57231046046106,0.6760656192002301,,,,,,,,,,,,,,,,,,,,,,,,,,,,,,,,,,
cell_embedding,A,chip94633.1.3.33.AACGAGAGATT,day_0,T89,basal.confluent,0.0,7986.0,,0.0,6.05212702918145,1.4730843298558716,,,,,,,,,,,,,,,,,,,,,,,,,,,,,,,,,,
cell_embedding,A,chip94633.1.3.51.AACGCTCCGGA,day_0,T89,basal.confluent,0.0,2335.0,,0.0,2.2059835294814256,-3.3106099236395514,,,,,,,,,,,,,,,,,,,,,,,,,,,,,,,,,,
cell_embedding,A,chip94633.1.36.0.CTTGAATTCAG,day_0,T89,basal.confluent,0.0,1248.0,,0.0,-2.8752987789732747,-9.120400727871925,,,,,,,,,,,,,,,,,,,,,,,,,,,,,,,,,,
cell_embedding,A,chip94633.1.36.2.CTTGAGTAGAT,day_0,T89,basal.confluent,0.0,2338.0,,0.0,-0.8029783932450633,-8.56165348522346,,,,,,,,,,,,,,,,,,,,,,,,,,,,,,,,,,
cell_embedding,A,chip94633.1.36.30.GAACCTGACCG,day_0,T89,basal.confluent,0.0,3360.0,,0.0,-2.581131871261539,-5.631255097699436,,,,,,,,,,,,,,,,,,,,,,,,,,,,,,,,,,
cell_embedding,A,chip94633.1.36.48.CTTCTTCTCAT,day_0,T89,basal.confluent,0.0,12972.0,,0.0,10.24675565506393,3.7814680979784856,,,,,,,,,,,,,,,,,,,,,,,,,,,,,,,,,,
cell_embedding,A,chip94633.1.36.52.CTTCGGTTGCG,day_0,T89,basal.confluent,0.0,7206.0,,0.0,7.9784691301782384,-0.3650343099986865,,,,,,,,,,,,,,,,,,,,,,,,,,,,,,,,,,
cell_embedding,A,chip94633.1.36.55.CTTGACTGAGG,day_0,T89,basal.confluent,0.0,15236.0,,0.0,9.71413512596141,6.121429423094445,,,,,,,,,,,,,,,,,,,,,,,,,,,,,,,,,,
cell_embedding,A,chip94633.1.36.57.CTTCGCTATCT,day_0,T89,basal.confluent,0.0,6351.0,,0.0,-0.3496469196536559,-0.7545122688175776,,,,,,,,,,,,,,,,,,,,,,,,,,,,,,,,,,
cell_embedding,A,chip94633.1.3.6.AACGGACCTTC,day_0,T89,basal.confluent,0.0,3694.0,,0.0,-1.915623907932675,-0.3584758781373728,,,,,,,,,,,,,,,,,,,,,,,,,,,,,,,,,,
cell_embedding,A,chip94633.1.37.24.GATTGATTACT,day_0,T89,basal.confluent,0.0,4679.0,,0.0,4.223374628296213,-2.4474063664829075,,,,,,,,,,,,,,,,,,,,,,,,,,,,,,,,,,
cell_embedding,A,chip94633.1.37.33.GATTCCATGCA,day_0,T89,basal.confluent,0.0,2767.0,,0.0,2.76771468393124,-5.308029346812913,,,,,,,,,,,,,,,,,,,,,,,,,,,,,,,,,,
cell_embedding,A,chip94633.1.37.35.GATTGAGAGCA,day_0,T89,basal.confluent,0.0,1630.0,,0.0,-1.1689297397676928,-11.965924318429996,,,,,,,,,,,,,,,,,,,,,,,,,,,,,,,,,,
cell_embedding,A,chip94633.1.38.32.GCGACTGCGAC,day_0,T89,basal.confluent,0.0,3698.0,,0.0,5.938416286709422,-6.877588678406854,,,,,,,,,,,,,,,,,,,,,,,,,,,,,,,,,,
cell_embedding,A,chip94633.1.38.51.GATTCTCCGGA,day_0,T89,basal.confluent,0.0,16422.0,,0.0,8.817580136230449,7.51739536658822,,,,,,,,,,,,,,,,,,,,,,,,,,,,,,,,,,
cell_embedding,A,chip94633.1.38.55.GCAACGTATAC,day_0,T89,basal.confluent,0.0,5285.0,,0.0,6.188168924542112,-1.5433351057180065,,,,,,,,,,,,,,,,,,,,,,,,,,,,,,,,,,
cell_embedding,A,chip94633.1.38.5.GCAAGGCTGCT,day_0,T89,basal.confluent,0.0,3461.0,,0.0,-1.6984759030270875,-3.968043296390612,,,,,,,,,,,,,,,,,,,,,,,,,,,,,,,,,,
cell_embedding,A,chip94633.1.39.0.GCGGACGTTGA,day_0,T89,basal.confluent,0.0,11662.0,,0.0,10.093901142144537,2.832622021380698,,,,,,,,,,,,,,,,,,,,,,,,,,,,,,,,,,
cell_embedding,A,chip94633.1.39.30.GCAATCCAAGA,day_0,T89,basal.confluent,0.0,2694.0,,0.0,3.3678737125458196,-8.676064591902653,,,,,,,,,,,,,,,,,,,,,,,,,,,,,,,,,,
cell_embedding,A,chip94633.1.39.34.GCAAGCTGGCG,day_0,T89,basal.confluent,0.0,2156.0,,0.0,-3.4585391527955363,-10.162956278448622,,,,,,,,,,,,,,,,,,,,,,,,,,,,,,,,,,
cell_embedding,A,chip94633.1.39.35.GCAATAGAATA,day_0,T89,basal.confluent,0.0,3512.0,,0.0,4.763900778584277,-4.7402492095662305,,,,,,,,,,,,,,,,,,,,,,,,,,,,,,,,,,
cell_embedding,A,chip94633.1.39.4.GCGCCAGCCTG,day_0,T89,basal.confluent,0.0,11949.0,,0.0,8.68031541020186,2.786878638279698,,,,,,,,,,,,,,,,,,,,,,,,,,,,,,,,,,
cell_embedding,A,chip94633.1.39.58.GCGATTCATTG,day_0,T89,basal.confluent,0.0,14120.0,,0.0,9.535233743421966,2.9289443385442326,,,,,,,,,,,,,,,,,,,,,,,,,,,,,,,,,,
cell_embedding,A,chip94633.1.40.25.GCGTCATTATG,day_0,T89,basal.confluent,0.0,4480.0,,0.0,6.40923053591161,-2.9430270465751702,,,,,,,,,,,,,,,,,,,,,,,,,,,,,,,,,,
cell_embedding,A,chip94633.1.40.32.GCGTCTCGACT,day_0,T89,basal.confluent,0.0,4637.0,,0.0,-0.2582814977378442,-1.1516995540924044,,,,,,,,,,,,,,,,,,,,,,,,,,,,,,,,,,
cell_embedding,A,chip94633.1.40.35.GCGGTTATATA,day_0,T89,basal.subconfluent,0.0,7693.0,,0.0,10.032210066083517,-0.2449718798816397,,,,,,,,,,,,,,,,,,,,,,,,,,,,,,,,,,
cell_embedding,A,chip94633.1.40.3.GCAGCTCGGAA,day_0,T89,basal.confluent,0.0,8446.0,,0.0,0.809397401982088,3.3477446648399427,,,,,,,,,,,,,,,,,,,,,,,,,,,,,,,,,,
cell_embedding,A,chip94633.1.40.54.GCAGTTGCCAG,day_0,T89,basal.confluent,0.0,5337.0,,0.0,-1.1184558639755031,-1.8212460760272728,,,,,,,,,,,,,,,,,,,,,,,,,,,,,,,,,,
cell_embedding,A,chip94633.1.40.55.GCATCAAGATC,day_0,T89,basal.confluent,0.0,10827.0,,0.0,8.95194779102623,4.45554260633449,,,,,,,,,,,,,,,,,,,,,,,,,,,,,,,,,,
cell_embedding,A,chip94633.1.40.56.GCATCCTCTCG,day_0,T89,basal.confluent,0.0,11879.0,,0.0,9.6721274784294,5.610448550090902,,,,,,,,,,,,,,,,,,,,,,,,,,,,,,,,,,
cell_embedding,A,chip94633.1.40.7.GCATGGATTGG,day_0,T89,basal.confluent,0.0,11381.0,,0.0,8.980763838579662,3.735375547081081,,,,,,,,,,,,,,,,,,,,,,,,,,,,,,,,,,
cell_embedding,A,chip94633.1.41.11.GCGTTGAACGT,day_0,T89,basal.confluent,0.0,6536.0,,0.0,-0.1474342975572151,2.287224574845706,,,,,,,,,,,,,,,,,,,,,,,,,,,,,,,,,,
cell_embedding,A,chip94633.1.41.25.GCCGCCTACGG,day_0,T89,basal.confluent,0.0,6643.0,,0.0,8.144214684134758,-2.1383147131110287,,,,,,,,,,,,,,,,,,,,,,,,,,,,,,,,,,
cell_embedding,A,chip94633.1.41.26.GCCGCTTGCTG,day_0,T89,basal.confluent,0.0,12598.0,,0.0,10.588797568084628,4.385495614059485,,,,,,,,,,,,,,,,,,,,,,,,,,,,,,,,,,
cell_embedding,A,chip94633.1.41.30.GCCATTGGCAT,day_0,T89,basal.confluent,0.0,4586.0,,0.0,4.702669894133264,-3.9093199147650024,,,,,,,,,,,,,,,,,,,,,,,,,,,,,,,,,,
cell_embedding,A,chip94633.1.41.55.GCGTCTGCTCG,day_0,T89,basal.confluent,0.0,8190.0,,0.0,-3.753448256442669,2.526286821120891,,,,,,,,,,,,,,,,,,,,,,,,,,,,,,,,,,
cell_embedding,A,chip94633.1.41.6.GCGTTGCAGCC,day_0,T89,basal.confluent,0.0,10406.0,,0.0,9.095923828903462,2.8655025625000383,,,,,,,,,,,,,,,,,,,,,,,,,,,,,,,,,,
cell_embedding,A,chip94633.1.4.1.AACGCAGAAGC,day_0,T89,basal.confluent,0.0,11969.0,0.251924570640974,0.823298703175352,11.25368831111368,2.228168794382882,,,,,,,,,,,,,,,,,,,,,,,,,,,,,,,,,,
cell_embedding,A,chip94633.1.42.34.GCGTTCTGCTA,day_0,T89,basal.confluent,0.0,4757.0,,0.0,7.467717512942028,-1.475305553407705,,,,,,,,,,,,,,,,,,,,,,,,,,,,,,,,,,
cell_embedding,A,chip94633.1.4.29.AACGGCCTCTT,day_0,T89,basal.confluent,0.0,15829.0,,0.0,8.680120893606055,6.839252811456497,,,,,,,,,,,,,,,,,,,,,,,,,,,,,,,,,,
cell_embedding,A,chip94633.1.4.30.AACGGCGGTAT,day_0,T89,basal.confluent,0.0,12048.0,,0.0,6.111635238702196,5.747178558101127,,,,,,,,,,,,,,,,,,,,,,,,,,,,,,,,,,
cell_embedding,A,chip94633.1.43.30.GGTAACGGACG,day_0,T89,basal.confluent,0.0,1311.0,,0.0,-4.934287619866008,-11.91849154153217,,,,,,,,,,,,,,,,,,,,,,,,,,,,,,,,,,
cell_embedding,A,chip94633.1.43.32.GGTAAGTAATA,day_0,T89,basal.confluent,0.0,3393.0,,0.0,-1.287886531708182,-6.216608302511014,,,,,,,,,,,,,,,,,,,,,,,,,,,,,,,,,,
cell_embedding,A,chip94633.1.43.51.GGTCAACGTCG,day_0,T89,basal.confluent,0.0,14605.0,,0.0,10.728747914524089,5.584043398798141,,,,,,,,,,,,,,,,,,,,,,,,,,,,,,,,,,
cell_embedding,A,chip94633.1.44.29.GGTCGCATACT,day_0,T89,basal.confluent,0.0,11263.0,,0.0,7.406585989411451,2.084516840708304,,,,,,,,,,,,,,,,,,,,,,,,,,,,,,,,,,
cell_embedding,A,chip94633.1.44.49.GGTAGAATCCT,day_0,T89,basal.confluent,0.0,6278.0,,0.0,5.30140262953202,1.3532875750589632,,,,,,,,,,,,,,,,,,,,,,,,,,,,,,,,,,
cell_embedding,A,chip94633.1.44.50.GGTAGAGAACC,day_0,T89,basal.confluent,0.0,7572.0,,0.0,8.24513930959636,2.6837126943485754,,,,,,,,,,,,,,,,,,,,,,,,,,,,,,,,,,
cell_embedding,A,chip94633.1.44.57.GGTAATAATAA,day_0,T89,basal.confluent,0.0,8215.0,,0.0,5.9345363451719075,2.4686022735980653,,,,,,,,,,,,,,,,,,,,,,,,,,,,,,,,,,
cell_embedding,A,chip94633.1.44.59.GGTACCGGTAA,day_0,T89,basal.confluent,0.0,1023.0,,0.0,-2.1339724077398627,-10.598165536876866,,,,,,,,,,,,,,,,,,,,,,,,,,,,,,,,,,
cell_embedding,A,chip94633.1.44.8.GGTAGATAGGA,day_0,T89,basal.confluent,0.0,8714.0,,0.0,8.310534221111237,2.6906589648635606,,,,,,,,,,,,,,,,,,,,,,,,,,,,,,,,,,
cell_embedding,A,chip94633.1.4.49.AACGCAAGTCG,day_0,T89,basal.confluent,0.0,4339.0,,0.0,-0.1067286110540645,0.596546706275415,,,,,,,,,,,,,,,,,,,,,,,,,,,,,,,,,,
cell_embedding,A,chip94633.1.4.52.AACGATCGGAG,day_0,T89,basal.confluent,0.0,5550.0,,0.0,-0.5047362207631447,0.991177811210588,,,,,,,,,,,,,,,,,,,,,,,,,,,,,,,,,,
cell_embedding,A,chip94633.1.4.54.AACGCAACGCA,day_0,T89,basal.confluent,0.0,1586.0,,0.0,-1.1972494130144502,-6.775582057049688,,,,,,,,,,,,,,,,,,,,,,,,,,,,,,,,,,
cell_embedding,A,chip94633.1.5.27.AACTGGTAGCA,day_0,T89,basal.confluent,0.0,750.0,,0.0,-3.327476552671913,-17.22057695053931,,,,,,,,,,,,,,,,,,,,,,,,,,,,,,,,,,
cell_embedding,A,chip94633.1.5.29.AACTTACCGTT,day_0,T89,basal.confluent,0.0,1314.0,,0.0,0.1816874588074488,-10.482353829118006,,,,,,,,,,,,,,,,,,,,,,,,,,,,,,,,,,
cell_embedding,A,chip94633.1.5.33.AACTGGCTACT,day_0,T89,basal.confluent,0.0,1114.0,,0.0,-1.0493970352732074,-12.732109053102157,,,,,,,,,,,,,,,,,,,,,,,,,,,,,,,,,,
cell_embedding,A,chip94633.1.5.35.AACTTACGGAG,day_0,T89,basal.confluent,0.0,1417.0,,0.0,-2.71353321041271,-12.463466212706043,,,,,,,,,,,,,,,,,,,,,,,,,,,,,,,,,,
cell_embedding,A,chip94633.1.5.48.AACGGCTCGGT,day_0,T89,basal.confluent,0.0,16622.0,,0.0,4.964148773461211,10.016804558815643,,,,,,,,,,,,,,,,,,,,,,,,,,,,,,,,,,
cell_embedding,A,chip94633.1.5.50.AACGGTCGATG,day_0,T89,basal.confluent,0.0,8736.0,,0.0,9.398207448643449,2.249355498088988,,,,,,,,,,,,,,,,,,,,,,,,,,,,,,,,,,
cell_embedding,A,chip94633.1.5.52.AACGGCATGCC,day_0,T89,basal.confluent,0.0,2068.0,,0.0,1.5803817727244027,-3.306565956986567,,,,,,,,,,,,,,,,,,,,,,,,,,,,,,,,,,
cell_embedding,A,chip94633.1.5.56.AACGGTCAGAC,day_0,T89,basal.confluent,0.0,20316.0,,0.0,8.301820710779252,7.834553717401797,,,,,,,,,,,,,,,,,,,,,,,,,,,,,,,,,,
cell_embedding,A,chip94633.1.6.30.AAGACCAATCG,day_0,T89,basal.confluent,0.0,956.0,,0.0,0.1668445933603376,-13.8937448784212,,,,,,,,,,,,,,,,,,,,,,,,,,,,,,,,,,
cell_embedding,A,chip94633.1.6.34.AAGAATGGAGA,day_0,T89,basal.confluent,0.0,9517.0,,0.0,10.591311314976188,1.7300138310311397,,,,,,,,,,,,,,,,,,,,,,,,,,,,,,,,,,
cell_embedding,A,chip94633.1.6.49.AACTTCCAGGA,day_0,T89,basal.confluent,0.0,3987.0,,0.0,-1.79072273496426,-6.024535204360025,,,,,,,,,,,,,,,,,,,,,,,,,,,,,,,,,,
cell_embedding,A,chip94633.1.6.9.AACTTCTAACG,day_0,T89,basal.confluent,0.0,12668.0,,0.0,10.053501957467663,6.130895396152464,,,,,,,,,,,,,,,,,,,,,,,,,,,,,,,,,,
cell_embedding,A,chip94633.1.7.11.AAGACGAGAGA,day_0,T89,basal.confluent,0.0,7445.0,,0.0,7.502858377364827,-2.0370338469789804,,,,,,,,,,,,,,,,,,,,,,,,,,,,,,,,,,
cell_embedding,A,chip94633.1.7.35.AAGAACCAACG,day_0,T89,basal.confluent,0.0,15953.0,,0.0,9.525754927612793,4.717283209545027,,,,,,,,,,,,,,,,,,,,,,,,,,,,,,,,,,
cell_embedding,A,chip94633.1.7.59.AAGACGAACTT,day_0,T89,basal.confluent,0.0,16809.0,,0.0,8.58944497320967,5.14099263910665,,,,,,,,,,,,,,,,,,,,,,,,,,,,,,,,,,
cell_embedding,A,chip94633.1.7.6.AAGACGATTAC,day_0,T89,basal.confluent,0.0,8525.0,,0.0,7.081956194564514,3.269282765740124,,,,,,,,,,,,,,,,,,,,,,,,,,,,,,,,,,
cell_embedding,A,chip94633.1.7.7.AAGACGCTCCG,day_0,T89,p.basal,0.0,18059.0,0.309173552166398,0.156990614458737,9.31178347395131,6.460749825140305,,,,,,,,,,,,,,,,,,,,,,,,,,,,,,,,,,
cell_embedding,A,chip94633.1.7.8.AAGACGGACCA,day_0,T89,basal.confluent,0.0,6559.0,,0.0,4.185832194955935,0.4533386670157233,,,,,,,,,,,,,,,,,,,,,,,,,,,,,,,,,,
cell_embedding,A,chip94633.1.8.11.AAGAAGAACCG,day_0,T89,basal.confluent,0.0,6623.0,0.223685408442147,0.991982657941842,9.836854203101836,-1.7409395326002444,,,,,,,,,,,,,,,,,,,,,,,,,,,,,,,,,,
cell_embedding,A,chip94633.1.8.34.AAGACGTATGA,day_0,T89,basal.confluent,0.0,1017.0,,0.0,-0.0242970646944933,-13.484219803010973,,,,,,,,,,,,,,,,,,,,,,,,,,,,,,,,,,
cell_embedding,A,chip94633.1.8.3.AAGAACGGTCT,day_0,T89,p.basal,0.0,9598.0,0.27472255568661,0.888258575266149,9.697304938983258,0.8237683372781608,,,,,,,,,,,,,,,,,,,,,,,,,,,,,,,,,,
cell_embedding,A,chip94633.1.8.48.AAGAACTCTCC,day_0,T89,basal.confluent,0.0,20120.0,,0.0,10.858656755492744,6.062707357869761,,,,,,,,,,,,,,,,,,,,,,,,,,,,,,,,,,
cell_embedding,A,chip94633.1.8.53.AAGAACTCAGA,day_0,T89,basal.confluent,0.0,14823.0,,0.0,4.41517594704782,7.611875503891623,,,,,,,,,,,,,,,,,,,,,,,,,,,,,,,,,,
cell_embedding,A,chip94633.1.8.5.AAGAACTGGTA,day_0,T89,basal.confluent,0.0,2881.0,,0.0,-0.5905159378247781,-6.791228707850329,,,,,,,,,,,,,,,,,,,,,,,,,,,,,,,,,,
cell_embedding,A,chip94633.2.1.14.AACCGTTAACT,day_2,T89,d.basal,2.0,4262.0,0.404539674131572,0.65760406582585,2.6981062073468176,-3.528853403307014,,,,,,,,,,,,,,,,,,,,,,,,,,,,,,,,,,
cell_embedding,A,chip94633.2.1.46.AACCAATTGGT,day_2,T89,d.basal,2.0,4688.0,0.340030046743385,0.881783023719429,4.652156163047838,-4.429994505927091,,,,,,,,,,,,,,,,,,,,,,,,,,,,,,,,,,
cell_embedding,A,chip94633.2.2.36.AACCGTAGATT,day_2,T89,d.basal,2.0,6504.0,0.346600976665202,1.0,5.367481344860353,1.6613876556677931,,,,,,,,,,,,,,,,,,,,,,,,,,,,,,,,,,
cell_embedding,A,chip94633.2.2.66.AACCAGCAACT,day_2,T89,p.basal,2.0,9771.0,0.384827456151942,0.178800430958702,0.7371344673366949,4.584288121762119,,,,,,,,,,,,,,,,,,,,,,,,,,,,,,,,,,
cell_embedding,A,chip94633.2.3.14.AACCTCCGCAG,day_2,T89,d.basal,2.0,11130.0,,0.0,0.6480639562049402,6.38907447147695,,,,,,,,,,,,,,,,,,,,,,,,,,,,,,,,,,
cell_embedding,A,chip94633.2.3.17.AACCTATAGTA,day_2,T89,p.basal,2.0,5734.0,0.325340889534717,1.0,5.770302763278667,0.7305759243748001,,,,,,,,,,,,,,,,,,,,,,,,,,,,,,,,,,
cell_embedding,A,chip94633.2.3.43.AACCATTCTAC,day_2,T89,d.basal,2.0,7040.0,,0.0,2.5819857859811517,3.2587205313749976,,,,,,,,,,,,,,,,,,,,,,,,,,,,,,,,,,
cell_embedding,A,chip94633.2.36.17.CTCCGCTTAAG,day_2,T89,d.basal,2.0,1888.0,,0.0,1.7075844234568829,-8.990610002906873,,,,,,,,,,,,,,,,,,,,,,,,,,,,,,,,,,
cell_embedding,A,chip94633.2.36.44.CTGGATCAGCT,day_2,T89,d.basal,2.0,5377.0,0.325028528603136,1.0,7.565803625062213,0.4403918072413511,,,,,,,,,,,,,,,,,,,,,,,,,,,,,,,,,,
cell_embedding,A,chip94633.2.36.46.CTGCTGATTGA,day_2,T89,d.basal,2.0,1963.0,,0.0,-3.010624977823779,-8.367047552429035,,,,,,,,,,,,,,,,,,,,,,,,,,,,,,,,,,
cell_embedding,A,chip94633.2.3.64.AACCTAAGAGA,day_2,T89,d.basal,2.0,4672.0,,0.0,-0.4414722272029033,-0.2927207093295282,,,,,,,,,,,,,,,,,,,,,,,,,,,,,,,,,,
cell_embedding,A,chip94633.2.36.61.CTCCTACGCGT,day_2,T89,d.basal,2.0,4562.0,,0.0,4.357416114699226,-2.880594502447245,,,,,,,,,,,,,,,,,,,,,,,,,,,,,,,,,,
cell_embedding,A,chip94633.2.36.66.CTCCGCGTCGT,day_2,T89,d.basal,2.0,1201.0,,0.0,-6.20720824123696,-9.150195471991529,,,,,,,,,,,,,,,,,,,,,,,,,,,,,,,,,,
cell_embedding,A,chip94633.2.37.19.GAAGCGTATTA,day_2,T89,d.basal,2.0,2011.0,,0.0,-0.8523193081004989,-7.936165140455582,,,,,,,,,,,,,,,,,,,,,,,,,,,,,,,,,,
cell_embedding,A,chip94633.2.37.20.GAAGCGTCCTG,day_2,T89,d.basal,2.0,2304.0,,0.0,0.3828961397486605,-8.042010994313957,,,,,,,,,,,,,,,,,,,,,,,,,,,,,,,,,,
cell_embedding,A,chip94633.2.37.36.GAACGCCTGGC,day_2,T89,basal.confluent,2.0,6233.0,,0.0,3.814746009833049,-4.6473825900597525,,,,,,,,,,,,,,,,,,,,,,,,,,,,,,,,,,
cell_embedding,A,chip94633.2.38.38.GAATAACTACC,day_2,T89,d.basal,2.0,1843.0,,0.0,-0.526112174226766,-10.881002139539966,,,,,,,,,,,,,,,,,,,,,,,,,,,,,,,,,,
cell_embedding,A,chip94633.2.38.43.GAAGGAATATA,day_2,T89,p.basal,2.0,2452.0,,0.0,2.4790657830819702,-6.868169214128828,,,,,,,,,,,,,,,,,,,,,,,,,,,,,,,,,,
cell_embedding,A,chip94633.2.39.43.GAACTCCAGTC,day_2,T89,p.basal,2.0,4963.0,0.221798154984642,1.0,6.51169191777556,-3.8967603246512574,,,,,,,,,,,,,,,,,,,,,,,,,,,,,,,,,,
cell_embedding,A,chip94633.2.40.13.GAAGACGAGTT,day_2,T89,p.basal,2.0,5829.0,0.358231061643369,1.0,5.331443533557937,-0.4009981726195777,,,,,,,,,,,,,,,,,,,,,,,,,,,,,,,,,,
cell_embedding,A,chip94633.2.40.20.GAAGACGTCCT,day_2,T89,p.basal,2.0,2578.0,0.453952647959881,0.217784421980932,-1.6895559206839028,-6.472852362160518,,,,,,,,,,,,,,,,,,,,,,,,,,,,,,,,,,
cell_embedding,A,chip94633.2.41.14.GATGGCTTAGA,day_2,T89,d.basal,2.0,2418.0,,0.0,0.6267572283527466,-7.512320456418413,,,,,,,,,,,,,,,,,,,,,,,,,,,,,,,,,,
cell_embedding,A,chip94633.2.41.21.GAGTTCTGGTC,day_2,T89,d.basal,2.0,2435.0,,0.0,-0.3681338769707737,-7.518164332088412,,,,,,,,,,,,,,,,,,,,,,,,,,,,,,,,,,
cell_embedding,A,chip94633.2.41.22.GAGTTGCCGTA,day_2,T89,p.basal,2.0,2996.0,0.458453871996021,0.530274477087929,-2.9413459359734944,-6.225568265944632,,,,,,,,,,,,,,,,,,,,,,,,,,,,,,,,,,
cell_embedding,A,chip94633.2.41.45.GAAGACTCGCG,day_2,T89,p.basal,2.0,4370.0,0.383744146091596,0.826152980857737,2.943883484420589,-3.436965253337655,,,,,,,,,,,,,,,,,,,,,,,,,,,,,,,,,,
cell_embedding,A,chip94633.2.41.69.GAGGAGCAACG,day_2,T89,d.basal,2.0,14186.0,,0.0,7.2992034989061425,10.212906262609373,,,,,,,,,,,,,,,,,,,,,,,,,,,,,,,,,,
cell_embedding,A,chip94633.2.42.21.GCTCCAGCCGT,day_2,T89,p.basal,2.0,6301.0,0.318048914645265,1.0,6.6547689586981615,2.0902515666488433,,,,,,,,,,,,,,,,,,,,,,,,,,,,,,,,,,
cell_embedding,A,chip94633.2.42.36.GATGAGCGGCA,day_2,T89,d.basal,2.0,2639.0,,0.0,3.4615245423214493,-4.976110498778738,,,,,,,,,,,,,,,,,,,,,,,,,,,,,,,,,,
cell_embedding,A,chip94633.2.42.67.GAAGATTACGA,day_2,T89,d.basal,2.0,8038.0,,0.0,3.7955882004170034,3.8312048377559296,,,,,,,,,,,,,,,,,,,,,,,,,,,,,,,,,,
cell_embedding,A,chip94633.2.43.14.GGAGTCGTTAA,day_2,T89,d.basal,2.0,3931.0,0.407830355892101,0.745168362553118,1.3198571247454849,-2.9526738976983826,,,,,,,,,,,,,,,,,,,,,,,,,,,,,,,,,,
cell_embedding,A,chip94633.2.43.37.GCTCTCATTCT,day_2,T89,d.basal,2.0,5788.0,,0.0,0.5437458566101849,-0.2663492532535474,,,,,,,,,,,,,,,,,,,,,,,,,,,,,,,,,,
cell_embedding,A,chip94633.2.43.39.GCTCCGGAGAC,day_2,T89,d.basal,2.0,3031.0,,0.0,-3.6279221401991735,-7.00377510637373,,,,,,,,,,,,,,,,,,,,,,,,,,,,,,,,,,
cell_embedding,A,chip94633.2.43.65.GGACGGCGACG,day_2,T89,d.basal,2.0,9897.0,,0.0,4.508022816500868,8.592074020033369,,,,,,,,,,,,,,,,,,,,,,,,,,,,,,,,,,
cell_embedding,A,chip94633.2.4.40.AACCTCCTGAA,day_2,T89,d.basal,2.0,10072.0,,0.0,7.040306766718957,4.068301176264826,,,,,,,,,,,,,,,,,,,,,,,,,,,,,,,,,,
cell_embedding,A,chip94633.2.44.21.GCTGAGCTTGG,day_2,T89,p.basal,2.0,6869.0,0.335415194405438,1.0,6.6375238294819505,0.8671498129832821,,,,,,,,,,,,,,,,,,,,,,,,,,,,,,,,,,
cell_embedding,A,chip94633.2.44.22.GCTGATCTCGC,day_2,T89,d.basal,2.0,4305.0,,0.0,0.7393100593662791,-2.1769970741918474,,,,,,,,,,,,,,,,,,,,,,,,,,,,,,,,,,
cell_embedding,A,chip94633.2.44.23.GCTGCATGGTC,day_2,T89,d.basal,2.0,5984.0,0.364523572218139,1.0,4.092757595364625,0.4261228355024408,,,,,,,,,,,,,,,,,,,,,,,,,,,,,,,,,,
cell_embedding,A,chip94633.2.44.61.GCTGCGTACGA,day_2,T89,d.basal,2.0,8406.0,,0.0,4.36190807136034,3.609195992480819,,,,,,,,,,,,,,,,,,,,,,,,,,,,,,,,,,
cell_embedding,A,chip94633.2.44.70.GCTGAGAAGAT,day_2,T89,p.basal,2.0,10130.0,0.298176236064695,1.0,9.743596111807626,1.618628215945347,,,,,,,,,,,,,,,,,,,,,,,,,,,,,,,,,,
cell_embedding,A,chip94633.2.4.63.AACCGAACTGG,day_2,T89,d.basal,2.0,5756.0,0.354244600874984,1.0,4.21301387731795,-1.0308654085468585,,,,,,,,,,,,,,,,,,,,,,,,,,,,,,,,,,
cell_embedding,A,chip94633.2.5.18.AACTCAGCCAA,day_2,T89,p.basal,2.0,12674.0,0.309928315424775,0.701879193675186,10.514396937313805,5.556805842117665,,,,,,,,,,,,,,,,,,,,,,,,,,,,,,,,,,
cell_embedding,A,chip94633.2.5.41.AACGTACCTGA,day_2,T89,d.basal,2.0,19718.0,,0.0,8.599435881305,10.37179786286662,,,,,,,,,,,,,,,,,,,,,,,,,,,,,,,,,,
cell_embedding,A,chip94633.2.6.38.AACTCCAGCAA,day_2,T89,p.basal,2.0,8707.0,0.307668818167623,1.0,8.144587851807112,4.493185316135579,,,,,,,,,,,,,,,,,,,,,,,,,,,,,,,,,,
cell_embedding,A,chip94633.2.7.19.AACTCGGCAGC,day_2,T89,d.basal,2.0,4614.0,0.340123862478609,0.950692000955137,5.406990805263524,-1.630257832806956,,,,,,,,,,,,,,,,,,,,,,,,,,,,,,,,,,
cell_embedding,A,chip94633.2.7.20.AACTCGGCCTG,day_2,T89,d.basal,2.0,8247.0,,0.0,3.0518942451367597,3.515126791545746,,,,,,,,,,,,,,,,,,,,,,,,,,,,,,,,,,
cell_embedding,A,chip94633.2.7.21.AACTCCGGCCT,day_2,T89,d.basal,2.0,5436.0,0.376748593112745,1.0,3.0887421767927856,0.1619280981973419,,,,,,,,,,,,,,,,,,,,,,,,,,,,,,,,,,
cell_embedding,A,chip94633.2.7.43.AACTAAGGTAG,day_2,T89,d.basal,2.0,6045.0,0.355383678801878,1.0,4.350808936320722,1.2974309140792435,,,,,,,,,,,,,,,,,,,,,,,,,,,,,,,,,,
cell_embedding,A,chip94633.2.7.63.AACTCCGAATA,day_2,T89,p.basal,2.0,10294.0,0.289473236058583,1.0,10.396501671672022,3.7009651576092497,,,,,,,,,,,,,,,,,,,,,,,,,,,,,,,,,,
cell_embedding,A,chip94633.2.8.13.AACTACTGCTG,day_2,T89,d.basal,2.0,2814.0,,0.0,-1.2214384360482666,-9.573170009986164,,,,,,,,,,,,,,,,,,,,,,,,,,,,,,,,,,
cell_embedding,A,chip94633.2.8.19.AACTACTTAGC,day_2,T89,d.basal,2.0,5472.0,0.378276962622927,0.765820473181516,3.393724487821393,0.4456666422988539,,,,,,,,,,,,,,,,,,,,,,,,,,,,,,,,,,
cell_embedding,A,chip94633.2.8.23.AACTACGCTTA,day_2,T89,d.basal,2.0,3660.0,,0.0,-4.14632714653759,-1.4313903607272516,,,,,,,,,,,,,,,,,,,,,,,,,,,,,,,,,,
cell_embedding,A,chip94633.2.8.44.AACTGAATGGA,day_2,T89,d.basal,2.0,4874.0,0.335269094814869,1.0,5.636458719499663,-1.0593798908750087,,,,,,,,,,,,,,,,,,,,,,,,,,,,,,,,,,
cell_embedding,A,chip94633.2.8.65.AACTACCTTAA,day_2,T89,p.basal,2.0,8346.0,0.415334687379006,0.170458168951211,-1.6806141095689475,4.698919882035074,,,,,,,,,,,,,,,,,,,,,,,,,,,,,,,,,,
cell_embedding,A,chip94633.3.10.49.AAGAATAGACG,day_5,T89,p.basal,5.0,8190.0,0.353294830274491,1.0,3.040778662090368,3.5317864421896727,,,,,,,,,,,,,,,,,,,,,,,,,,,,,,,,,,
cell_embedding,A,chip94633.3.10.58.AAGAAGGAACC,day_5,T89,p.basal,5.0,9749.0,0.329077183953166,0.638433479362653,7.781201253953183,5.548375070788079,,,,,,,,,,,,,,,,,,,,,,,,,,,,,,,,,,
cell_embedding,A,chip94633.3.10.6.ACTTGGCTGCT,day_5,T89,d.basal,5.0,6680.0,,0.0,-5.6186788347123615,1.3817070914009315,,,,,,,,,,,,,,,,,,,,,,,,,,,,,,,,,,
cell_embedding,A,chip94633.3.11.10.AGAAGCAGGAG,day_5,T89,d.basal,5.0,5132.0,,0.0,2.537140915966485,-2.8100388007668085,,,,,,,,,,,,,,,,,,,,,,,,,,,,,,,,,,
cell_embedding,A,chip94633.3.11.4.AGAAGCAATTC,day_5,T89,d.basal,5.0,1585.0,,0.0,-1.727427363665822,-11.804474005504378,,,,,,,,,,,,,,,,,,,,,,,,,,,,,,,,,,
cell_embedding,A,chip94633.3.11.8.AGAAGGCTAGA,day_5,T89,p.basal,5.0,6764.0,0.293460728344883,1.0,6.780823834608817,0.7019385633927682,,,,,,,,,,,,,,,,,,,,,,,,,,,,,,,,,,
cell_embedding,A,chip94633.3.12.53.AGAACCTCGGC,day_5,T89,p.basal,5.0,6644.0,0.236182137109299,1.0,9.41273262816244,-2.764015530558711,,,,,,,,,,,,,,,,,,,,,,,,,,,,,,,,,,
cell_embedding,A,chip94633.3.12.9.AGAACCGGCTG,day_5,T89,d.basal,5.0,4733.0,,0.0,-2.832830537053916,-1.813441392683818,,,,,,,,,,,,,,,,,,,,,,,,,,,,,,,,,,
cell_embedding,A,chip94633.3.13.0.AGAATCCGCAT,day_5,T89,p.basal,5.0,10691.0,0.303511132285924,1.0,8.509946087353859,3.058423627756252,,,,,,,,,,,,,,,,,,,,,,,,,,,,,,,,,,
cell_embedding,A,chip94633.3.14.24.AGAATCTGCTC,day_5,T89,p.basal,5.0,6734.0,0.291579963232657,1.0,7.081499887046657,0.3725963080799704,,,,,,,,,,,,,,,,,,,,,,,,,,,,,,,,,,
cell_embedding,A,chip94633.3.14.8.AGAAGAGAAGT,day_5,T89,d.basal,5.0,7783.0,,0.0,1.0435474047992956,3.675125211997875,,,,,,,,,,,,,,,,,,,,,,,,,,,,,,,,,,
cell_embedding,A,chip94633.3.15.10.AGCTCGCTATG,day_5,T89,p.basal,5.0,7794.0,0.301484221458873,1.0,8.428424817389267,0.784664425058713,,,,,,,,,,,,,,,,,,,,,,,,,,,,,,,,,,
cell_embedding,A,chip94633.3.15.24.AGAAGACGCAG,day_5,T89,p.basal,5.0,2572.0,,0.0,1.002906540424463,-9.264575780162252,,,,,,,,,,,,,,,,,,,,,,,,,,,,,,,,,,
cell_embedding,A,chip94633.3.15.27.AGAACTTCTAC,day_5,T89,d.basal,5.0,3257.0,,0.0,2.212023925786135,-7.800087418689181,,,,,,,,,,,,,,,,,,,,,,,,,,,,,,,,,,
cell_embedding,A,chip94633.3.15.54.AGGAACTGAAC,day_5,T89,p.basal,5.0,6164.0,0.433754761097341,0.306272063500482,-4.233739695407043,2.696415949138141,,,,,,,,,,,,,,,,,,,,,,,,,,,,,,,,,,
cell_embedding,A,chip94633.3.16.4.CAACCGCTACG,day_5,T89,p.basal,5.0,9239.0,0.420228024164277,0.297937421097302,-2.2929413015338818,1.359742489244428,,,,,,,,,,,,,,,,,,,,,,,,,,,,,,,,,,
cell_embedding,A,chip94633.3.45.28.GGTAGCCTTGC,day_5,T89,d.basal,5.0,5261.0,0.409163748855468,0.613882585250382,-0.0841645485943312,0.677890485932428,,,,,,,,,,,,,,,,,,,,,,,,,,,,,,,,,,
cell_embedding,A,chip94633.3.45.29.GGTAGCTGACC,day_5,T89,p.basal,5.0,8762.0,0.33710710300192,0.801245068469259,6.1354591918597805,2.0836649624663406,,,,,,,,,,,,,,,,,,,,,,,,,,,,,,,,,,
cell_embedding,A,chip94633.3.45.33.GGTAGCAACGC,day_5,T89,p.basal,5.0,5251.0,0.355349641177157,1.0,4.25550615565372,-1.900981681564168,,,,,,,,,,,,,,,,,,,,,,,,,,,,,,,,,,
cell_embedding,A,chip94633.3.45.57.GGTCGATACTC,day_5,T89,d.basal,5.0,3364.0,,0.0,-0.6249336277091857,-6.29070288438687,,,,,,,,,,,,,,,,,,,,,,,,,,,,,,,,,,
cell_embedding,A,chip94633.3.46.34.GGTCTACGAGT,day_5,T89,p.basal,5.0,6985.0,0.312830927071787,1.0,8.311052160007673,0.3125290286464867,,,,,,,,,,,,,,,,,,,,,,,,,,,,,,,,,,
cell_embedding,A,chip94633.3.46.49.GGTAGTCGACT,day_5,T89,d.basal,5.0,3575.0,0.40663299150518,0.77396402025817,1.9290313152207332,-1.8292701469643209,,,,,,,,,,,,,,,,,,,,,,,,,,,,,,,,,,
cell_embedding,A,chip94633.3.46.58.GGTAGCTAGCG,day_5,T89,p.basal,5.0,4730.0,0.278861115288068,0.881085076755224,6.0039187690727145,-1.8719313937179416,,,,,,,,,,,,,,,,,,,,,,,,,,,,,,,,,,
cell_embedding,A,chip94633.3.47.10.GGTTAACGAGG,day_5,T89,d.basal,5.0,3562.0,,0.0,2.895971698915333,-6.152760386774217,,,,,,,,,,,,,,,,,,,,,,,,,,,,,,,,,,
cell_embedding,A,chip94633.3.48.31.GTTATACCTAG,day_5,T89,d.basal,5.0,2658.0,,0.0,-3.821054767045714,-8.549842616313136,,,,,,,,,,,,,,,,,,,,,,,,,,,,,,,,,,
cell_embedding,A,chip94633.3.48.50.GTCGTAGCGGT,day_5,T89,d.basal,5.0,4296.0,,0.0,-1.710041524575008,-1.27652076608316,,,,,,,,,,,,,,,,,,,,,,,,,,,,,,,,,,
cell_embedding,A,chip94633.3.49.10.GTTATCGCATG,day_5,T89,d.basal,5.0,3298.0,,0.0,0.7062710056855993,-5.585219741883708,,,,,,,,,,,,,,,,,,,,,,,,,,,,,,,,,,
cell_embedding,A,chip94633.3.49.30.GTCTATGGCAA,day_5,T89,p.basal,5.0,3638.0,0.460027800922569,0.617088013640437,-2.7120543239180943,-5.2188947666472325,,,,,,,,,,,,,,,,,,,,,,,,,,,,,,,,,,
cell_embedding,A,chip94633.3.49.56.GTTATATGCAA,day_5,T89,d.basal,5.0,2759.0,0.46828508733623,0.8623082537877,-4.788565518044169,-2.1450137131717697,,,,,,,,,,,,,,,,,,,,,,,,,,,,,,,,,,
cell_embedding,A,chip94633.3.49.58.GTTAGGAGGCC,day_5,T89,p.basal,5.0,7213.0,0.458575656800396,0.866844743485969,-5.7386843528463825,-0.3687291885087223,,,,,,,,,,,,,,,,,,,,,,,,,,,,,,,,,,
cell_embedding,A,chip94633.3.49.59.GTTAGTCTCGT,day_5,T89,d.basal,5.0,5153.0,0.325231733205512,1.0,5.438730534182138,0.7165358592456412,,,,,,,,,,,,,,,,,,,,,,,,,,,,,,,,,,
cell_embedding,A,chip94633.3.49.8.GTTATTGACGT,day_5,T89,p.basal,5.0,5279.0,0.264200197852149,1.0,5.956856916587688,-0.5907908273298449,,,,,,,,,,,,,,,,,,,,,,,,,,,,,,,,,,
cell_embedding,A,chip94633.3.50.2.GTTAACGACCT,day_5,T89,p.basal,5.0,4550.0,0.44319922352453,0.675192368191359,-3.688975914203881,1.486509875601229,,,,,,,,,,,,,,,,,,,,,,,,,,,,,,,,,,
cell_embedding,A,chip94633.3.51.51.GTTCAGAGACG,day_5,T89,d.basal,5.0,3210.0,,0.0,3.3507578439896775,-6.059301645970417,,,,,,,,,,,,,,,,,,,,,,,,,,,,,,,,,,
cell_embedding,A,chip94633.3.52.24.GTTCGAGAGCG,day_5,T89,p.basal,5.0,6882.0,0.348425434793947,1.0,4.9320914252611345,1.210902169677366,,,,,,,,,,,,,,,,,,,,,,,,,,,,,,,,,,
cell_embedding,A,chip94633.3.52.30.GTTCGAGCGGT,day_5,T89,p.basal,5.0,7777.0,0.311674333979131,1.0,6.557239613732043,1.3734789669137015,,,,,,,,,,,,,,,,,,,,,,,,,,,,,,,,,,
cell_embedding,A,chip94633.3.52.51.GTTAAGTTCGC,day_5,T89,p.basal,5.0,9214.0,0.303135704214186,1.0,8.48125547371491,1.386131488886114,,,,,,,,,,,,,,,,,,,,,,,,,,,,,,,,,,
cell_embedding,A,chip94633.3.52.54.GTTACGGCCGG,day_5,T89,d.basal,5.0,4349.0,,0.0,-2.5566379645114488,-1.493019478480114,,,,,,,,,,,,,,,,,,,,,,,,,,,,,,,,,,
cell_embedding,A,chip94633.3.52.7.GTTAGAATAAT,day_5,T89,p.basal,5.0,3712.0,0.19990921588339,0.910805496711189,5.818573203479587,-4.7726568524570485,,,,,,,,,,,,,,,,,,,,,,,,,,,,,,,,,,
cell_embedding,A,chip94633.3.53.35.TATAGCCGCAG,day_5,T89,p.basal,5.0,5138.0,0.454564310747214,0.676942603828382,-4.481024805215005,-0.1541030666209267,,,,,,,,,,,,,,,,,,,,,,,,,,,,,,,,,,
cell_embedding,A,chip94633.3.53.51.GTTCCTGATTA,day_5,T89,p.basal,5.0,6023.0,0.320039206177989,1.0,6.841082340943448,1.5963208579200412,,,,,,,,,,,,,,,,,,,,,,,,,,,,,,,,,,
cell_embedding,A,chip94633.3.53.59.GTTCGCAGTAA,day_5,T89,d.basal,5.0,5435.0,0.414459877841065,0.565177735615611,-2.0486648505671647,1.0406830098872188,,,,,,,,,,,,,,,,,,,,,,,,,,,,,,,,,,
cell_embedding,A,chip94633.3.53.6.TCATACCGGCG,day_5,T89,p.basal,5.0,9324.0,0.361134407580145,0.241508917299776,3.2134904615162925,5.829221975647685,,,,,,,,,,,,,,,,,,,,,,,,,,,,,,,,,,
cell_embedding,A,chip94633.3.9.10.AAGAGAAGCGA,day_5,T89,p.basal,5.0,3947.0,0.369516259730751,1.0,4.146655920032757,-4.6475749627370515,,,,,,,,,,,,,,,,,,,,,,,,,,,,,,,,,,
cell_embedding,A,chip94633.4.10.42.AACTGCTCTAA,day_11,T89,ciliating.late,11.0,9547.0,0.685389235467303,1.0,-14.882028533086029,6.7400171547585455,,,,,,,,,,,,,,,,,,,,,,,,,,,,,,,,,,
cell_embedding,A,chip94633.4.10.47.AACTGCGTAGT,day_11,T89,d.basal,11.0,4650.0,0.419500109317105,1.0,-0.1406954020708028,-0.3831082011666299,,,,,,,,,,,,,,,,,,,,,,,,,,,,,,,,,,
cell_embedding,A,chip94633.4.11.16.ACCAATTACTA,day_11,T89,p.basal,11.0,3198.0,,0.0,1.2263899612823996,-7.205446705187914,,,,,,,,,,,,,,,,,,,,,,,,,,,,,,,,,,
cell_embedding,A,chip94633.4.11.45.AAGAGATTGGA,day_11,T89,d.basal,11.0,3295.0,,0.0,-4.879684450712201,-6.1635641247973805,,,,,,,,,,,,,,,,,,,,,,,,,,,,,,,,,,
cell_embedding,A,chip94633.4.14.45.ACGAAGAGAGG,day_11,T89,d.basal,11.0,3063.0,,0.0,-6.794648615763876,-2.964022464332577,,,,,,,,,,,,,,,,,,,,,,,,,,,,,,,,,,
cell_embedding,A,chip94633.4.14.62.ACCAACGCTAC,day_11,T89,p.basal,11.0,10724.0,0.330295495757243,0.493635869139185,6.247892683774385,7.072601296177436,,,,,,,,,,,,,,,,,,,,,,,,,,,,,,,,,,
cell_embedding,A,chip94633.4.15.66.ACGCCTCGTAG,day_11,T89,d.basal,11.0,7201.0,,0.0,1.5712520840187294,2.053638727263457,,,,,,,,,,,,,,,,,,,,,,,,,,,,,,,,,,
cell_embedding,A,chip94633.4.16.60.AGGTTAGTACG,day_11,T89,p.basal,11.0,4657.0,0.477787643212373,0.865521849190069,-5.50216109795123,-3.731610561543377,,,,,,,,,,,,,,,,,,,,,,,,,,,,,,,,,,
cell_embedding,A,chip94633.4.45.40.GCTGCTTGCCA,day_11,T89,d.basal,11.0,5627.0,,0.0,-3.86105211456892,-2.0411480253457106,,,,,,,,,,,,,,,,,,,,,,,,,,,,,,,,,,
cell_embedding,A,chip94633.4.45.47.GCTGGCATTAC,day_11,T89,ciliating.late,11.0,6072.0,0.64183851547504,1.0,-18.01103460005162,0.9249576102578272,,,,,,,,,,,,,,,,,,,,,,,,,,,,,,,,,,
cell_embedding,A,chip94633.4.46.71.GCTGGCTCTAA,day_11,T89,ciliating.early,11.0,7245.0,0.816126196091179,1.0,-3.0541620466287056,5.261956169678017,,,,,,,,,,,,,,,,,,,,,,,,,,,,,,,,,,
cell_embedding,A,chip94633.4.47.14.GGCTGGATGAT,day_11,T89,d.basal,11.0,1681.0,,0.0,-6.24428311507814,-9.805096475525067,,,,,,,,,,,,,,,,,,,,,,,,,,,,,,,,,,
cell_embedding,A,chip94633.4.50.23.GGTTGCCGAGT,day_11,T89,d.basal,11.0,1935.0,,0.0,-4.224402321475224,-8.8740844103663,,,,,,,,,,,,,,,,,,,,,,,,,,,,,,,,,,
cell_embedding,A,chip94633.4.50.43.GTATCTGCTTA,day_11,T89,p.basal,11.0,7814.0,0.40250227017373,0.15655310566633,-0.8086643559215537,4.25514461804159,,,,,,,,,,,,,,,,,,,,,,,,,,,,,,,,,,
cell_embedding,A,chip94633.4.51.14.GTATTGGAACT,day_11,T89,d.basal,11.0,2577.0,,0.0,-7.538253569040783,-6.496927457299903,,,,,,,,,,,,,,,,,,,,,,,,,,,,,,,,,,
cell_embedding,A,chip94633.4.51.15.GTATGCTTCAT,day_11,T89,d.basal,11.0,7671.0,,0.0,0.9759197924350036,2.300904127222713,,,,,,,,,,,,,,,,,,,,,,,,,,,,,,,,,,
cell_embedding,A,chip94633.4.52.41.GTCCGTAAGAC,day_11,T89,p.basal,11.0,3290.0,0.441485633486397,0.458781386485748,-1.4488786490938197,-4.91397153779628,,,,,,,,,,,,,,,,,,,,,,,,,,,,,,,,,,
cell_embedding,A,chip94633.4.9.21.AACTGAGGAAT,day_11,T89,p.basal,11.0,4850.0,0.365840525408304,1.0,3.5072498726896644,0.0406023645289436,,,,,,,,,,,,,,,,,,,,,,,,,,,,,,,,,,
cell_embedding,A,chip94633.4.9.23.AACTGCCGGAT,day_11,T89,p.basal,11.0,3618.0,0.47994660397571,0.699450433746198,-4.940350855540431,-6.401584243875177,,,,,,,,,,,,,,,,,,,,,,,,,,,,,,,,,,
cell_embedding,A,chip94633.5.18.48.CAATCCATAGT,day_18,T89,d.basal,18.0,4168.0,,0.0,-4.237000660012181,-3.4495181505407384,,,,,,,,,,,,,,,,,,,,,,,,,,,,,,,,,,
cell_embedding,A,chip94633.5.18.56.CAGAAGAGGAG,day_18,T89,ciliated,18.0,6179.0,0.70989893590987,1.0,-10.13419257599793,3.7612405581096686,,,,,,,,,,,,,,,,,,,,,,,,,,,,,,,,,,
cell_embedding,A,chip94633.5.19.3.CCAAGCTATAT,day_18,T89,d.basal,18.0,4452.0,0.40767840761827,1.0,-1.2707117121324112,-1.1289569023305095,,,,,,,,,,,,,,,,,,,,,,,,,,,,,,,,,,
cell_embedding,A,chip94633.5.20.33.CCAATAGCATT,day_18,T89,ciliated,18.0,9561.0,0.804931636884074,1.0,-5.486305770316805,10.035841259872456,,,,,,,,,,,,,,,,,,,,,,,,,,,,,,,,,,
cell_embedding,A,chip94633.5.20.34.CCAATATAGCT,day_18,T89,ciliating.late,18.0,6670.0,0.704341598274504,1.0,-11.861128079695716,5.470890770198548,,,,,,,,,,,,,,,,,,,,,,,,,,,,,,,,,,
cell_embedding,A,chip94633.5.20.54.CCAACCAGGCC,day_18,T89,ciliating.early,18.0,7497.0,0.416527708831065,1.0,-2.0126219407597348,3.667184182457299,,,,,,,,,,,,,,,,,,,,,,,,,,,,,,,,,,
cell_embedding,A,chip94633.5.22.55.CCGATCGCTTC,day_18,T89,ciliating.late,18.0,7133.0,0.665935589197647,1.0,-16.189309943992335,4.775147125303157,,,,,,,,,,,,,,,,,,,,,,,,,,,,,,,,,,
cell_embedding,A,chip94633.5.24.59.CCGCCTTCGAC,day_18,T89,ciliating.early,18.0,7486.0,0.786200827866898,1.0,-6.055789393134608,6.323187183651486,,,,,,,,,,,,,,,,,,,,,,,,,,,,,,,,,,
cell_embedding,A,chip94633.5.25.48.CCTCATATGAG,day_18,T89,ciliating.late,18.0,13317.0,0.72306367295901,1.0,-11.782489902899858,8.098887695780803,,,,,,,,,,,,,,,,,,,,,,,,,,,,,,,,,,
cell_embedding,A,chip94633.5.25.7.CCTCGCCATTG,day_18,T89,ciliating.late,18.0,7089.0,0.650288915658558,1.0,-15.49249180939508,3.667804389700823,,,,,,,,,,,,,,,,,,,,,,,,,,,,,,,,,,
cell_embedding,A,chip94633.5.26.11.CGCTCGTACGT,day_18,T89,ciliating.late,18.0,10103.0,0.75427968969838,1.0,-10.00377879842314,8.602916831473538,,,,,,,,,,,,,,,,,,,,,,,,,,,,,,,,,,
cell_embedding,A,chip94633.5.26.34.CCTCCTACTTG,day_18,T89,ciliating.early,18.0,13991.0,0.721787984833771,1.0,-11.595022758489495,8.455616681223686,,,,,,,,,,,,,,,,,,,,,,,,,,,,,,,,,,
cell_embedding,A,chip94633.5.54.1.TATGGTAATTC,day_18,T89,d.basal,18.0,3544.0,0.443859775026737,0.847145861616094,-2.8497495982738026,-2.4871941523403818,,,,,,,,,,,,,,,,,,,,,,,,,,,,,,,,,,
cell_embedding,A,chip94633.5.55.26.TATTCCGAGAT,day_18,T89,ciliating.late,18.0,11071.0,0.66624695920283,1.0,-16.061965022227373,6.569661642136201,,,,,,,,,,,,,,,,,,,,,,,,,,,,,,,,,,
cell_embedding,A,chip94633.5.55.3.TCCAACTGACT,day_18,T89,ciliating.late,18.0,9479.0,0.743686009454013,1.0,-9.47305148151328,8.24718660712487,,,,,,,,,,,,,,,,,,,,,,,,,,,,,,,,,,
cell_embedding,A,chip94633.5.55.4.TCCAAGCAAGC,day_18,T89,d.basal,18.0,3643.0,0.461434539387489,1.0,-4.086891848883316,-0.5974804739013727,,,,,,,,,,,,,,,,,,,,,,,,,,,,,,,,,,
cell_embedding,A,chip94633.5.55.59.TCCAAGTACTT,day_18,T89,d.basal,18.0,1835.0,,0.0,-3.336465954835327,-7.021742731171049,,,,,,,,,,,,,,,,,,,,,,,,,,,,,,,,,,
cell_embedding,A,chip94633.5.58.51.TCAAGATTAAC,day_18,T89,ciliating.early,18.0,7444.0,0.512026716077144,1.0,-9.60533737878664,2.665843167679215,,,,,,,,,,,,,,,,,,,,,,,,,,,,,,,,,,
cell_embedding,A,chip94633.5.60.29.TGCGTAATAGA,day_18,T89,d.basal,18.0,3333.0,0.447648711560633,0.715980218478146,-0.7883645423262239,-4.218855365248905,,,,,,,,,,,,,,,,,,,,,,,,,,,,,,,,,,
cell_embedding,A,chip94633.5.60.33.TGCGGCGACCT,day_18,T89,ciliating.late,18.0,9489.0,0.680602087283184,1.0,-15.38723519254564,6.724011046414704,,,,,,,,,,,,,,,,,,,,,,,,,,,,,,,,,,
cell_embedding,A,chip94633.5.61.6.TGCTGCGAAGA,day_18,T89,ciliated,18.0,6366.0,0.6816910580109,1.0,-10.976345356952828,3.9571173524102576,,,,,,,,,,,,,,,,,,,,,,,,,,,,,,,,,,
cell_embedding,A,chip94633.7.27.24.CGGAACGAGTA,day_30,T89,ciliating.late,30.0,4761.0,0.628258935401862,1.0,-17.6372974458127,2.008969802058855,,,,,,,,,,,,,,,,,,,,,,,,,,,,,,,,,,
cell_embedding,A,chip94633.7.27.25.CGGAGGATTAT,day_30,T89,ciliating.late,30.0,2026.0,0.594692469368462,1.0,-14.090214555033867,-2.147613879462014,,,,,,,,,,,,,,,,,,,,,,,,,,,,,,,,,,
cell_embedding,A,chip94633.7.27.34.CGCTCCTAATA,day_30,T89,ciliating.late,30.0,5529.0,0.665687137097631,1.0,-15.557983207144131,4.9901021751533365,,,,,,,,,,,,,,,,,,,,,,,,,,,,,,,,,,
cell_embedding,A,chip94633.7.27.4.CGGTTCTAAGG,day_30,T89,ciliating.late,30.0,4607.0,0.650495600821408,1.0,-14.241645816109637,3.176101447774648,,,,,,,,,,,,,,,,,,,,,,,,,,,,,,,,,,
cell_embedding,A,chip94633.7.27.53.CGGTTGATTGC,day_30,T89,ciliating.late,30.0,6823.0,0.694013411385299,1.0,-12.871246674593571,5.578441389353235,,,,,,,,,,,,,,,,,,,,,,,,,,,,,,,,,,
cell_embedding,A,chip94633.7.27.55.CGTAGAGGTAC,day_30,T89,ciliating.late,30.0,5914.0,0.668840626757533,1.0,-14.885846468851865,5.358176118212705,,,,,,,,,,,,,,,,,,,,,,,,,,,,,,,,,,
cell_embedding,A,chip94633.7.28.32.CGTCCGAAGAG,day_30,T89,d.basal,30.0,2464.0,,0.0,-5.444534105618618,-5.707412245093597,,,,,,,,,,,,,,,,,,,,,,,,,,,,,,,,,,
cell_embedding,A,chip94633.7.28.34.CGTAGTATAAT,day_30,T89,ciliating.early,30.0,4593.0,0.50177358392778,1.0,-9.039094230504965,0.900867029805815,,,,,,,,,,,,,,,,,,,,,,,,,,,,,,,,,,
cell_embedding,A,chip94633.7.28.54.CGGATTGCTGA,day_30,T89,ciliating.late,30.0,9530.0,0.740002620225231,1.0,-9.678878333079226,8.866278872198015,,,,,,,,,,,,,,,,,,,,,,,,,,,,,,,,,,
cell_embedding,A,chip94633.7.28.9.CGGAGTTCAGC,day_30,T89,ciliating.late,30.0,12120.0,0.731235144448091,1.0,-11.363530244244314,9.60265901958696,,,,,,,,,,,,,,,,,,,,,,,,,,,,,,,,,,
cell_embedding,A,chip94633.7.29.25.CGGTAGATTCA,day_30,T89,ciliating.late,30.0,6035.0,0.64648042029481,1.0,-15.958216104519574,2.8408613376962393,,,,,,,,,,,,,,,,,,,,,,,,,,,,,,,,,,
cell_embedding,A,chip94633.7.32.26.CTTGCGTCCTT,day_30,T89,p.basal,30.0,4573.0,0.483213567145554,1.0,-6.994252856764189,-2.0741777199830844,,,,,,,,,,,,,,,,,,,,,,,,,,,,,,,,,,
cell_embedding,A,chip94633.7.35.48.GAACCGAGCCG,day_30,T89,ciliating.late,30.0,9197.0,0.691874275659708,1.0,-14.164094370061166,7.029401191017607,,,,,,,,,,,,,,,,,,,,,,,,,,,,,,,,,,
cell_embedding,A,chip94633.7.64.11.TGGTTGGTACT,day_30,T89,ciliating.late,30.0,9696.0,0.675618072012451,1.0,-16.652978947135168,7.241639374606784,,,,,,,,,,,,,,,,,,,,,,,,,,,,,,,,,,
cell_embedding,A,chip94633.7.64.57.TGGTTCAGCAA,day_30,T89,ciliating.late,30.0,3609.0,0.607589245927797,1.0,-15.970928859230291,0.5896123940876133,,,,,,,,,,,,,,,,,,,,,,,,,,,,,,,,,,
cell_embedding,A,chip94633.7.67.29.TTAGCGTCTCG,day_30,T89,ciliating.late,30.0,4764.0,0.662280525047637,1.0,-15.308202026006413,3.643968164000953,,,,,,,,,,,,,,,,,,,,,,,,,,,,,,,,,,
cell_embedding,A,chip94633.7.68.28.TTCCTGCGAGG,day_30,T89,ciliating.late,30.0,6894.0,0.650622148263224,1.0,-15.638750601197986,4.04050449402569,,,,,,,,,,,,,,,,,,,,,,,,,,,,,,,,,,
cell_embedding,A,chip94633.7.68.35.TTCGAAGCCGA,day_30,T89,ciliated,30.0,12827.0,0.822531232163213,1.0,-4.177522962199698,10.016048380023197,,,,,,,,,,,,,,,,,,,,,,,,,,,,,,,,,,
cell_embedding,A,chip94633.7.69.27.TTCGCTCGAAG,day_30,T89,ciliating.late,30.0,6296.0,0.655891123799874,1.0,-17.254424060971104,5.230177034770426,,,,,,,,,,,,,,,,,,,,,,,,,,,,,,,,,,
cell_embedding,A,chip94633.7.69.30.TTCGGTCAAGA,day_30,T89,d.basal,30.0,2595.0,0.476523221021374,1.0,-4.275641871245423,-2.8694948892825205,,,,,,,,,,,,,,,,,,,,,,,,,,,,,,,,,,
cell_embedding,A,chip94633.7.69.49.TTCGCCAATGA,day_30,T89,ciliating.late,30.0,5887.0,0.6770533581481,1.0,-12.536847807676653,4.532825793040212,,,,,,,,,,,,,,,,,,,,,,,,,,,,,,,,,,
cell_embedding,A,chip94633.7.70.27.TTGAAGTAACC,day_30,T89,ciliating.early,30.0,9474.0,0.708964881015296,1.0,-11.824769009458016,7.205595454766829,,,,,,,,,,,,,,,,,,,,,,,,,,,,,,,,,,
cell_embedding,A,chip94633.7.70.51.TTCTGGATATA,day_30,T89,d.basal,30.0,3544.0,,0.0,-8.897961195882548,-3.966377445755324,,,,,,,,,,,,,,,,,,,,,,,,,,,,,,,,,,
cell_embedding,A,chip94633.7.71.25.TTGCCTGATGA,day_30,T89,ciliating.late,30.0,13154.0,0.699040253994005,1.0,-14.732626166728505,8.815386020325997,,,,,,,,,,,,,,,,,,,,,,,,,,,,,,,,,,
cell_embedding,A,chip94633.7.71.48.TTGATTGAAGG,day_30,T89,ciliating.late,30.0,14805.0,0.69603228848155,1.0,-16.119575909377403,8.03613701088322,,,,,,,,,,,,,,,,,,,,,,,,,,,,,,,,,,
cell_embedding,A,chip94572.1.0.11.AACGAACCATT,day_1,T89,d.basal,1.0,21331.0,,0.0,8.382491447059046,10.39292148725914,,,,,,,,,,,,,,,,,,,,,,,,,,,,,,,,,,
cell_embedding,A,chip94572.1.0.27.AACGCATAACT,day_1,T89,basal.confluent,1.0,13508.0,,0.0,2.5918038662269485,7.0025904282409215,,,,,,,,,,,,,,,,,,,,,,,,,,,,,,,,,,
cell_embedding,A,chip94572.1.1.2.AACGCGTCATC,day_1,T89,d.basal,1.0,8009.0,,0.0,2.478173380032196,7.0560841802504255,,,,,,,,,,,,,,,,,,,,,,,,,,,,,,,,,,
cell_embedding,A,chip94572.1.2.29.AACGCGCGCAA,day_1,T89,p.basal,1.0,10599.0,0.405613505524456,0.179330240679671,-2.1652387576967413,5.847319006671224,,,,,,,,,,,,,,,,,,,,,,,,,,,,,,,,,,
cell_embedding,A,chip94572.1.2.31.AACGCTACCTA,day_1,T89,d.basal,1.0,18501.0,,0.0,8.518013020477222,7.754855873286525,,,,,,,,,,,,,,,,,,,,,,,,,,,,,,,,,,
cell_embedding,A,chip94572.1.2.49.AACGACTCAAC,day_1,T89,p.basal,1.0,15579.0,0.280557154320531,1.0,10.54980865014076,3.3280849708388347,,,,,,,,,,,,,,,,,,,,,,,,,,,,,,,,,,
cell_embedding,A,chip94572.1.2.52.AACGACCATTG,day_1,T89,p.basal,1.0,7696.0,0.414718200583129,0.201850378516515,-2.8761751096211157,3.4395853492321,,,,,,,,,,,,,,,,,,,,,,,,,,,,,,,,,,
cell_embedding,A,chip94572.1.2.53.AACGACGACCT,day_1,T89,d.basal,1.0,12250.0,0.310162026534761,1.0,9.386213791644163,6.030465227435128,,,,,,,,,,,,,,,,,,,,,,,,,,,,,,,,,,
cell_embedding,A,chip94572.1.2.9.AACGAGAACTG,day_1,T89,p.basal,1.0,12795.0,0.385138623312384,0.121618094370705,0.6627733538403755,5.608036627380981,,,,,,,,,,,,,,,,,,,,,,,,,,,,,,,,,,
cell_embedding,A,chip94572.1.36.4.CTTCTCAATCG,day_1,T89,p.basal,1.0,19886.0,0.993919306272349,0.597518624286801,10.192154785945274,8.330875817511535,,,,,,,,,,,,,,,,,,,,,,,,,,,,,,,,,,
cell_embedding,A,chip94572.1.36.57.CTTCGCTATCT,day_1,T89,p.basal,1.0,11942.0,0.343936694384632,0.549055404154154,4.9898142178131675,5.70139159973947,,,,,,,,,,,,,,,,,,,,,,,,,,,,,,,,,,
cell_embedding,A,chip94572.1.36.5.CTTGAAGGCAT,day_1,T89,p.basal,1.0,9142.0,0.288001504480721,1.0,8.344670752821047,2.216264891371481,,,,,,,,,,,,,,,,,,,,,,,,,,,,,,,,,,
cell_embedding,A,chip94572.1.36.8.CTTGAGGTCGT,day_1,T89,p.basal,1.0,15538.0,0.950685005482732,0.680861191950447,6.0175872576409635,8.906326566886978,,,,,,,,,,,,,,,,,,,,,,,,,,,,,,,,,,
cell_embedding,A,chip94572.1.37.1.GCCTTACCGGA,day_1,T89,p.basal,1.0,12721.0,0.330392975523029,0.640865779034473,7.204040541654997,5.915463354163067,,,,,,,,,,,,,,,,,,,,,,,,,,,,,,,,,,
cell_embedding,A,chip94572.1.37.3.GCCTATGGCTC,day_1,T89,d.basal,1.0,7932.0,,0.0,-2.3930779621565543,4.205259209372486,,,,,,,,,,,,,,,,,,,,,,,,,,,,,,,,,,
cell_embedding,A,chip94572.1.37.52.GAACCTCCGAC,day_1,T89,d.basal,1.0,13403.0,,0.0,8.482086096441181,4.881266591367098,,,,,,,,,,,,,,,,,,,,,,,,,,,,,,,,,,
cell_embedding,A,chip94572.1.38.5.GCAAGGCTGCT,day_1,T89,p.basal,1.0,9924.0,0.412374715045309,0.23985591545955,-1.7236766798703502,3.411274511739094,,,,,,,,,,,,,,,,,,,,,,,,,,,,,,,,,,
cell_embedding,A,chip94572.1.39.27.GCAAGCCTTAA,day_1,T89,p.basal,1.0,5235.0,0.388455557680964,0.82227956178368,2.9476429406090583,-4.627184026976687,,,,,,,,,,,,,,,,,,,,,,,,,,,,,,,,,,
cell_embedding,A,chip94572.1.40.10.GCAGGTTCTGG,day_1,T89,d.basal,1.0,7331.0,,0.0,0.6748205443512917,1.9950442527864416,,,,,,,,,,,,,,,,,,,,,,,,,,,,,,,,,,
cell_embedding,A,chip94572.1.40.35.GCGGTTATATA,day_1,T89,p.basal,1.0,3641.0,0.150186837175973,0.980335110613452,5.156951141415464,-6.042325358079859,,,,,,,,,,,,,,,,,,,,,,,,,,,,,,,,,,
cell_embedding,A,chip94572.1.40.3.GCAGCTCGGAA,day_1,T89,p.basal,1.0,8090.0,0.398808546190357,0.158877037215997,-0.9836294227658304,4.722061076046165,,,,,,,,,,,,,,,,,,,,,,,,,,,,,,,,,,
cell_embedding,A,chip94572.1.40.54.GCAGTTGCCAG,day_1,T89,p.basal,1.0,2010.0,,0.0,-0.0780222291738905,-9.769620641265687,,,,,,,,,,,,,,,,,,,,,,,,,,,,,,,,,,
cell_embedding,A,chip94572.1.40.58.GCAGCCAATGG,day_1,T89,p.basal,1.0,7020.0,0.390315017223323,0.173212997427281,-0.4975484180941183,5.975212975019503,,,,,,,,,,,,,,,,,,,,,,,,,,,,,,,,,,
cell_embedding,A,chip94572.1.41.0.GCGTTGAGGCG,day_1,T89,p.basal,1.0,2630.0,,0.0,0.8372935962561577,-7.64917115353079,,,,,,,,,,,,,,,,,,,,,,,,,,,,,,,,,,
cell_embedding,A,chip94572.1.41.48.GCGTATGCGGA,day_1,T89,d.basal,1.0,4857.0,,0.0,0.2219126640084796,-0.9201264010050332,,,,,,,,,,,,,,,,,,,,,,,,,,,,,,,,,,
cell_embedding,A,chip94572.1.41.7.GCTATGATTGG,day_1,T89,p.basal,1.0,3612.0,0.426214519673237,0.785788866636338,-0.5231984717079103,-3.5600033394969968,,,,,,,,,,,,,,,,,,,,,,,,,,,,,,,,,,
cell_embedding,A,chip94572.1.41.8.GCTATGGCAAC,day_1,T89,p.basal,1.0,13593.0,0.391982579366407,0.157836803559447,-0.0850730416356904,5.506344946966084,,,,,,,,,,,,,,,,,,,,,,,,,,,,,,,,,,
cell_embedding,A,chip94572.1.41.9.GCGTTACGCTT,day_1,T89,d.basal,1.0,5112.0,,0.0,-3.445409939991289,-1.2153554504875803,,,,,,,,,,,,,,,,,,,,,,,,,,,,,,,,,,
cell_embedding,A,chip94572.1.42.33.GCGTTATCAGG,day_1,T89,p.basal,1.0,3589.0,0.471112662647107,0.366145433078023,-4.326414806286443,-5.710853554111447,,,,,,,,,,,,,,,,,,,,,,,,,,,,,,,,,,
cell_embedding,A,chip94572.1.4.24.AACGGCGCGTA,day_1,T89,p.basal,1.0,4826.0,0.412883678640719,0.342408528261876,-1.5715415025855195,0.6731865068135316,,,,,,,,,,,,,,,,,,,,,,,,,,,,,,,,,,
cell_embedding,A,chip94572.1.42.58.GCCAGCTACGA,day_1,T89,p.basal,1.0,20037.0,0.979101919867095,0.478338309443932,8.44933566997579,8.359721669656542,,,,,,,,,,,,,,,,,,,,,,,,,,,,,,,,,,
cell_embedding,A,chip94572.1.4.27.AACGGATCCTG,day_1,T89,p.basal,1.0,7575.0,0.396637578888702,0.18122233317938,0.2143169883696473,2.207279154004235,,,,,,,,,,,,,,,,,,,,,,,,,,,,,,,,,,
cell_embedding,A,chip94572.1.42.7.GGTAAGAACCA,day_1,T89,p.basal,1.0,12150.0,0.368057742771945,0.1345803830311,3.1961935285629255,6.114055978887249,,,,,,,,,,,,,,,,,,,,,,,,,,,,,,,,,,
cell_embedding,A,chip94572.1.43.54.GGTCATTCCGC,day_1,T89,p.basal,1.0,5863.0,0.427562454438243,0.415269226362591,-3.2950026198174274,1.549239620978819,,,,,,,,,,,,,,,,,,,,,,,,,,,,,,,,,,
cell_embedding,A,chip94572.1.43.55.GGTCCGTCGTT,day_1,T89,d.basal,1.0,11718.0,,0.0,-2.3164182473259034,4.654569531647526,,,,,,,,,,,,,,,,,,,,,,,,,,,,,,,,,,
cell_embedding,A,chip94572.1.4.35.AACGGCCTTCG,day_1,T89,p.basal,1.0,6778.0,0.388988749076651,0.172628980318353,0.8995067444887449,5.648844339561596,,,,,,,,,,,,,,,,,,,,,,,,,,,,,,,,,,
cell_embedding,A,chip94572.1.44.2.GGTAGATGAGT,day_1,T89,p.basal,1.0,14144.0,0.400608774992056,0.168377867353265,-1.153651207884861,6.566436314486761,,,,,,,,,,,,,,,,,,,,,,,,,,,,,,,,,,
cell_embedding,A,chip94572.1.44.49.GGTAGAATCCT,day_1,T89,p.basal,1.0,14589.0,0.357648918646485,0.149502837720202,3.534433934729059,8.274446330057968,,,,,,,,,,,,,,,,,,,,,,,,,,,,,,,,,,
cell_embedding,A,chip94572.1.44.58.GGTAATGAGCC,day_1,T89,p.basal,1.0,6787.0,0.414415275462799,0.292045010219712,-1.586276406716427,2.5551365169614955,,,,,,,,,,,,,,,,,,,,,,,,,,,,,,,,,,
cell_embedding,A,chip94572.1.4.8.AACGCAGAGAA,day_1,T89,d.basal,1.0,4100.0,,0.0,2.092089458233252,-4.851210423885533,,,,,,,,,,,,,,,,,,,,,,,,,,,,,,,,,,
cell_embedding,A,chip94572.1.5.24.AACTTACTTGG,day_1,T89,p.basal,1.0,12093.0,0.321734420707225,1.0,7.302050168853052,3.8718794461539874,,,,,,,,,,,,,,,,,,,,,,,,,,,,,,,,,,
cell_embedding,A,chip94572.1.5.49.AACGGTATTGC,day_1,T89,d.basal,1.0,2618.0,,0.0,-0.044657023244508,-10.75425922271468,,,,,,,,,,,,,,,,,,,,,,,,,,,,,,,,,,
cell_embedding,A,chip94572.1.5.4.AAGAATCCTCA,day_1,T89,basal.confluent,1.0,15275.0,,0.0,7.948337362672593,4.788006471953071,,,,,,,,,,,,,,,,,,,,,,,,,,,,,,,,,,
cell_embedding,A,chip94572.1.6.32.AAGACCGAGCC,day_1,T89,p.basal,1.0,16779.0,0.385419420339533,0.151409719306136,0.1055731936677597,5.818437470972619,,,,,,,,,,,,,,,,,,,,,,,,,,,,,,,,,,
cell_embedding,A,chip94572.1.6.49.AACTTCCAGGA,day_1,T89,p.basal,1.0,14801.0,0.289473236058583,1.0,9.665033907616245,4.6777619601059754,,,,,,,,,,,,,,,,,,,,,,,,,,,,,,,,,,
cell_embedding,A,chip94572.1.6.55.AACTTCCATTC,day_1,T89,d.basal,1.0,16470.0,,0.0,0.5014278928386907,7.156477571946131,,,,,,,,,,,,,,,,,,,,,,,,,,,,,,,,,,
cell_embedding,A,chip94572.1.7.2.AAGACGGAGGT,day_1,T89,p.basal,1.0,10647.0,0.385138623312384,0.152920331479554,0.7698026586456922,7.429265390691399,,,,,,,,,,,,,,,,,,,,,,,,,,,,,,,,,,
cell_embedding,A,chip94572.1.7.7.AAGACGCTCCG,day_1,T89,p.basal,1.0,7248.0,0.335442820744385,1.0,4.931464514907887,1.3285349166347926,,,,,,,,,,,,,,,,,,,,,,,,,,,,,,,,,,
cell_embedding,A,chip94572.1.8.26.AAGACTGCTCG,day_1,T89,p.basal,1.0,10011.0,0.355341456739299,0.616257629919977,4.8377118549655895,4.108015616050644,,,,,,,,,,,,,,,,,,,,,,,,,,,,,,,,,,
cell_embedding,A,chip94572.1.8.31.AAGACTGAATC,day_1,T89,p.basal,1.0,8448.0,0.353730689455896,1.0,4.181157438469004,0.6833502535207341,,,,,,,,,,,,,,,,,,,,,,,,,,,,,,,,,,
cell_embedding,A,chip94572.1.8.32.AAGACTGACGG,day_1,T89,d.basal,1.0,15248.0,0.286692466357003,1.0,10.521541045911334,3.532158731055827,,,,,,,,,,,,,,,,,,,,,,,,,,,,,,,,,,
cell_embedding,A,chip94572.1.8.49.AAGAAGACCAA,day_1,T89,d.basal,1.0,8481.0,0.306169451463111,1.0,6.904755703268173,0.8949991296838434,,,,,,,,,,,,,,,,,,,,,,,,,,,,,,,,,,
cell_embedding,A,chip94572.1.8.54.AAGAACTGCGC,day_1,T89,d.basal,1.0,10184.0,0.320099473048327,1.0,7.831080978266054,2.7379775076935156,,,,,,,,,,,,,,,,,,,,,,,,,,,,,,,,,,
cell_embedding,A,chip94572.2.0.67.AACCAAGGCCT,day_4,T89,p.basal,4.0,6127.0,0.397367177094073,1.0,1.9480136695978056,-2.3699145378075204,,,,,,,,,,,,,,,,,,,,,,,,,,,,,,,,,,
cell_embedding,A,chip94572.2.2.16.AACCAGTCAGG,day_4,T89,d.basal,4.0,6555.0,,0.0,-4.273342230035841,0.7596981087929561,,,,,,,,,,,,,,,,,,,,,,,,,,,,,,,,,,
cell_embedding,A,chip94572.2.2.42.AACCGTATGAC,day_4,T89,p.basal,4.0,6246.0,0.384422154238729,1.0,1.4244613423936394,-3.0553167370243144,,,,,,,,,,,,,,,,,,,,,,,,,,,,,,,,,,
cell_embedding,A,chip94572.2.2.44.AACCGTTGAGA,day_4,T89,d.basal,4.0,5072.0,,0.0,-4.775862670511493,-1.3366370714785634,,,,,,,,,,,,,,,,,,,,,,,,,,,,,,,,,,
cell_embedding,A,chip94572.2.2.63.AACCAGAAGAC,day_4,T89,d.basal,4.0,6331.0,,0.0,2.1513305811805776,-1.3548304004965996,,,,,,,,,,,,,,,,,,,,,,,,,,,,,,,,,,
cell_embedding,A,chip94572.2.3.22.AACCTACGATG,day_4,T89,d.basal,4.0,6910.0,0.404782713175169,0.720394634327481,-0.0720200003048022,0.8191179208364647,,,,,,,,,,,,,,,,,,,,,,,,,,,,,,,,,,
cell_embedding,A,chip94572.2.37.70.CTGGAAGCTCT,day_4,T89,d.basal,4.0,18454.0,,0.0,2.79147561124658,9.782191431309853,,,,,,,,,,,,,,,,,,,,,,,,,,,,,,,,,,
cell_embedding,A,chip94572.2.39.15.GACCAAGTCGT,day_4,T89,d.basal,4.0,4112.0,0.388582955300402,0.705808126064682,1.5129737024915508,-4.875002904517028,,,,,,,,,,,,,,,,,,,,,,,,,,,,,,,,,,
cell_embedding,A,chip94572.2.39.22.GACCGCTGACT,day_4,T89,d.basal,4.0,1788.0,,0.0,-5.852630017148073,-11.012675087705295,,,,,,,,,,,,,,,,,,,,,,,,,,,,,,,,,,
cell_embedding,A,chip94572.2.41.36.GAAGAGGCTGC,day_4,T89,d.basal,4.0,4740.0,0.459288408548618,1.0,-4.10390872717548,-1.4039548121826422,,,,,,,,,,,,,,,,,,,,,,,,,,,,,,,,,,
cell_embedding,A,chip94572.2.4.16.AACCGAATCTC,day_4,T89,d.basal,4.0,2954.0,,0.0,-2.43673584728199,-8.438031178399727,,,,,,,,,,,,,,,,,,,,,,,,,,,,,,,,,,
cell_embedding,A,chip94572.2.44.40.GGAGTTCCTAA,day_4,T89,d.basal,4.0,1467.0,,0.0,-1.7165598191768496,-12.459381273442167,,,,,,,,,,,,,,,,,,,,,,,,,,,,,,,,,,
cell_embedding,A,chip94572.2.44.68.GCTGCGTTGCA,day_4,T89,d.basal,4.0,11000.0,0.359772268185868,0.662021102922629,2.9550454054718456,4.711780003344642,,,,,,,,,,,,,,,,,,,,,,,,,,,,,,,,,,
cell_embedding,A,chip94572.2.4.47.AACCTCGTTGC,day_4,T89,d.basal,4.0,5758.0,0.376582196122775,1.0,3.9572059531053863,-1.9984947249659115,,,,,,,,,,,,,,,,,,,,,,,,,,,,,,,,,,
cell_embedding,A,chip94572.2.6.14.AACTAAGCATC,day_4,T89,p.basal,4.0,5055.0,0.406854337644962,0.669616246143281,0.8848536822935843,-4.493109610310741,,,,,,,,,,,,,,,,,,,,,,,,,,,,,,,,,,
cell_embedding,A,chip94572.2.6.16.AACGTCGGACC,day_4,T89,d.basal,4.0,19107.0,,0.0,7.539701871270647,7.860181574691266,,,,,,,,,,,,,,,,,,,,,,,,,,,,,,,,,,
cell_embedding,A,chip94572.2.7.37.AACTAAGGCGC,day_4,T89,d.basal,4.0,16598.0,,0.0,5.84242127235906,6.775316374452005,,,,,,,,,,,,,,,,,,,,,,,,,,,,,,,,,,
cell_embedding,A,chip94572.2.7.63.AACTCCGAATA,day_4,T89,p.basal,4.0,15863.0,0.955774120402873,0.112028778792788,6.78155727123066,8.188273000951757,,,,,,,,,,,,,,,,,,,,,,,,,,,,,,,,,,
cell_embedding,A,chip94572.2.8.23.AACTACGCTTA,day_4,T89,d.basal,4.0,6362.0,,0.0,0.7415078307999194,-1.441031296433736,,,,,,,,,,,,,,,,,,,,,,,,,,,,,,,,,,
cell_embedding,A,chip94572.2.8.45.AACTCGTTAAG,day_4,T89,d.basal,4.0,4678.0,0.457655757929618,1.0,-2.2342364900733234,-3.194782637016646,,,,,,,,,,,,,,,,,,,,,,,,,,,,,,,,,,
cell_embedding,A,chip94572.2.8.47.AACTCTCGGCA,day_4,T89,d.basal,4.0,9928.0,,0.0,-3.2677322687082584,2.244127936575394,,,,,,,,,,,,,,,,,,,,,,,,,,,,,,,,,,
cell_embedding,A,chip94572.3.10.10.ACTCTATTCAG,day_12,T89,ciliating.early,12.0,8909.0,0.614067671170086,1.0,-13.751197079727708,0.2966725134258784,,,,,,,,,,,,,,,,,,,,,,,,,,,,,,,,,,
cell_embedding,A,chip94572.3.12.54.AGAACGAACTC,day_12,T89,p.basal,12.0,6585.0,0.414161129417481,1.0,0.6045775580438728,-1.610837262607928,,,,,,,,,,,,,,,,,,,,,,,,,,,,,,,,,,
cell_embedding,A,chip94572.3.13.54.AGAATACCAAG,day_12,T89,d.basal,12.0,3341.0,,0.0,-6.851060735990473,-5.905927008534543,,,,,,,,,,,,,,,,,,,,,,,,,,,,,,,,,,
cell_embedding,A,chip94572.3.14.10.AGAACTTAGTC,day_12,T89,ciliating.early,12.0,8601.0,0.671636076012737,1.0,-13.895537559730224,4.5781531192790625,,,,,,,,,,,,,,,,,,,,,,,,,,,,,,,,,,
cell_embedding,A,chip94572.3.14.11.AGAAGAAGACT,day_12,T89,ciliated,12.0,13046.0,0.835298977108497,1.0,-2.472724141387863,7.221098366592113,,,,,,,,,,,,,,,,,,,,,,,,,,,,,,,,,,
cell_embedding,A,chip94572.3.14.4.AGAACTTAAGT,day_12,T89,basal.confluent,12.0,4562.0,,0.0,-1.9547504322255065,-7.494538994144202,,,,,,,,,,,,,,,,,,,,,,,,,,,,,,,,,,
cell_embedding,A,chip94572.3.15.25.AGAAGAGAGAC,day_12,T89,p.basal,12.0,5822.0,0.380095056326884,1.0,2.7011668510453104,-2.8895537167584013,,,,,,,,,,,,,,,,,,,,,,,,,,,,,,,,,,
cell_embedding,A,chip94572.3.16.28.CCAACGATAAG,day_12,T89,p.basal,12.0,6709.0,0.387030076056472,1.0,1.5214662483511243,1.45324989549399,,,,,,,,,,,,,,,,,,,,,,,,,,,,,,,,,,
cell_embedding,A,chip94572.3.45.25.GGTAGGCTGAA,day_12,T89,ciliating.early,12.0,6193.0,0.508742502479155,1.0,-8.106331284470135,2.662689116201085,,,,,,,,,,,,,,,,,,,,,,,,,,,,,,,,,,
cell_embedding,A,chip94572.3.45.34.GGTAGCGCTGG,day_12,T89,ciliating.late,12.0,3262.0,0.601110535514679,1.0,-14.861618641713813,-1.069348550613638,,,,,,,,,,,,,,,,,,,,,,,,,,,,,,,,,,
cell_embedding,A,chip94572.3.47.28.GGTATCCGTCC,day_12,T89,d.basal,12.0,1771.0,,0.0,-5.301861343965594,-8.714055478520946,,,,,,,,,,,,,,,,,,,,,,,,,,,,,,,,,,
cell_embedding,A,chip94572.3.47.33.GGTATATTGGC,day_12,T89,ciliating.late,12.0,3953.0,0.607589245927797,1.0,-18.480537704545466,-1.912302776882806,,,,,,,,,,,,,,,,,,,,,,,,,,,,,,,,,,
cell_embedding,A,chip94572.3.49.32.GTCTGAATCTC,day_12,T89,ciliating.late,12.0,3378.0,0.579843143481258,1.0,-12.95918656571578,-1.816528160828788,,,,,,,,,,,,,,,,,,,,,,,,,,,,,,,,,,
cell_embedding,A,chip94572.3.49.34.GTCGTTATTGC,day_12,T89,ciliating.late,12.0,7456.0,0.639996755291748,1.0,-16.09383620409708,1.4038821952003309,,,,,,,,,,,,,,,,,,,,,,,,,,,,,,,,,,
cell_embedding,A,chip94572.3.50.27.GTTATCGGCGG,day_12,T89,ciliating.late,12.0,8793.0,0.635315673957598,1.0,-18.970504630396903,3.019996637579124,,,,,,,,,,,,,,,,,,,,,,,,,,,,,,,,,,
cell_embedding,A,chip94572.3.51.10.GTTCATATTGA,day_12,T89,d.basal,12.0,17199.0,,0.0,5.601899492909647,9.640333671171131,,,,,,,,,,,,,,,,,,,,,,,,,,,,,,,,,,
cell_embedding,A,chip94572.3.52.3.GTTAATGCAAC,day_12,T89,p.basal,12.0,8552.0,0.412374715045309,1.0,-1.8461006130323447,2.801744871401619,,,,,,,,,,,,,,,,,,,,,,,,,,,,,,,,,,
cell_embedding,A,chip94572.3.9.26.AAGAATACTAC,day_12,T89,p.basal,12.0,5355.0,0.48495543364748,0.787171012386775,-5.870912188119989,-4.670872214717925,,,,,,,,,,,,,,,,,,,,,,,,,,,,,,,,,,
cell_embedding,A,chip94572.5.18.25.CCAAGCATTCG,day_21,T89,ciliating.late,21.0,5558.0,0.66137721606738,1.0,-15.595437884255151,4.138333020014231,,,,,,,,,,,,,,,,,,,,,,,,,,,,,,,,,,
cell_embedding,A,chip94572.5.20.25.CCAATCTCCGC,day_21,T89,ciliated,21.0,13160.0,0.770310833390857,1.0,-9.089508554883222,8.323898512010084,,,,,,,,,,,,,,,,,,,,,,,,,,,,,,,,,,
cell_embedding,A,chip94572.5.20.55.CCAACCGCTGG,day_21,T89,d.basal,21.0,8773.0,0.36640384169672,1.0,2.708166813480865,2.0962313506541816,,,,,,,,,,,,,,,,,,,,,,,,,,,,,,,,,,
cell_embedding,A,chip94572.5.22.58.CCGACTACGTT,day_21,T89,ciliating.late,21.0,23750.0,0.698359616441303,1.0,-15.608226619117367,9.7747513428806,,,,,,,,,,,,,,,,,,,,,,,,,,,,,,,,,,
cell_embedding,A,chip94572.5.24.11.CCGCGCATCAA,day_21,T89,ciliating.late,21.0,6100.0,0.644889342454014,1.0,-13.240481724370945,2.2927466504208973,,,,,,,,,,,,,,,,,,,,,,,,,,,,,,,,,,
cell_embedding,A,chip94572.5.25.27.CCGCTTATATT,day_21,T89,d.basal,21.0,4643.0,,0.0,-0.2707976010902189,-5.660337392068309,,,,,,,,,,,,,,,,,,,,,,,,,,,,,,,,,,
cell_embedding,A,chip94572.5.26.11.CGCTCGTACGT,day_21,T89,d.basal,21.0,3870.0,,0.0,-1.1687164716758174,-7.690566868582135,,,,,,,,,,,,,,,,,,,,,,,,,,,,,,,,,,
cell_embedding,A,chip94572.5.26.24.CCTCGAGAGGA,day_21,T89,d.basal,21.0,9041.0,0.357749852877991,0.918614874543642,3.0211180403342395,1.5240978185541307,,,,,,,,,,,,,,,,,,,,,,,,,,,,,,,,,,
cell_embedding,A,chip94572.5.55.28.TATGATATTGC,day_21,T89,ciliating.early,21.0,11217.0,0.659450907976448,1.0,-15.556701133481743,4.004282813082505,,,,,,,,,,,,,,,,,,,,,,,,,,,,,,,,,,
cell_embedding,A,chip94572.5.56.53.TATTGATCCAA,day_21,T89,ciliating.late,21.0,8126.0,0.726707640715946,1.0,-9.110241610862786,5.843452179635499,,,,,,,,,,,,,,,,,,,,,,,,,,,,,,,,,,
cell_embedding,A,chip94572.5.58.1.TGACTTGAGTA,day_21,T89,ciliating.early,21.0,11074.0,0.7100375284321,1.0,-10.575154215447402,4.947060803133498,,,,,,,,,,,,,,,,,,,,,,,,,,,,,,,,,,
cell_embedding,A,chip94572.5.59.25.TGAGCGCAATA,day_21,T89,basal.confluent,21.0,5752.0,,0.0,-5.687653844436818,-1.4428528534691911,,,,,,,,,,,,,,,,,,,,,,,,,,,,,,,,,,
cell_embedding,A,chip94572.5.59.34.TGACGCATGGT,day_21,T89,ciliating.early,21.0,12989.0,0.727831655772615,1.0,-10.106940247422717,5.959477807322797,,,,,,,,,,,,,,,,,,,,,,,,,,,,,,,,,,
cell_embedding,A,chip94572.5.60.32.TGCTAGCCGTA,day_21,T89,ciliating.early,21.0,8609.0,0.682116952835556,1.0,-11.290714460401055,4.8440282969830015,,,,,,,,,,,,,,,,,,,,,,,,,,,,,,,,,,
cell_embedding,A,chip94572.5.61.11.TGCTGCAGCTG,day_21,T89,p.basal,21.0,16743.0,0.288761417273947,0.929812220236861,8.466357745538666,2.7643382093677444,,,,,,,,,,,,,,,,,,,,,,,,,,,,,,,,,,
cell_embedding,A,chip94572.5.62.25.TGCTTAAGGCA,day_21,T89,ciliated,21.0,10590.0,0.721002368224404,1.0,-10.906233812847756,5.17655038861582,,,,,,,,,,,,,,,,,,,,,,,,,,,,,,,,,,
cell_embedding,A,chip94572.7.28.1.CGGCGCGTATT,day_28,T89,ciliating.early,28.0,14945.0,0.708047086729019,1.0,-11.056987738860697,5.79491585554511,,,,,,,,,,,,,,,,,,,,,,,,,,,,,,,,,,
cell_embedding,A,chip94572.7.29.5.CGTCTCGTAGG,day_28,T89,d.basal,28.0,6461.0,0.408110382004347,1.0,-1.3833400835975078,3.364225269223122,,,,,,,,,,,,,,,,,,,,,,,,,,,,,,,,,,
cell_embedding,A,chip94572.7.32.33.CTTGAGTTACC,day_28,T89,ciliating.late,28.0,6372.0,0.627032732359137,1.0,-17.51234986113768,1.958360442515068,,,,,,,,,,,,,,,,,,,,,,,,,,,,,,,,,,
cell_embedding,A,chip94572.7.33.57.CTTGATCTCGA,day_28,T89,ciliating.late,28.0,22734.0,0.698359616441303,1.0,-15.272673907678527,8.82232748282287,,,,,,,,,,,,,,,,,,,,,,,,,,,,,,,,,,
cell_embedding,A,chip94572.7.63.1.TGGACCGCGCG,day_28,T89,ciliating.late,28.0,11331.0,0.743762209716359,1.0,-10.658439893319962,9.597625798691904,,,,,,,,,,,,,,,,,,,,,,,,,,,,,,,,,,
cell_embedding,A,chip94572.7.64.52.TGGTTCCAATA,day_28,T89,ciliating.late,28.0,8658.0,0.643479365259698,1.0,-18.07508915712709,3.779959669298929,,,,,,,,,,,,,,,,,,,,,,,,,,,,,,,,,,
cell_embedding,A,chip94572.7.65.7.TTCAAGAGGTT,day_28,T89,ciliating.late,28.0,7915.0,0.647186206351197,1.0,-17.201165150657438,3.527369361145011,,,,,,,,,,,,,,,,,,,,,,,,,,,,,,,,,,
cell_embedding,A,chip94572.7.67.48.TTCCAATTCGT,day_28,T89,ciliating.early,28.0,11055.0,0.698359616441303,1.0,-14.03183643493773,7.296527054327528,,,,,,,,,,,,,,,,,,,,,,,,,,,,,,,,,,
cell_embedding,A,chip94572.7.68.6.TTAGTTCATCC,day_28,T89,d.basal,28.0,3581.0,,0.0,-2.599702311498461,-6.008692470017935,,,,,,,,,,,,,,,,,,,,,,,,,,,,,,,,,,
cell_embedding,A,chip94572.7.68.7.TTATAAGCTGA,day_28,T89,ciliating.late,28.0,4816.0,0.606738953266348,1.0,-15.840824022767531,-0.489752821931204,,,,,,,,,,,,,,,,,,,,,,,,,,,,,,,,,,
cell_embedding,A,chip94572.7.70.2.TTGATATGGCT,day_28,T89,ciliating.late,28.0,12343.0,0.690807819136612,1.0,-13.940238929221602,6.894477396618252,,,,,,,,,,,,,,,,,,,,,,,,,,,,,,,,,,
cell_embedding,A,chip94572.7.70.7.TTGATAGATTC,day_28,T89,ciliating.late,28.0,16261.0,0.691292287639979,1.0,-14.017857046376136,7.027498677964188,,,,,,,,,,,,,,,,,,,,,,,,,,,,,,,,,,
cell_embedding,A,chip94577.1.0.28.AACGCATACTC,seed_day,T89,basal.colonies,-3.0,8707.0,0.284909246295118,1.0,11.69978199215758,4.5110015827232415,,,,,,,,,,,,,,,,,,,,,,,,,,,,,,,,,,
cell_embedding,A,chip94577.1.0.29.AACGCCAAGAC,seed_day,T89,basal.colonies,-3.0,9379.0,0.261588748338711,1.0,12.659845439530187,0.7384829210820639,,,,,,,,,,,,,,,,,,,,,,,,,,,,,,,,,,
cell_embedding,A,chip94577.1.0.30.AACGCCAGTTA,seed_day,T89,basal.colonies,-3.0,9577.0,0.278137682311277,1.0,11.905182107404652,3.610965666044361,,,,,,,,,,,,,,,,,,,,,,,,,,,,,,,,,,
cell_embedding,A,chip94577.1.0.33.AACGCAGTAAG,seed_day,T89,basal.colonies,-3.0,9220.0,0.303135704214186,1.0,10.000251510393342,5.231821831775595,,,,,,,,,,,,,,,,,,,,,,,,,,,,,,,,,,
cell_embedding,A,chip94577.1.0.4.AACCTTCCTTA,seed_day,T89,basal.colonies,-3.0,17704.0,1.0,0.213261229782896,11.283921226562596,9.295913554824338,,,,,,,,,,,,,,,,,,,,,,,,,,,,,,,,,,
cell_embedding,A,chip94577.1.1.26.AACGACTACGG,seed_day,T89,basal.colonies,-3.0,3285.0,0.189608811406191,0.98843827272557,7.770287040714469,-3.1225270265441782,,,,,,,,,,,,,,,,,,,,,,,,,,,,,,,,,,
cell_embedding,A,chip94577.1.1.48.AACGCCGAGTT,seed_day,T89,basal.colonies,-3.0,11432.0,0.285843409390991,0.681182862053045,12.578818699993947,5.1429673792648005,,,,,,,,,,,,,,,,,,,,,,,,,,,,,,,,,,
cell_embedding,A,chip94577.1.1.54.AACGCCGCAAT,seed_day,T89,basal.colonies,-3.0,3253.0,0.210656884066887,1.0,9.081422706373296,-2.8482594737387448,,,,,,,,,,,,,,,,,,,,,,,,,,,,,,,,,,
cell_embedding,A,chip94577.1.1.9.AACGCCTGCTT,seed_day,T89,basal.colonies,-3.0,6797.0,0.261588748338711,1.0,10.685431188341248,-0.1544372859031763,,,,,,,,,,,,,,,,,,,,,,,,,,,,,,,,,,
cell_embedding,A,chip94577.1.2.25.AACGCTAATAG,seed_day,T89,basal.colonies,-3.0,13185.0,0.282574675774759,0.389050004169446,12.316536344072418,5.191655977522873,,,,,,,,,,,,,,,,,,,,,,,,,,,,,,,,,,
cell_embedding,A,chip94577.1.2.32.AACGCTATAGT,seed_day,T89,basal.colonies,-3.0,12206.0,0.287040370518331,0.554916974081501,11.699363002983985,6.058462199603582,,,,,,,,,,,,,,,,,,,,,,,,,,,,,,,,,,
cell_embedding,A,chip94577.1.2.33.AACGCGAATCT,seed_day,T89,basal.colonies,-3.0,6472.0,0.282574675774759,1.0,10.132074002247872,2.9241758405094496,,,,,,,,,,,,,,,,,,,,,,,,,,,,,,,,,,
cell_embedding,A,chip94577.1.2.34.AACGCGAGTAC,seed_day,T89,basal.colonies,-3.0,8902.0,0.276276840598138,1.0,11.379700468056438,2.5688838236865363,,,,,,,,,,,,,,,,,,,,,,,,,,,,,,,,,,
cell_embedding,A,chip94577.1.2.35.AACGCGCGGTT,seed_day,T89,basal.colonies,-3.0,14200.0,0.2901064121208,0.337791053663067,11.63258356065491,7.707683230435343,,,,,,,,,,,,,,,,,,,,,,,,,,,,,,,,,,
cell_embedding,A,chip94577.1.2.48.AACGACGCATG,seed_day,T89,basal.colonies,-3.0,2126.0,0.103816750722152,1.0,5.834072711360474,-7.46183116840415,,,,,,,,,,,,,,,,,,,,,,,,,,,,,,,,,,
cell_embedding,A,chip94577.1.2.49.AACGACTCAAC,seed_day,T89,basal.colonies,-3.0,6873.0,0.267916849366427,1.0,8.744442872303177,-0.4592610811193967,,,,,,,,,,,,,,,,,,,,,,,,,,,,,,,,,,
cell_embedding,A,chip94577.1.2.4.AACGAGACCGA,seed_day,T89,basal.colonies,-3.0,1997.0,0.0741149137547487,1.0,5.46778456543381,-10.040303180506504,,,,,,,,,,,,,,,,,,,,,,,,,,,,,,,,,,
cell_embedding,A,chip94577.1.2.8.AACGATACTAA,seed_day,T89,basal.colonies,-3.0,8259.0,0.233173436242957,1.0,11.954326011199988,-1.0502776019557745,,,,,,,,,,,,,,,,,,,,,,,,,,,,,,,,,,
cell_embedding,A,chip94577.1.3.24.AACGAGTCCTT,seed_day,T89,basal.colonies,-3.0,16504.0,0.296376178659871,0.201860173975112,10.663412075435426,6.983576133362849,,,,,,,,,,,,,,,,,,,,,,,,,,,,,,,,,,
cell_embedding,A,chip94577.1.3.35.AACGAGTATAT,seed_day,T89,basal.colonies,-3.0,14410.0,0.268633474131395,0.712658098183243,12.768167089158936,3.560798798309644,,,,,,,,,,,,,,,,,,,,,,,,,,,,,,,,,,
cell_embedding,A,chip94577.1.3.4.AACGCTGATCA,seed_day,T89,basal.colonies,-3.0,11749.0,0.280832078544034,0.71940714010681,11.918358335057816,4.440209714332909,,,,,,,,,,,,,,,,,,,,,,,,,,,,,,,,,,
cell_embedding,A,chip94577.1.3.56.AACGGAGACGT,seed_day,T89,basal.colonies,-3.0,7958.0,0.268633474131395,1.0,12.027198719850494,3.55696166920302,,,,,,,,,,,,,,,,,,,,,,,,,,,,,,,,,,
cell_embedding,A,chip94577.1.3.57.AACGCTCCAAG,seed_day,T89,basal.colonies,-3.0,5470.0,0.309928315424775,1.0,7.629018879537033,1.7658512493823777,,,,,,,,,,,,,,,,,,,,,,,,,,,,,,,,,,
cell_embedding,A,chip94577.1.36.10.CTTCTCTCCGT,seed_day,T89,basal.colonies,-3.0,9275.0,0.292071322402707,0.726613041191436,10.975998432869122,5.115304566378723,,,,,,,,,,,,,,,,,,,,,,,,,,,,,,,,,,
cell_embedding,A,chip94577.1.36.24.GAACCTCTTAT,seed_day,T89,basal.colonies,-3.0,1926.0,0.0895199448484731,1.0,4.695603207270947,-9.524640789507044,,,,,,,,,,,,,,,,,,,,,,,,,,,,,,,,,,
cell_embedding,A,chip94577.1.36.2.CTTGAGTAGAT,seed_day,T89,basal.colonies,-3.0,2603.0,0.174613630316119,1.0,6.80850745143079,-2.8363490018155493,,,,,,,,,,,,,,,,,,,,,,,,,,,,,,,,,,
cell_embedding,A,chip94577.1.36.33.GAACCGTTACC,seed_day,T89,basal.colonies,-3.0,10605.0,0.303135704214186,0.588339035067918,9.815678528470922,4.193834550814122,,,,,,,,,,,,,,,,,,,,,,,,,,,,,,,,,,
cell_embedding,A,chip94577.1.36.51.CTTCGGAATAA,seed_day,T89,basal.colonies,-3.0,5999.0,0.33590143500485,0.936914505700703,5.403858838839426,0.3077352838562985,,,,,,,,,,,,,,,,,,,,,,,,,,,,,,,,,,
cell_embedding,A,chip94577.1.36.55.CTTGACTGAGG,seed_day,T89,basal.colonies,-3.0,18793.0,0.28789763732478,0.255647514994078,12.789300469458045,6.555273802736404,,,,,,,,,,,,,,,,,,,,,,,,,,,,,,,,,,
cell_embedding,A,chip94577.1.37.27.GATTCCGTCCT,seed_day,T89,basal.colonies,-3.0,11796.0,0.261588748338711,0.702666696068933,12.776715144596464,1.336345483136991,,,,,,,,,,,,,,,,,,,,,,,,,,,,,,,,,,
cell_embedding,A,chip94577.1.37.4.GCCTATTATCG,seed_day,T89,basal.colonies,-3.0,7622.0,0.266220143932778,1.0,11.599380486336818,1.0769846806872216,,,,,,,,,,,,,,,,,,,,,,,,,,,,,,,,,,
cell_embedding,A,chip94577.1.37.55.GAACGACTGCG,seed_day,T89,basal.colonies,-3.0,12221.0,0.280581689544082,0.626721319722534,11.020000840574337,4.975137091537028,,,,,,,,,,,,,,,,,,,,,,,,,,,,,,,,,,
cell_embedding,A,chip94577.1.37.6.GCCTGAAGGCT,seed_day,T89,basal.colonies,-3.0,5893.0,0.247674612172455,1.0,10.12946275807294,-1.787134497867638,,,,,,,,,,,,,,,,,,,,,,,,,,,,,,,,,,
cell_embedding,A,chip94577.1.38.11.GCAAGTATCCG,seed_day,T89,basal.colonies,-3.0,9546.0,0.289473236058583,0.527662666296531,11.06638883340754,6.78463479790224,,,,,,,,,,,,,,,,,,,,,,,,,,,,,,,,,,
cell_embedding,A,chip94577.1.38.30.GCCTGCTTACC,seed_day,T89,basal.colonies,-3.0,8586.0,0.247975134460972,1.0,12.132491717745957,0.2770138513956676,,,,,,,,,,,,,,,,,,,,,,,,,,,,,,,,,,
cell_embedding,A,chip94577.1.38.34.GCCTCGCCGGT,seed_day,T89,basal.colonies,-3.0,9189.0,0.254491795088724,0.738106954836128,12.653263538357072,1.1274669959028931,,,,,,,,,,,,,,,,,,,,,,,,,,,,,,,,,,
cell_embedding,A,chip94577.1.38.35.GCCTGCATGAG,seed_day,T89,basal.colonies,-3.0,13784.0,0.289473236058583,0.239122697533721,12.543425952080542,5.987501287936705,,,,,,,,,,,,,,,,,,,,,,,,,,,,,,,,,,
cell_embedding,A,chip94577.1.38.49.GCAACCGGCTC,seed_day,T89,basal.colonies,-3.0,15554.0,0.289473236058583,0.215446848006099,11.62271053118837,7.13480658592674,,,,,,,,,,,,,,,,,,,,,,,,,,,,,,,,,,
cell_embedding,A,chip94577.1.38.4.GCAAGAATAGG,seed_day,T89,basal.colonies,-3.0,6622.0,0.296794722712046,1.0,8.76030302862189,1.9190265157357935,,,,,,,,,,,,,,,,,,,,,,,,,,,,,,,,,,
cell_embedding,A,chip94577.1.38.58.GATTCTTCTGG,seed_day,T89,basal.colonies,-3.0,9456.0,0.301657363807855,0.699021455435782,10.36141335304912,6.374993007927859,,,,,,,,,,,,,,,,,,,,,,,,,,,,,,,,,,
cell_embedding,A,chip94577.1.39.10.GCGCGCGATGG,seed_day,T89,basal.colonies,-3.0,8828.0,0.281014716064524,1.0,10.10713403403903,2.627668000478022,,,,,,,,,,,,,,,,,,,,,,,,,,,,,,,,,,
cell_embedding,A,chip94577.1.39.26.GCAGAGCTCGA,seed_day,T89,basal.colonies,-3.0,10323.0,0.289473236058583,0.596971105726371,11.32040607710388,5.195761157505921,,,,,,,,,,,,,,,,,,,,,,,,,,,,,,,,,,
cell_embedding,A,chip94577.1.39.35.GCAATAGAATA,seed_day,T89,basal.colonies,-3.0,7387.0,0.282574675774759,1.0,10.62057360563196,2.9965827359648824,,,,,,,,,,,,,,,,,,,,,,,,,,,,,,,,,,
cell_embedding,A,chip94577.1.39.48.GCGCTCTAATA,seed_day,T89,basal.colonies,-3.0,6467.0,0.32124349523796,0.968260231191309,6.885454491564487,2.999935087760724,,,,,,,,,,,,,,,,,,,,,,,,,,,,,,,,,,
cell_embedding,A,chip94577.1.39.58.GCGATTCATTG,seed_day,T89,basal.colonies,-3.0,16014.0,0.281337401935632,0.436666407570404,12.272074387765077,4.608247778498044,,,,,,,,,,,,,,,,,,,,,,,,,,,,,,,,,,
cell_embedding,A,chip94577.1.39.7.GCGGCGGATAC,seed_day,T89,basal.colonies,-3.0,8598.0,0.282574675774759,0.704340067337248,11.026609752499809,3.8995954302706863,,,,,,,,,,,,,,,,,,,,,,,,,,,,,,,,,,
cell_embedding,A,chip94577.1.39.8.GCGGCTCCGGC,seed_day,T89,basal.colonies,-3.0,10150.0,0.271695499115244,1.0,11.768841492110566,1.9786998895106431,,,,,,,,,,,,,,,,,,,,,,,,,,,,,,,,,,
cell_embedding,A,chip94577.1.39.9.GCGATTGCCGG,seed_day,T89,basal.colonies,-3.0,19789.0,0.289473236058583,0.162642177087384,13.497509805173229,6.894972846656629,,,,,,,,,,,,,,,,,,,,,,,,,,,,,,,,,,
cell_embedding,A,chip94577.1.40.11.GCATAGAACCG,seed_day,T89,basal.colonies,-3.0,17901.0,0.282574675774759,0.300847092523339,11.08726586774712,5.238393565222488,,,,,,,,,,,,,,,,,,,,,,,,,,,,,,,,,,
cell_embedding,A,chip94577.1.40.28.GCGGTATAAGC,seed_day,T89,basal.colonies,-3.0,5543.0,0.24626955354012,1.0,8.797620131137112,-0.8397977486838821,,,,,,,,,,,,,,,,,,,,,,,,,,,,,,,,,,
cell_embedding,A,chip94577.1.40.4.GCAGGCCTTCT,seed_day,T89,basal.colonies,-3.0,11784.0,0.275628608989948,0.670821782130529,11.914519483243604,4.199903856337486,,,,,,,,,,,,,,,,,,,,,,,,,,,,,,,,,,
cell_embedding,A,chip94577.1.40.55.GCATCAAGATC,seed_day,T89,basal.colonies,-3.0,8400.0,0.277149658343821,1.0,11.251847310873226,2.4054217438002223,,,,,,,,,,,,,,,,,,,,,,,,,,,,,,,,,,
cell_embedding,A,chip94577.1.4.11.AACGCAAGAAT,seed_day,T89,basal.colonies,-3.0,11758.0,0.296323041548373,0.549105013977681,10.221353982601457,5.176468779044778,,,,,,,,,,,,,,,,,,,,,,,,,,,,,,,,,,
cell_embedding,A,chip94577.1.41.26.GCCGCTTGCTG,seed_day,T89,basal.colonies,-3.0,19518.0,0.31671206413748,0.144450102068989,9.869640623594297,7.720830566121163,,,,,,,,,,,,,,,,,,,,,,,,,,,,,,,,,,
cell_embedding,A,chip94577.1.41.27.GCATTCATCAG,seed_day,T89,basal.colonies,-3.0,8957.0,0.303135704214186,0.455925780501582,10.471661751162204,5.999155355890445,,,,,,,,,,,,,,,,,,,,,,,,,,,,,,,,,,
cell_embedding,A,chip94577.1.41.31.GCCGCCTGGTT,seed_day,T89,basal.colonies,-3.0,2434.0,0.141985058002281,1.0,7.968916065077383,-6.407641139109794,,,,,,,,,,,,,,,,,,,,,,,,,,,,,,,,,,
cell_embedding,A,chip94577.1.41.32.GCCGCGTTAGG,seed_day,T89,basal.colonies,-3.0,6535.0,0.282574675774759,1.0,10.38149838378074,2.307000719565374,,,,,,,,,,,,,,,,,,,,,,,,,,,,,,,,,,
cell_embedding,A,chip94577.1.42.11.GGCTTGGCTGA,seed_day,T89,basal.colonies,-3.0,9023.0,0.24253009161069,1.0,12.823110201463766,0.9589443687455832,,,,,,,,,,,,,,,,,,,,,,,,,,,,,,,,,,
cell_embedding,A,chip94577.1.42.1.GGTAACTGGTT,seed_day,T89,basal.colonies,-3.0,17071.0,0.289473236058583,0.240728031921899,12.1242928712975,7.00207110612722,,,,,,,,,,,,,,,,,,,,,,,,,,,,,,,,,,
cell_embedding,A,chip94577.1.42.27.GCGTTATGATC,seed_day,T89,basal.colonies,-3.0,5950.0,0.303135704214186,1.0,9.299027830136357,4.140323963498997,,,,,,,,,,,,,,,,,,,,,,,,,,,,,,,,,,
cell_embedding,A,chip94577.1.42.28.GCGTTCCAGTA,seed_day,T89,basal.colonies,-3.0,5848.0,0.259774700782024,1.0,10.41898333178779,0.2813018205083846,,,,,,,,,,,,,,,,,,,,,,,,,,,,,,,,,,
cell_embedding,A,chip94577.1.42.2.GGTAAGATCTC,seed_day,T89,basal.colonies,-3.0,15666.0,0.289473236058583,0.245953169024528,12.142236615256865,7.247324938873335,,,,,,,,,,,,,,,,,,,,,,,,,,,,,,,,,,
cell_embedding,A,chip94577.1.42.31.GCTCAGTCGTA,seed_day,T89,basal.colonies,-3.0,5821.0,0.276695444477435,1.0,10.542631672906698,0.1360036932824576,,,,,,,,,,,,,,,,,,,,,,,,,,,,,,,,,,
cell_embedding,A,chip94577.1.42.33.GCGTTATCAGG,seed_day,T89,basal.colonies,-3.0,3773.0,0.215346370132342,0.454567783166684,4.827091372173064,-3.570791731227373,,,,,,,,,,,,,,,,,,,,,,,,,,,,,,,,,,
cell_embedding,A,chip94577.1.42.49.GCCGGCGCCTC,seed_day,T89,basal.colonies,-3.0,17887.0,,0.0,11.130531943961223,10.187662656350613,,,,,,,,,,,,,,,,,,,,,,,,,,,,,,,,,,
cell_embedding,A,chip94577.1.42.58.GCCAGCTACGA,seed_day,T89,basal.colonies,-3.0,9711.0,0.301323694642849,0.664732213275892,10.442595717444624,6.099286052967222,,,,,,,,,,,,,,,,,,,,,,,,,,,,,,,,,,
cell_embedding,A,chip94577.1.42.59.GCCGAGCAGCA,seed_day,T89,basal.colonies,-3.0,17737.0,0.995810802639132,0.208937815068705,10.87584111773163,8.187739458836054,,,,,,,,,,,,,,,,,,,,,,,,,,,,,,,,,,
cell_embedding,A,chip94577.1.42.5.GGCTTGGCGAT,seed_day,T89,basal.colonies,-3.0,14779.0,0.302417482095689,0.149420637237738,11.176986473341543,8.199365224410698,,,,,,,,,,,,,,,,,,,,,,,,,,,,,,,,,,
cell_embedding,A,chip94577.1.4.27.AACGGATCCTG,seed_day,T89,basal.colonies,-3.0,12921.0,0.283875583296443,0.649496558407517,11.409658752610424,5.867077929238323,,,,,,,,,,,,,,,,,,,,,,,,,,,,,,,,,,
cell_embedding,A,chip94577.1.42.8.GGTAAGAGATT,seed_day,T89,basal.colonies,-3.0,13007.0,0.289473236058583,0.395197969448509,11.677302022467863,6.576260337257373,,,,,,,,,,,,,,,,,,,,,,,,,,,,,,,,,,
cell_embedding,A,chip94577.1.43.27.GGCTTCGCCAG,seed_day,T89,basal.colonies,-3.0,4895.0,0.292225941825862,1.0,8.731283852011279,2.017766142171165,,,,,,,,,,,,,,,,,,,,,,,,,,,,,,,,,,
cell_embedding,A,chip94577.1.43.28.GGCTTCTTGAG,seed_day,T89,basal.colonies,-3.0,9525.0,0.284283468202098,1.0,11.17429049006166,3.7340381698621545,,,,,,,,,,,,,,,,,,,,,,,,,,,,,,,,,,
cell_embedding,A,chip94577.1.43.33.GGCTTATGAGG,seed_day,T89,basal.colonies,-3.0,14587.0,0.289473236058583,0.228369766109524,11.604679393621373,7.886673892179299,,,,,,,,,,,,,,,,,,,,,,,,,,,,,,,,,,
cell_embedding,A,chip94577.1.43.34.GGCTTGAGAAG,seed_day,T89,basal.colonies,-3.0,11882.0,,0.0,9.321066979107362,8.10418839808208,,,,,,,,,,,,,,,,,,,,,,,,,,,,,,,,,,
cell_embedding,A,chip94577.1.43.48.GGTCATCATCT,seed_day,T89,basal.colonies,-3.0,7443.0,0.289473236058583,1.0,10.235589893860553,2.73319668284491,,,,,,,,,,,,,,,,,,,,,,,,,,,,,,,,,,
cell_embedding,A,chip94577.1.4.34.AACGGCAACTC,seed_day,T89,basal.colonies,-3.0,11971.0,0.292393744925391,0.381807063944765,11.123211657696697,7.354832484280087,,,,,,,,,,,,,,,,,,,,,,,,,,,,,,,,,,
cell_embedding,A,chip94577.1.43.4.GGTCATAATGG,seed_day,T89,basal.colonies,-3.0,6759.0,0.230559758864693,1.0,9.603083311452728,-2.2183684976094216,,,,,,,,,,,,,,,,,,,,,,,,,,,,,,,,,,
cell_embedding,A,chip94577.1.43.53.GGTCATAGAAC,seed_day,T89,basal.colonies,-3.0,7777.0,0.286339748389893,1.0,10.02957314289146,3.333413069045177,,,,,,,,,,,,,,,,,,,,,,,,,,,,,,,,,,
cell_embedding,A,chip94577.1.43.54.GGTCATTCCGC,seed_day,T89,basal.colonies,-3.0,2500.0,0.132362996177677,1.0,7.391888196221139,-7.004481411443261,,,,,,,,,,,,,,,,,,,,,,,,,,,,,,,,,,
cell_embedding,A,chip94577.1.4.35.AACGGCCTTCG,seed_day,T89,basal.colonies,-3.0,6407.0,0.294474918462025,1.0,10.37900974176285,5.030916907754502,,,,,,,,,,,,,,,,,,,,,,,,,,,,,,,,,,
cell_embedding,A,chip94577.1.44.26.GGTCGGCATTA,seed_day,T89,basal.colonies,-3.0,1556.0,0.0531395096236081,1.0,3.903941998298958,-12.407879561461762,,,,,,,,,,,,,,,,,,,,,,,,,,,,,,,,,,
cell_embedding,A,chip94577.1.44.31.GGTCGGAGCGG,seed_day,T89,basal.colonies,-3.0,6544.0,0.247364753637935,1.0,12.169145698341891,-0.3433351850908672,,,,,,,,,,,,,,,,,,,,,,,,,,,,,,,,,,
cell_embedding,A,chip94577.1.44.32.GGTCGGATATC,seed_day,T89,basal.colonies,-3.0,9050.0,0.268633474131395,1.0,10.480662954719664,2.1731628351909924,,,,,,,,,,,,,,,,,,,,,,,,,,,,,,,,,,
cell_embedding,A,chip94577.1.44.56.GGTAGACTCTC,seed_day,T89,basal.colonies,-3.0,14558.0,0.296323041548373,0.211086656328986,11.770751391243929,7.440282253524862,,,,,,,,,,,,,,,,,,,,,,,,,,,,,,,,,,
cell_embedding,A,chip94577.1.44.6.GGTAGAATATG,seed_day,T89,basal.colonies,-3.0,9986.0,0.276735373184461,1.0,11.494168217277933,6.165244218015349,,,,,,,,,,,,,,,,,,,,,,,,,,,,,,,,,,
cell_embedding,A,chip94577.1.44.7.GGTAGAGTTAT,seed_day,T89,basal.colonies,-3.0,14062.0,0.284777773836148,0.471826038630309,11.497298453137446,6.430828736789541,,,,,,,,,,,,,,,,,,,,,,,,,,,,,,,,,,
cell_embedding,A,chip94577.1.4.49.AACGCAAGTCG,seed_day,T89,basal.colonies,-3.0,6783.0,0.258050785465311,1.0,10.5482671353432,0.8315422236805409,,,,,,,,,,,,,,,,,,,,,,,,,,,,,,,,,,
cell_embedding,A,chip94577.1.4.4.AACGATGCGAC,seed_day,T89,basal.colonies,-3.0,6491.0,0.257633201915086,1.0,10.575737866092696,-0.9496594227707776,,,,,,,,,,,,,,,,,,,,,,,,,,,,,,,,,,
cell_embedding,A,chip94577.1.4.55.AACGCAATACC,seed_day,T89,basal.colonies,-3.0,6378.0,0.220551435367808,1.0,9.881871944206836,-1.85862127727335,,,,,,,,,,,,,,,,,,,,,,,,,,,,,,,,,,
cell_embedding,A,chip94577.1.4.56.AACGCAATCTT,seed_day,T89,basal.colonies,-3.0,4966.0,0.320653297382059,0.849826106809472,6.966580228715041,-3.931947622165545,,,,,,,,,,,,,,,,,,,,,,,,,,,,,,,,,,
cell_embedding,A,chip94577.1.4.7.AACGCAGACCG,seed_day,T89,basal.colonies,-3.0,6606.0,0.306530022182163,0.588359541874934,9.352119591764302,5.763036552991264,,,,,,,,,,,,,,,,,,,,,,,,,,,,,,,,,,
cell_embedding,A,chip94577.1.5.10.AAGAATCGCGG,seed_day,T89,basal.colonies,-3.0,7625.0,0.252892763021741,1.0,11.027160065378697,0.2586332511821418,,,,,,,,,,,,,,,,,,,,,,,,,,,,,,,,,,
cell_embedding,A,chip94577.1.5.26.AACTTCATTCA,seed_day,T89,basal.colonies,-3.0,2316.0,0.0831173408240362,1.0,5.968322618172597,-9.24402987903631,,,,,,,,,,,,,,,,,,,,,,,,,,,,,,,,,,
cell_embedding,A,chip94577.1.5.29.AACTTACCGTT,seed_day,T89,basal.colonies,-3.0,8976.0,0.266673260857567,1.0,10.869545975881948,1.1827351119623524,,,,,,,,,,,,,,,,,,,,,,,,,,,,,,,,,,
cell_embedding,A,chip94577.1.5.48.AACGGCTCGGT,seed_day,T89,basal.colonies,-3.0,9448.0,0.277151443166037,1.0,11.475797265498963,3.4680380441676633,,,,,,,,,,,,,,,,,,,,,,,,,,,,,,,,,,
cell_embedding,A,chip94577.1.5.53.AACGGCGTCGA,seed_day,T89,basal.colonies,-3.0,16928.0,0.282574675774759,0.398645568187891,13.573616486416622,5.811083362450765,,,,,,,,,,,,,,,,,,,,,,,,,,,,,,,,,,
cell_embedding,A,chip94577.1.5.56.AACGGTCAGAC,seed_day,T89,basal.colonies,-3.0,6063.0,0.237554392122354,1.0,11.273563535886998,0.1761458042921685,,,,,,,,,,,,,,,,,,,,,,,,,,,,,,,,,,
cell_embedding,A,chip94577.1.5.58.AACGGCCATGA,seed_day,T89,basal.colonies,-3.0,7617.0,0.321782266050652,0.688936037894267,7.859101403978635,6.3954408035245285,,,,,,,,,,,,,,,,,,,,,,,,,,,,,,,,,,
cell_embedding,A,chip94577.1.6.53.AACTTATACGG,seed_day,T89,basal.colonies,-3.0,10005.0,0.282574675774759,1.0,11.682026070250574,2.5624728798307315,,,,,,,,,,,,,,,,,,,,,,,,,,,,,,,,,,
cell_embedding,A,chip94577.1.6.56.AACTTCCTACC,seed_day,T89,basal.colonies,-3.0,8610.0,0.25215445315094,1.0,12.030402970257834,0.8765686823833907,,,,,,,,,,,,,,,,,,,,,,,,,,,,,,,,,,
cell_embedding,A,chip94577.1.6.58.AACTTAATCTG,seed_day,T89,basal.colonies,-3.0,7566.0,0.351052551246628,0.802664926413331,5.759480253238982,-0.3851206208937401,,,,,,,,,,,,,,,,,,,,,,,,,,,,,,,,,,
cell_embedding,A,chip94577.1.6.59.AACTTATATAT,seed_day,T89,basal.colonies,-3.0,8640.0,0.278258153904256,1.0,9.140132322620582,1.588821709741853,,,,,,,,,,,,,,,,,,,,,,,,,,,,,,,,,,
cell_embedding,A,chip94577.1.6.5.AACTTGCGAGC,seed_day,T89,basal.colonies,-3.0,13356.0,0.289473236058583,0.444561476632595,11.985958517024672,5.449247273738678,,,,,,,,,,,,,,,,,,,,,,,,,,,,,,,,,,
cell_embedding,A,chip94577.1.6.9.AACTTCTAACG,seed_day,T89,basal.colonies,-3.0,8310.0,0.258299698060229,1.0,10.6951224722925,0.2994279197178013,,,,,,,,,,,,,,,,,,,,,,,,,,,,,,,,,,
cell_embedding,A,chip94577.1.7.30.AAGAACCATGA,seed_day,T89,basal.colonies,-3.0,6827.0,0.22681956294667,1.0,10.616517771534674,-2.087897828655953,,,,,,,,,,,,,,,,,,,,,,,,,,,,,,,,,,
cell_embedding,A,chip94577.1.7.34.AACTTGCAGCC,seed_day,T89,basal.colonies,-3.0,2086.0,0.0740834387716858,1.0,4.592219825595281,-10.692637171809787,,,,,,,,,,,,,,,,,,,,,,,,,,,,,,,,,,
cell_embedding,A,chip94577.1.7.50.AAGACGCGACT,seed_day,T89,basal.colonies,-3.0,5454.0,0.295222784681405,0.992986366719757,6.747859675969174,0.6985878873198068,,,,,,,,,,,,,,,,,,,,,,,,,,,,,,,,,,
cell_embedding,A,chip94577.1.7.51.AAGACCGCTGC,seed_day,T89,basal.colonies,-3.0,5810.0,0.291888909315635,1.0,9.119682200929786,3.987010236745749,,,,,,,,,,,,,,,,,,,,,,,,,,,,,,,,,,
cell_embedding,A,chip94577.1.7.53.AAGACCTGAGT,seed_day,T89,basal.colonies,-3.0,5750.0,0.265603814807869,1.0,9.509662249832653,-0.671704211031039,,,,,,,,,,,,,,,,,,,,,,,,,,,,,,,,,,
cell_embedding,A,chip94577.1.7.6.AAGACGATTAC,seed_day,T89,basal.colonies,-3.0,8267.0,0.296323041548373,1.0,9.349125071100415,3.4218859199322935,,,,,,,,,,,,,,,,,,,,,,,,,,,,,,,,,,
cell_embedding,A,chip94577.1.8.10.AAGAACTACCT,seed_day,T89,basal.colonies,-3.0,7193.0,0.355472977708927,0.339495530170253,3.864605734094334,4.095986051164358,,,,,,,,,,,,,,,,,,,,,,,,,,,,,,,,,,
cell_embedding,A,chip94577.1.8.27.AAGACGGCGAC,seed_day,T89,basal.colonies,-3.0,5670.0,0.33344849788223,1.0,4.530241409751303,-0.4495084235191515,,,,,,,,,,,,,,,,,,,,,,,,,,,,,,,,,,
cell_embedding,A,chip94577.1.8.31.AAGACTGAATC,seed_day,T89,basal.colonies,-3.0,11056.0,0.266509519358736,1.0,12.44768472902665,2.6020692736575244,,,,,,,,,,,,,,,,,,,,,,,,,,,,,,,,,,
cell_embedding,A,chip94577.1.8.49.AAGAAGACCAA,seed_day,T89,basal.colonies,-3.0,3538.0,0.174470340962113,1.0,7.88418175697619,-5.532155360027035,,,,,,,,,,,,,,,,,,,,,,,,,,,,,,,,,,
cell_embedding,A,chip94577.1.8.51.AAGAACGCAAC,seed_day,T89,p.basal,-3.0,4892.0,0.396458320061315,0.38456215808118,2.7655094016270643,-0.7319473094116381,,,,,,,,,,,,,,,,,,,,,,,,,,,,,,,,,,
cell_embedding,A,chip94577.1.8.55.AAGAAGACGCC,seed_day,T89,basal.colonies,-3.0,6462.0,0.187755629418686,1.0,10.850874962212458,-4.9111673976029016,,,,,,,,,,,,,,,,,,,,,,,,,,,,,,,,,,
cell_embedding,A,chip94577.1.8.59.AAGAACTCGAG,seed_day,T89,basal.colonies,-3.0,4120.0,0.187352067951039,1.0,8.363584046617662,-4.001340751987667,,,,,,,,,,,,,,,,,,,,,,,,,,,,,,,,,,
cell_embedding,A,chip94577.1.8.8.AAGAAGATACT,seed_day,T89,basal.colonies,-3.0,7572.0,0.289473236058583,1.0,10.576993380728428,2.6872834841054773,,,,,,,,,,,,,,,,,,,,,,,,,,,,,,,,,,
cell_embedding,A,chip94577.2.1.16.AACCGGACTAC,day_minus2,T89,basal.subconfluent,-2.0,11657.0,,0.0,11.881207835063949,2.174065520635459,,,,,,,,,,,,,,,,,,,,,,,,,,,,,,,,,,
cell_embedding,A,chip94577.2.1.42.AACCAGAGCGC,day_minus2,T89,basal.subconfluent,-2.0,11946.0,,0.0,12.291442261724752,-0.3029236116811755,,,,,,,,,,,,,,,,,,,,,,,,,,,,,,,,,,
cell_embedding,A,chip94577.2.2.12.AACCATATGCG,day_minus2,T89,basal.subconfluent,-2.0,12617.0,,0.0,10.104050682964788,3.846136249933284,,,,,,,,,,,,,,,,,,,,,,,,,,,,,,,,,,
cell_embedding,A,chip94577.2.2.60.AACCAGATTCC,day_minus2,T89,basal.subconfluent,-2.0,15478.0,,0.0,13.315006861902985,0.4738973832781303,,,,,,,,,,,,,,,,,,,,,,,,,,,,,,,,,,
cell_embedding,A,chip94577.2.2.63.AACCAGAAGAC,day_minus2,T89,basal.subconfluent,-2.0,15860.0,0.258037173852256,0.657258738453923,12.988697329378816,1.9767158073537825,,,,,,,,,,,,,,,,,,,,,,,,,,,,,,,,,,
cell_embedding,A,chip94577.2.3.13.AACCTCATGGT,day_minus2,T89,basal.subconfluent,-2.0,9785.0,,0.0,8.239465161189583,5.555440271072715,,,,,,,,,,,,,,,,,,,,,,,,,,,,,,,,,,
cell_embedding,A,chip94577.2.3.17.AACCTATAGTA,day_minus2,T89,basal.subconfluent,-2.0,12200.0,,0.0,11.920350780640527,1.3067041188627897,,,,,,,,,,,,,,,,,,,,,,,,,,,,,,,,,,
cell_embedding,A,chip94577.2.3.36.AACCATCCGAT,day_minus2,T89,basal.subconfluent,-2.0,17999.0,,0.0,13.19675990177931,2.8261701095674243,,,,,,,,,,,,,,,,,,,,,,,,,,,,,,,,,,
cell_embedding,A,chip94577.2.37.45.GAACGAGTACT,day_minus2,T89,basal.subconfluent,-2.0,14311.0,,0.0,12.872211521620288,3.938221173197675,,,,,,,,,,,,,,,,,,,,,,,,,,,,,,,,,,
cell_embedding,A,chip94577.2.39.65.GACCTATCAGC,day_minus2,T89,basal.subconfluent,-2.0,9598.0,,0.0,5.767188915926164,9.166009179873631,,,,,,,,,,,,,,,,,,,,,,,,,,,,,,,,,,
cell_embedding,A,chip94577.2.39.68.GAGAAGAGGTC,day_minus2,T89,basal.subconfluent,-2.0,7326.0,,0.0,8.208852331219402,7.392714894496202,,,,,,,,,,,,,,,,,,,,,,,,,,,,,,,,,,
cell_embedding,A,chip94577.2.41.43.GAAGATGAAGT,day_minus2,T89,basal.subconfluent,-2.0,4791.0,,0.0,4.181522086232063,-1.2738400522962696,,,,,,,,,,,,,,,,,,,,,,,,,,,,,,,,,,
cell_embedding,A,chip94577.2.41.47.GAAGAGGAATG,day_minus2,T89,basal.subconfluent,-2.0,7249.0,,0.0,4.869263037082984,0.7307539003419958,,,,,,,,,,,,,,,,,,,,,,,,,,,,,,,,,,
cell_embedding,A,chip94577.2.41.65.GAGGTCGCTTA,day_minus2,T89,basal.subconfluent,-2.0,5913.0,,0.0,6.413172499925569,1.999876318264064,,,,,,,,,,,,,,,,,,,,,,,,,,,,,,,,,,
cell_embedding,A,chip94577.2.42.38.GATTCATGCCG,day_minus2,T89,basal.subconfluent,-2.0,18135.0,,0.0,12.082550069825071,6.9268011701494085,,,,,,,,,,,,,,,,,,,,,,,,,,,,,,,,,,
cell_embedding,A,chip94577.2.42.69.GAAGAGACTTG,day_minus2,T89,basal.subconfluent,-2.0,8964.0,,0.0,7.598350835441554,5.522886858384838,,,,,,,,,,,,,,,,,,,,,,,,,,,,,,,,,,
cell_embedding,A,chip94577.2.43.63.GGAACCAATCA,day_minus2,T89,basal.subconfluent,-2.0,3221.0,0.360555512994904,0.648646257656217,4.117622328899341,-2.185300244255681,,,,,,,,,,,,,,,,,,,,,,,,,,,,,,,,,,
cell_embedding,A,chip94577.2.4.37.AACCTGATCCT,day_minus2,T89,basal.subconfluent,-2.0,16492.0,,0.0,11.906926846468656,3.130589024170903,,,,,,,,,,,,,,,,,,,,,,,,,,,,,,,,,,
cell_embedding,A,chip94577.2.44.64.GCTGAAGGATA,day_minus2,T89,basal.subconfluent,-2.0,3340.0,0.329566919182586,0.955568382662671,6.930183636162144,0.7140256590007832,,,,,,,,,,,,,,,,,,,,,,,,,,,,,,,,,,
cell_embedding,A,chip94577.2.44.70.GCTGAGAAGAT,day_minus2,T89,basal.subconfluent,-2.0,12874.0,,0.0,12.070661972760597,4.319051102679325,,,,,,,,,,,,,,,,,,,,,,,,,,,,,,,,,,
cell_embedding,A,chip94577.2.4.63.AACCGAACTGG,day_minus2,T89,basal.subconfluent,-2.0,16591.0,0.260912553915161,0.429567678675661,13.169344721761655,2.5593987156952034,,,,,,,,,,,,,,,,,,,,,,,,,,,,,,,,,,
cell_embedding,A,chip94577.2.5.41.AACGTACCTGA,day_minus2,T89,basal.subconfluent,-2.0,7728.0,0.314095324723426,0.631599829177777,7.707758280110476,1.658651420965196,,,,,,,,,,,,,,,,,,,,,,,,,,,,,,,,,,
cell_embedding,A,chip94577.2.6.62.AACGTCCGGAC,day_minus2,T89,basal.subconfluent,-2.0,11052.0,,0.0,3.81625781199487,5.525826897756212,,,,,,,,,,,,,,,,,,,,,,,,,,,,,,,,,,
cell_embedding,A,chip94577.2.6.68.AACGTCCAGCT,day_minus2,T89,basal.subconfluent,-2.0,17160.0,,0.0,11.740064726473618,5.102934923402094,,,,,,,,,,,,,,,,,,,,,,,,,,,,,,,,,,
cell_embedding,A,chip94577.2.6.69.AACGTAATATA,day_minus2,T89,basal.subconfluent,-2.0,8247.0,,0.0,5.01651995529119,4.7499265639144905,,,,,,,,,,,,,,,,,,,,,,,,,,,,,,,,,,
cell_embedding,A,chip94577.2.7.69.AACTCCATAAC,day_minus2,T89,basal.subconfluent,-2.0,23297.0,,0.0,3.608040627786209,8.067748263101345,,,,,,,,,,,,,,,,,,,,,,,,,,,,,,,,,,
cell_embedding,A,chip94577.2.8.19.AACTACTTAGC,day_minus2,T89,basal.subconfluent,-2.0,20235.0,,0.0,11.759735613084596,6.320219784925736,,,,,,,,,,,,,,,,,,,,,,,,,,,,,,,,,,
cell_embedding,A,chip94577.2.8.21.AACTACCAGCG,day_minus2,T89,basal.subconfluent,-2.0,4499.0,,0.0,1.4942552614986542,-2.2455940921825475,,,,,,,,,,,,,,,,,,,,,,,,,,,,,,,,,,
cell_embedding,A,chip94577.2.8.43.AACTGAAGGAC,day_minus2,T89,basal.subconfluent,-2.0,11545.0,0.271189704167929,0.69510822189594,12.464305293251618,2.9411853773878422,,,,,,,,,,,,,,,,,,,,,,,,,,,,,,,,,,
cell_embedding,A,chip94577.2.8.71.AACTACGACTC,day_minus2,T89,basal.subconfluent,-2.0,11144.0,,0.0,10.60545669137409,3.978372056930175,,,,,,,,,,,,,,,,,,,,,,,,,,,,,,,,,,
cell_embedding,A,chip94577.3.10.34.AAGAGAATTAA,day_7,T89,d.basal,7.0,3760.0,0.372278286219383,1.0,4.056475175997447,-1.8150304974929523,,,,,,,,,,,,,,,,,,,,,,,,,,,,,,,,,,
cell_embedding,A,chip94577.3.10.52.AAGAAGCTTAA,day_7,T89,d.basal,7.0,2503.0,,0.0,0.0098690235865911,-7.735439816184291,,,,,,,,,,,,,,,,,,,,,,,,,,,,,,,,,,
cell_embedding,A,chip94577.3.12.1.AGAACGCCATC,day_7,T89,d.basal,7.0,3129.0,,0.0,-1.9666712251509797,-5.259375546795402,,,,,,,,,,,,,,,,,,,,,,,,,,,,,,,,,,
cell_embedding,A,chip94577.3.13.32.AGAACTCCAAT,day_7,T89,p.basal,7.0,8881.0,0.331039420937479,0.547761406453072,6.4497673706456276,5.286739280737537,,,,,,,,,,,,,,,,,,,,,,,,,,,,,,,,,,
cell_embedding,A,chip94577.3.13.48.AGAATAATTAA,day_7,T89,d.basal,7.0,4558.0,0.351022909377949,1.0,3.7813289593885178,0.072148574915989,,,,,,,,,,,,,,,,,,,,,,,,,,,,,,,,,,
cell_embedding,A,chip94577.3.13.53.AGAATAATATC,day_7,T89,d.basal,7.0,5411.0,0.374046693424637,1.0,2.2706778789633475,0.6185156068662814,,,,,,,,,,,,,,,,,,,,,,,,,,,,,,,,,,
cell_embedding,A,chip94577.3.13.6.AGAATCGAGTT,day_7,T89,d.basal,7.0,9437.0,,0.0,5.859711116792836,9.398138535300314,,,,,,,,,,,,,,,,,,,,,,,,,,,,,,,,,,
cell_embedding,A,chip94577.3.14.28.AGAATCAGTCT,day_7,T89,d.basal,7.0,7961.0,,0.0,5.893269854846283,3.76397778251664,,,,,,,,,,,,,,,,,,,,,,,,,,,,,,,,,,
cell_embedding,A,chip94577.3.14.48.AGAACTAGCAG,day_7,T89,d.basal,7.0,2287.0,,0.0,0.3579170004533772,-10.0652854766824,,,,,,,,,,,,,,,,,,,,,,,,,,,,,,,,,,
cell_embedding,A,chip94577.3.14.4.AGAACTTAAGT,day_7,T89,d.basal,7.0,7847.0,0.348131215155555,1.0,3.9256614686807647,4.106046138345277,,,,,,,,,,,,,,,,,,,,,,,,,,,,,,,,,,
cell_embedding,A,chip94577.3.14.50.AGAACTGAGAT,day_7,T89,d.basal,7.0,1708.0,,0.0,-1.2006673420668428,-11.46814431215619,,,,,,,,,,,,,,,,,,,,,,,,,,,,,,,,,,
cell_embedding,A,chip94577.3.14.53.AGAACTACTCG,day_7,T89,d.basal,7.0,2691.0,,0.0,-4.642351775856958,-7.056146714986479,,,,,,,,,,,,,,,,,,,,,,,,,,,,,,,,,,
cell_embedding,A,chip94577.3.15.2.AGGCTTAGATA,day_7,T89,d.basal,7.0,5791.0,0.28541490843192,1.0,9.214335404225242,0.9676881304821148,,,,,,,,,,,,,,,,,,,,,,,,,,,,,,,,,,
cell_embedding,A,chip94577.3.15.59.AGGAACGCGTC,day_7,T89,d.basal,7.0,8175.0,,0.0,4.6356575387616985,6.818251060786854,,,,,,,,,,,,,,,,,,,,,,,,,,,,,,,,,,
cell_embedding,A,chip94577.3.16.4.CAACCGCTACG,day_7,T89,d.basal,7.0,4417.0,0.392619451961273,1.0,2.079425669412013,-1.6378998781951213,,,,,,,,,,,,,,,,,,,,,,,,,,,,,,,,,,
cell_embedding,A,chip94577.3.17.51.CCAACGCAGAG,day_7,T89,d.basal,7.0,5386.0,0.330295495757243,1.0,6.359736898612275,2.518258911363414,,,,,,,,,,,,,,,,,,,,,,,,,,,,,,,,,,
cell_embedding,A,chip94577.3.17.9.CCAACTCGCAG,day_7,T89,d.basal,7.0,13608.0,,0.0,6.239591648178283,9.501365888910993,,,,,,,,,,,,,,,,,,,,,,,,,,,,,,,,,,
cell_embedding,A,chip94577.3.45.26.GGTAGTCAGAC,day_7,T89,d.basal,7.0,5930.0,0.330295495757243,1.0,5.779405494369315,4.52148491687042,,,,,,,,,,,,,,,,,,,,,,,,,,,,,,,,,,
cell_embedding,A,chip94577.3.46.24.GGTCTCCTGGA,day_7,T89,ciliating.early,7.0,5094.0,0.421818973119393,1.0,-3.5701522279410893,5.45364185537584,,,,,,,,,,,,,,,,,,,,,,,,,,,,,,,,,,
cell_embedding,A,chip94577.3.47.10.GGTTAACGAGG,day_7,T89,d.basal,7.0,4522.0,,0.0,5.2589410453010155,1.0963968629871477,,,,,,,,,,,,,,,,,,,,,,,,,,,,,,,,,,
cell_embedding,A,chip94577.3.47.29.GGTATGAATAT,day_7,T89,d.basal,7.0,10559.0,,0.0,8.468478679046427,8.961842820884748,,,,,,,,,,,,,,,,,,,,,,,,,,,,,,,,,,
cell_embedding,A,chip94577.3.47.48.GGTTAAGCAGT,day_7,T89,d.basal,7.0,3402.0,0.201205769456,0.965415125628212,7.749830741244204,-3.028421743835744,,,,,,,,,,,,,,,,,,,,,,,,,,,,,,,,,,
cell_embedding,A,chip94577.3.47.51.GGTCTTAACTC,day_7,T89,d.basal,7.0,4209.0,,0.0,3.1689413061136555,-2.873246858270845,,,,,,,,,,,,,,,,,,,,,,,,,,,,,,,,,,
cell_embedding,A,chip94577.3.47.53.GGTTAACGCTA,day_7,T89,d.basal,7.0,8994.0,,0.0,6.859392298589696,7.838736830514368,,,,,,,,,,,,,,,,,,,,,,,,,,,,,,,,,,
cell_embedding,A,chip94577.3.47.54.GGTTAAGTCTG,day_7,T89,d.basal,7.0,3873.0,0.408475148603163,0.841570919015198,1.4916230198899127,-2.95047974057755,,,,,,,,,,,,,,,,,,,,,,,,,,,,,,,,,,
cell_embedding,A,chip94577.3.48.31.GTTATACCTAG,day_7,T89,d.basal,7.0,4322.0,0.37519092613262,0.791507433657889,4.37974868944879,-1.7680763450337822,,,,,,,,,,,,,,,,,,,,,,,,,,,,,,,,,,
cell_embedding,A,chip94577.3.53.1.TCATCGGCTTG,day_7,T89,d.basal,7.0,6379.0,0.323500029230941,1.0,6.989703018824003,3.1060352754547234,,,,,,,,,,,,,,,,,,,,,,,,,,,,,,,,,,
cell_embedding,A,chip94577.3.53.2.TCATGCTACGG,day_7,T89,d.basal,7.0,7847.0,,0.0,7.0460266044888415,7.148231001997656,,,,,,,,,,,,,,,,,,,,,,,,,,,,,,,,,,
cell_embedding,A,chip94577.3.53.34.TAGTTCGCGCC,day_7,T89,d.basal,7.0,9907.0,,0.0,5.278671554675505,5.855139756375897,,,,,,,,,,,,,,,,,,,,,,,,,,,,,,,,,,
cell_embedding,A,chip94577.3.53.5.TCAGTCTCAGG,day_7,T89,d.basal,7.0,2392.0,,0.0,-3.800975340534819,-9.52427404518683,,,,,,,,,,,,,,,,,,,,,,,,,,,,,,,,,,
cell_embedding,A,chip94577.3.9.10.AAGAGAAGCGA,day_7,T89,p.basal,7.0,3977.0,0.386637140978556,0.977355604038086,2.666302591782924,-3.1144710389771046,,,,,,,,,,,,,,,,,,,,,,,,,,,,,,,,,,
cell_embedding,A,chip94577.4.10.22.AAGAGATGACC,day_9,T89,d.basal,9.0,2836.0,,0.0,-0.2670580366389142,-3.385932208796389,,,,,,,,,,,,,,,,,,,,,,,,,,,,,,,,,,
cell_embedding,A,chip94577.4.10.64.AACTAGCGGTA,day_9,T89,d.basal,9.0,2587.0,,0.0,4.505142821959481,-7.380404049217967,,,,,,,,,,,,,,,,,,,,,,,,,,,,,,,,,,
cell_embedding,A,chip94577.4.11.13.ACCATATTGAA,day_9,T89,d.basal,9.0,3863.0,0.370041793282403,1.0,3.685268375256763,-1.3235490583419758,,,,,,,,,,,,,,,,,,,,,,,,,,,,,,,,,,
cell_embedding,A,chip94577.4.12.45.ACCATTAACCA,day_9,T89,d.basal,9.0,3437.0,0.347866678311555,1.0,4.5030519525564765,0.5218125048395585,,,,,,,,,,,,,,,,,,,,,,,,,,,,,,,,,,
cell_embedding,A,chip94577.4.14.71.ACCAACCAGAG,day_9,T89,p.basal,9.0,11630.0,0.309928315424775,0.498714097922978,8.706654209557271,7.7684234007183965,,,,,,,,,,,,,,,,,,,,,,,,,,,,,,,,,,
cell_embedding,A,chip94577.4.15.17.ACGCGCTGGAG,day_9,T89,d.basal,9.0,5019.0,0.311911604441556,1.0,7.59448223181218,0.2176518355432353,,,,,,,,,,,,,,,,,,,,,,,,,,,,,,,,,,
cell_embedding,A,chip94577.4.15.37.ACCAAGCCAAC,day_9,T89,d.basal,9.0,2484.0,,0.0,1.607201030323039,-5.516911063356587,,,,,,,,,,,,,,,,,,,,,,,,,,,,,,,,,,
cell_embedding,A,chip94577.4.15.60.ACGCCTCATTA,day_9,T89,p.basal,9.0,10003.0,0.302329377701094,0.81375021059416,9.754243845362357,4.806324345375003,,,,,,,,,,,,,,,,,,,,,,,,,,,,,,,,,,
cell_embedding,A,chip94577.4.16.22.AGGTCGTTGAA,day_9,T89,d.basal,9.0,5952.0,0.326710211879793,1.0,6.133032540561133,1.1303805182746027,,,,,,,,,,,,,,,,,,,,,,,,,,,,,,,,,,
cell_embedding,A,chip94577.4.17.68.ATTATGGCAGC,day_9,T89,d.basal,9.0,3762.0,0.384589377189482,1.0,2.547540379994651,-0.3175350892119665,,,,,,,,,,,,,,,,,,,,,,,,,,,,,,,,,,
cell_embedding,A,chip94577.4.45.40.GCTGCTTGCCA,day_9,T89,p.basal,9.0,11454.0,0.329880095519022,0.382516061755018,6.02764690788831,7.706924089890999,,,,,,,,,,,,,,,,,,,,,,,,,,,,,,,,,,
cell_embedding,A,chip94577.4.46.21.GCTTAGGTAAC,day_9,T89,p.basal,9.0,8639.0,0.288008113106857,1.0,9.825507785567869,1.9333459497196808,,,,,,,,,,,,,,,,,,,,,,,,,,,,,,,,,,
cell_embedding,A,chip94577.4.46.22.GCTTATGGAGT,day_9,T89,p.basal,9.0,4108.0,0.388412784349766,1.0,2.729293638134182,-1.622860471532084,,,,,,,,,,,,,,,,,,,,,,,,,,,,,,,,,,
cell_embedding,A,chip94577.4.46.71.GCTGGCTCTAA,day_9,T89,d.basal,9.0,5836.0,,0.0,0.7778737201514994,1.2414788700453652,,,,,,,,,,,,,,,,,,,,,,,,,,,,,,,,,,
cell_embedding,A,chip94577.4.47.19.GGCTGCTGATT,day_9,T89,d.basal,9.0,6906.0,,0.0,8.552744810035996,6.574752391204158,,,,,,,,,,,,,,,,,,,,,,,,,,,,,,,,,,
cell_embedding,A,chip94577.4.47.71.GGCGTCGTCAT,day_9,T89,d.basal,9.0,6168.0,0.309928315424775,1.0,7.712427797210094,4.323241220339934,,,,,,,,,,,,,,,,,,,,,,,,,,,,,,,,,,
cell_embedding,A,chip94577.4.48.18.GGTTCAAGCAG,day_9,T89,d.basal,9.0,5911.0,0.212734057465242,1.0,10.318508338227712,-2.3590110908962356,,,,,,,,,,,,,,,,,,,,,,,,,,,,,,,,,,
cell_embedding,A,chip94577.4.48.44.GTAGTAAGGCC,day_9,T89,d.basal,9.0,2361.0,,0.0,2.038518460587343,-5.0627184173277096,,,,,,,,,,,,,,,,,,,,,,,,,,,,,,,,,,
cell_embedding,A,chip94577.4.48.46.GTAGATGGATG,day_9,T89,p.basal,9.0,2232.0,,0.0,-3.0877957868912036,-8.056691103757577,,,,,,,,,,,,,,,,,,,,,,,,,,,,,,,,,,
cell_embedding,A,chip94577.4.49.17.GTATAATATCT,day_9,T89,ciliating.early,9.0,3395.0,0.487323835514786,1.0,-6.2528309637506325,-2.849805115869043,,,,,,,,,,,,,,,,,,,,,,,,,,,,,,,,,,
cell_embedding,A,chip94577.4.49.39.GGTTCCGTTGC,day_9,T89,d.basal,9.0,3733.0,0.415777038177916,0.861770926112361,0.0503587043268988,-1.252424972566106,,,,,,,,,,,,,,,,,,,,,,,,,,,,,,,,,,
cell_embedding,A,chip94577.4.50.15.GGTTGACCTAC,day_9,T89,d.basal,9.0,3721.0,0.394410811677097,0.907205826994832,2.905717636047247,-2.5134363630884273,,,,,,,,,,,,,,,,,,,,,,,,,,,,,,,,,,
cell_embedding,A,chip94577.4.50.17.GGTTGCAGCTC,day_9,T89,d.basal,9.0,3282.0,,0.0,2.9894142625866538,-5.237742880942121,,,,,,,,,,,,,,,,,,,,,,,,,,,,,,,,,,
cell_embedding,A,chip94577.4.50.61.GGTTCTTGGCT,day_9,T89,p.basal,9.0,6780.0,0.341084902823412,1.0,5.5030643884335895,1.9800403836003948,,,,,,,,,,,,,,,,,,,,,,,,,,,,,,,,,,
cell_embedding,A,chip94577.4.51.17.GTATTCGCCTA,day_9,T89,d.basal,9.0,4321.0,0.321087168257088,1.0,6.258073033409208,0.5067696403560954,,,,,,,,,,,,,,,,,,,,,,,,,,,,,,,,,,
cell_embedding,A,chip94577.4.51.37.GGTTGGTATAT,day_9,T89,d.basal,9.0,5214.0,0.31671206413748,1.0,7.054314191373675,1.8900326659168425,,,,,,,,,,,,,,,,,,,,,,,,,,,,,,,,,,
cell_embedding,A,chip94577.4.51.42.GGTTGCTTGAA,day_9,T89,d.basal,9.0,2280.0,,0.0,0.5224125595961937,-7.969843753844857,,,,,,,,,,,,,,,,,,,,,,,,,,,,,,,,,,
cell_embedding,A,chip94577.4.52.41.GTCCGTAAGAC,day_9,T89,d.basal,9.0,2911.0,,0.0,0.1630494826162213,-7.85702435830478,,,,,,,,,,,,,,,,,,,,,,,,,,,,,,,,,,
cell_embedding,A,chip94577.4.52.68.GTAGACGGAAC,day_9,T89,d.basal,9.0,2393.0,,0.0,1.1621148916899078,-7.1154802406249,,,,,,,,,,,,,,,,,,,,,,,,,,,,,,,,,,
cell_embedding,A,chip94577.4.53.67.GTCGAGTCTGA,day_9,T89,ciliated,9.0,6039.0,0.754591346671039,1.0,-6.281398954575432,3.523644371508588,,,,,,,,,,,,,,,,,,,,,,,,,,,,,,,,,,
cell_embedding,A,chip94577.4.9.13.AACTGCTTATA,day_9,T89,p.basal,9.0,3277.0,0.420738442238548,0.880450983602161,0.5647066039778114,-3.21392943807357,,,,,,,,,,,,,,,,,,,,,,,,,,,,,,,,,,
cell_embedding,A,chip94577.4.9.40.AACTAGATGAT,day_9,T89,d.basal,9.0,5286.0,0.330295495757243,1.0,6.397119008813517,2.0867301445529094,,,,,,,,,,,,,,,,,,,,,,,,,,,,,,,,,,
cell_embedding,A,chip94577.4.9.43.AACTATAGGTC,day_9,T89,d.basal,9.0,3783.0,0.377586750967169,1.0,3.7942305439990975,-0.0920424772195938,,,,,,,,,,,,,,,,,,,,,,,,,,,,,,,,,,
cell_embedding,A,chip94577.5.19.54.CCAAGGTTGAT,day_14,T89,p.basal,14.0,5082.0,0.291939959355595,1.0,5.8201439936055595,0.0093435468885832,,,,,,,,,,,,,,,,,,,,,,,,,,,,,,,,,,
cell_embedding,A,chip94577.5.19.59.CCAAGGAGAGT,day_14,T89,ciliating.early,14.0,5254.0,0.36778431814373,1.0,1.8212985602162992,6.242971320186434,,,,,,,,,,,,,,,,,,,,,,,,,,,,,,,,,,
cell_embedding,A,chip94577.5.21.10.CCGTATTCGGT,day_14,T89,d.basal,14.0,4477.0,0.387842092168561,1.0,1.812989190357421,1.3038134709641995,,,,,,,,,,,,,,,,,,,,,,,,,,,,,,,,,,
cell_embedding,A,chip94577.5.22.27.CCGTCCATCCT,day_14,T89,d.basal,14.0,4264.0,0.360402927158053,1.0,4.388069037254402,-1.6226181976358085,,,,,,,,,,,,,,,,,,,,,,,,,,,,,,,,,,
cell_embedding,A,chip94577.5.22.52.CCGACTACCAA,day_14,T89,ciliated,14.0,14189.0,0.848355655236067,1.0,-2.4695411402848286,13.813557791262788,,,,,,,,,,,,,,,,,,,,,,,,,,,,,,,,,,
cell_embedding,A,chip94577.5.25.34.CCGCTTGCGCT,day_14,T89,ciliating.late,14.0,13345.0,0.816436505430195,1.0,-4.993294674735576,12.278544307197274,,,,,,,,,,,,,,,,,,,,,,,,,,,,,,,,,,
cell_embedding,A,chip94577.5.25.55.CCTCCAATAAG,day_14,T89,d.basal,14.0,11142.0,,0.0,8.93651283595979,8.199540997418362,,,,,,,,,,,,,,,,,,,,,,,,,,,,,,,,,,
cell_embedding,A,chip94577.5.26.50.CCGTAATAAGC,day_14,T89,ciliated,14.0,9362.0,0.8300848477874,1.0,-2.64396650339742,9.425184314861278,,,,,,,,,,,,,,,,,,,,,,,,,,,,,,,,,,
cell_embedding,A,chip94577.5.26.51.CCGGAGATAGG,day_14,T89,ciliating.late,14.0,9599.0,0.862344104596803,1.0,-0.5001978667333895,12.01489918221257,,,,,,,,,,,,,,,,,,,,,,,,,,,,,,,,,,
cell_embedding,A,chip94577.5.26.7.CGGAGAGGACC,day_14,T89,ciliating.early,14.0,10449.0,0.797625303483482,1.0,-5.797642425865365,9.620370884554788,,,,,,,,,,,,,,,,,,,,,,,,,,,,,,,,,,
cell_embedding,A,chip94577.5.59.11.TGCGATCGGAA,day_14,T89,ciliating.early,14.0,7750.0,0.806374472898345,1.0,-3.3383409579327346,6.429343863594528,,,,,,,,,,,,,,,,,,,,,,,,,,,,,,,,,,
cell_embedding,A,chip94577.5.61.27.TGAGTCTTACT,day_14,T89,p.basal,14.0,6428.0,0.308716301713297,1.0,6.298399772147424,4.131016805039436,,,,,,,,,,,,,,,,,,,,,,,,,,,,,,,,,,
cell_embedding,A,chip94577.5.62.32.TGCTTCGTTCA,day_14,T89,d.basal,14.0,3283.0,0.230964207035761,0.871598569674269,4.597734328827101,-2.626589321496445,,,,,,,,,,,,,,,,,,,,,,,,,,,,,,,,,,
cell_embedding,A,chip94577.5.62.50.TGATGCGTTGA,day_14,T89,p.basal,14.0,5670.0,0.290627270406081,1.0,7.95892224236776,1.2322275779412704,,,,,,,,,,,,,,,,,,,,,,,,,,,,,,,,,,
cell_embedding,A,chip94577.7.28.50.CGGCGCGGCGA,day_16,T89,ciliating.early,16.0,11532.0,0.903867098741145,1.0,1.536509181586155,12.44090158217857,,,,,,,,,,,,,,,,,,,,,,,,,,,,,,,,,,
cell_embedding,A,chip94577.7.28.58.CGGAGTCTTCA,day_16,T89,p.basal,16.0,1413.0,,0.0,-3.3534964573725645,-10.507324110467833,,,,,,,,,,,,,,,,,,,,,,,,,,,,,,,,,,
cell_embedding,A,chip94577.7.28.6.CGGCCTGAACC,day_16,T89,ciliating.late,16.0,7658.0,0.774837508279502,1.0,-5.349012628928348,9.710820825953716,,,,,,,,,,,,,,,,,,,,,,,,,,,,,,,,,,
cell_embedding,A,chip94577.7.28.8.CGGCGGTAAGT,day_16,T89,ciliating.late,16.0,5251.0,0.697109324772982,1.0,-9.405196203894478,5.655293176660139,,,,,,,,,,,,,,,,,,,,,,,,,,,,,,,,,,
cell_embedding,A,chip94577.7.29.4.CGTCGTAACTG,day_16,T89,ciliating.late,16.0,8721.0,0.76245881863313,1.0,-7.566625951924443,9.692882944224856,,,,,,,,,,,,,,,,,,,,,,,,,,,,,,,,,,
cell_embedding,A,chip94577.7.30.5.CGGTCAGTATA,day_16,T89,ciliating.late,16.0,8038.0,0.779534483051269,1.0,-5.420000168336065,10.42574790513029,,,,,,,,,,,,,,,,,,,,,,,,,,,,,,,,,,
cell_embedding,A,chip94577.7.31.48.CGTTATGCTAC,day_16,T89,ciliating.late,16.0,2487.0,0.558000688544299,1.0,-7.397096149207308,-0.0741160326593683,,,,,,,,,,,,,,,,,,,,,,,,,,,,,,,,,,
cell_embedding,A,chip94577.7.34.29.CTTGGATCGAA,day_16,T89,d.basal,16.0,2080.0,,0.0,2.4012398432584123,-6.871709100814303,,,,,,,,,,,,,,,,,,,,,,,,,,,,,,,,,,
cell_embedding,A,chip94577.7.63.25.TGCATGCCGAT,day_16,T89,d.basal,16.0,5281.0,0.297525632616953,1.0,6.245116888583477,0.3712048588888568,,,,,,,,,,,,,,,,,,,,,,,,,,,,,,,,,,
cell_embedding,A,chip94577.7.66.32.TTCAGGAGGCA,day_16,T89,ciliating.late,16.0,7370.0,0.778425602266662,1.0,-6.247886765476376,7.969836982813414,,,,,,,,,,,,,,,,,,,,,,,,,,,,,,,,,,
cell_embedding,A,chip94577.7.67.35.TTAGCTCAGTC,day_16,T89,ciliating.late,16.0,6282.0,0.731820811729935,1.0,-8.755174653544307,6.154573210337758,,,,,,,,,,,,,,,,,,,,,,,,,,,,,,,,,,
cell_embedding,A,chip94577.7.68.55.TTAGTTGCGAC,day_16,T89,ciliating.early,16.0,10685.0,0.718822027445132,1.0,-11.279436506195507,6.542272852416741,,,,,,,,,,,,,,,,,,,,,,,,,,,,,,,,,,
cell_embedding,A,chip94577.7.70.30.TTGACTCCGTC,day_16,T89,d.basal,16.0,6490.0,,0.0,1.9905566036202111,5.288034882789085,,,,,,,,,,,,,,,,,,,,,,,,,,,,,,,,,,
cell_embedding,A,chip94581.1.1.28.AACGAATCGAG,day_23,T89,ciliating.late,23.0,8387.0,0.707386000581641,1.0,-10.631839674487356,4.877261564213535,,,,,,,,,,,,,,,,,,,,,,,,,,,,,,,,,,
cell_embedding,A,chip94581.1.2.26.AACGCTCAATA,day_23,T89,ciliating.late,23.0,4146.0,0.693681161379521,1.0,-10.20360993905047,5.722166491749422,,,,,,,,,,,,,,,,,,,,,,,,,,,,,,,,,,
cell_embedding,A,chip94581.1.36.31.GAACCTTCTGC,day_23,T89,d.basal,23.0,3754.0,,0.0,-1.0008815151237418,-6.939767237096591,,,,,,,,,,,,,,,,,,,,,,,,,,,,,,,,,,
cell_embedding,A,chip94581.1.36.50.CTTGAGAGTAT,day_23,T89,ciliating.late,23.0,2084.0,0.588157848230163,1.0,-11.85188772111782,-3.5797681536680477,,,,,,,,,,,,,,,,,,,,,,,,,,,,,,,,,,
cell_embedding,A,chip94581.1.36.52.CTTCGGTTGCG,day_23,T89,ciliated,23.0,5784.0,0.618201502396635,1.0,-10.466607910506722,1.075740973305719,,,,,,,,,,,,,,,,,,,,,,,,,,,,,,,,,,
cell_embedding,A,chip94581.1.36.55.CTTGACTGAGG,day_23,T89,ciliating.late,23.0,9508.0,0.665935589197647,1.0,-15.082001194084812,6.478304122394878,,,,,,,,,,,,,,,,,,,,,,,,,,,,,,,,,,
cell_embedding,A,chip94581.1.37.0.GCCTGAACCAA,day_23,T89,ciliating.late,23.0,5178.0,0.607665073949031,1.0,-15.918168303535037,0.4863215922950746,,,,,,,,,,,,,,,,,,,,,,,,,,,,,,,,,,
cell_embedding,A,chip94581.1.37.52.GAACCTCCGAC,day_23,T89,d.basal,23.0,5015.0,,0.0,-6.695288873393834,-3.616029678670511,,,,,,,,,,,,,,,,,,,,,,,,,,,,,,,,,,
cell_embedding,A,chip94581.1.38.56.GCAACTACGGT,day_23,T89,ciliating.early,23.0,3318.0,0.508386288243235,1.0,-4.573977622192224,-4.596255115584068,,,,,,,,,,,,,,,,,,,,,,,,,,,,,,,,,,
cell_embedding,A,chip94581.1.38.59.GCAACCAAGCG,day_23,T89,ciliating.late,23.0,8029.0,0.688030164036123,1.0,-12.9143422960767,5.7158631210682085,,,,,,,,,,,,,,,,,,,,,,,,,,,,,,,,,,
cell_embedding,A,chip94581.1.39.32.GCAGAGCATCT,day_23,T89,d.basal,23.0,1592.0,,0.0,-3.938833093445688,-11.41705786992828,,,,,,,,,,,,,,,,,,,,,,,,,,,,,,,,,,
cell_embedding,A,chip94581.1.41.24.GCCATGCCATG,day_23,T89,ciliated,23.0,8932.0,0.766061577574949,1.0,-6.500704918496219,5.272157291462649,,,,,,,,,,,,,,,,,,,,,,,,,,,,,,,,,,
cell_embedding,A,chip94581.1.43.28.GGCTTCTTGAG,day_23,T89,p.basal,23.0,2438.0,,0.0,-2.1215069190261726,-9.848295094174826,,,,,,,,,,,,,,,,,,,,,,,,,,,,,,,,,,
cell_embedding,A,chip94581.1.44.31.GGTCGGAGCGG,day_23,T89,ciliated,23.0,6400.0,0.721521597407629,1.0,-8.105652667370977,3.5682812073492434,,,,,,,,,,,,,,,,,,,,,,,,,,,,,,,,,,
cell_embedding,A,chip94581.1.4.4.AACGATGCGAC,day_23,T89,ciliating.late,23.0,6672.0,0.658428718087834,1.0,-13.925624350984206,5.017271614346753,,,,,,,,,,,,,,,,,,,,,,,,,,,,,,,,,,
cell_embedding,A,chip94581.1.5.30.AACTTAGTCGT,day_23,T89,d.basal,23.0,2447.0,,0.0,-0.4166131422317404,-12.03650020232466,,,,,,,,,,,,,,,,,,,,,,,,,,,,,,,,,,
cell_embedding,A,chip94581.3.10.57.AAGAAGCCGGT,day_25,T89,ciliating.late,25.0,2510.0,0.594633484041134,1.0,-15.151989925758729,-4.313182523147809,,,,,,,,,,,,,,,,,,,,,,,,,,,,,,,,,,
cell_embedding,A,chip94581.3.14.32.AGAGAACCTTA,day_25,T89,d.basal,25.0,2505.0,,0.0,0.3619475243315648,-7.344449243581647,,,,,,,,,,,,,,,,,,,,,,,,,,,,,,,,,,
cell_embedding,A,chip94581.3.14.56.AGAACTGACCA,day_25,T89,d.basal,25.0,2606.0,,0.0,0.1961798565656187,-12.505377364923076,,,,,,,,,,,,,,,,,,,,,,,,,,,,,,,,,,
cell_embedding,A,chip94581.3.15.49.AGGAGGTCTCA,day_25,T89,d.basal,25.0,7151.0,0.33553804755837,1.0,4.772778350615649,-1.0166316293927624,,,,,,,,,,,,,,,,,,,,,,,,,,,,,,,,,,
cell_embedding,A,chip94581.3.16.59.CAACCGGCGGA,day_25,T89,ciliating.late,25.0,9006.0,0.64648042029481,1.0,-15.916934395265454,4.489406129399991,,,,,,,,,,,,,,,,,,,,,,,,,,,,,,,,,,
cell_embedding,A,chip94581.3.16.5.CAACCTAAGCA,day_25,T89,p.basal,25.0,3484.0,0.49658134669872,0.393831619720387,-5.362237038166522,-6.686299800839681,,,,,,,,,,,,,,,,,,,,,,,,,,,,,,,,,,
cell_embedding,A,chip94581.3.17.50.CCAACTCCTGC,day_25,T89,ciliating.late,25.0,7386.0,0.789506762107094,1.0,-4.272108667074196,7.957886083333463,,,,,,,,,,,,,,,,,,,,,,,,,,,,,,,,,,
cell_embedding,A,chip94581.3.17.7.CCAAGCAACTG,day_25,T89,d.basal,25.0,5162.0,0.382328642489119,1.0,3.6020557283449306,-3.2543922362275106,,,,,,,,,,,,,,,,,,,,,,,,,,,,,,,,,,
cell_embedding,A,chip94581.3.45.35.GGTAGCTTAAG,day_25,T89,ciliating.late,25.0,7137.0,0.662744029359339,1.0,-12.595141017967864,3.522455188324909,,,,,,,,,,,,,,,,,,,,,,,,,,,,,,,,,,
cell_embedding,A,chip94581.3.47.4.GGTTAACCGAA,day_25,T89,p.basal,25.0,5777.0,0.408902533698361,0.989385177410956,1.6013979291790723,-2.7746938726032435,,,,,,,,,,,,,,,,,,,,,,,,,,,,,,,,,,
cell_embedding,A,chip94581.3.48.50.GTCGTAGCGGT,day_25,T89,d.basal,25.0,4362.0,,0.0,4.853110915021936,-6.314088726133578,,,,,,,,,,,,,,,,,,,,,,,,,,,,,,,,,,
cell_embedding,A,chip94581.3.49.59.GTTAGTCTCGT,day_25,T89,d.basal,25.0,4932.0,0.402901574298791,1.0,1.104287539132323,-0.5659264222436471,,,,,,,,,,,,,,,,,,,,,,,,,,,,,,,,,,
cell_embedding,A,chip94581.3.49.7.GTTATTCGCGC,day_25,T89,ciliated,25.0,7424.0,0.757446670998438,1.0,-5.445576705382285,3.2473757736110693,,,,,,,,,,,,,,,,,,,,,,,,,,,,,,,,,,
cell_embedding,A,chip94581.3.50.48.GTCTCCTACGA,day_25,T89,p.basal,25.0,2616.0,,0.0,-0.2291170643070433,-6.850327796873266,,,,,,,,,,,,,,,,,,,,,,,,,,,,,,,,,,
cell_embedding,A,chip94581.3.51.27.GTCTGGCTTAG,day_25,T89,d.basal,25.0,1975.0,,0.0,-3.076188559598565,-10.24242889449203,,,,,,,,,,,,,,,,,,,,,,,,,,,,,,,,,,
cell_embedding,A,chip94581.3.51.49.GTTCCAGTCGC,day_25,T89,p.basal,25.0,5448.0,0.194691402676719,0.968431184033716,5.9049212803927285,-3.568648354217246,,,,,,,,,,,,,,,,,,,,,,,,,,,,,,,,,,
cell_embedding,A,chip94581.3.51.6.GTTCCAGGCTT,day_25,T89,ciliated,25.0,7478.0,0.760627012167479,1.0,-5.312090425352767,6.295406042401679,,,,,,,,,,,,,,,,,,,,,,,,,,,,,,,,,,
cell_embedding,A,chip94581.3.52.2.GTTAGACGCCA,day_25,T89,ciliated,25.0,9676.0,0.792475375968716,1.0,-3.992480828192421,6.358764354578941,,,,,,,,,,,,,,,,,,,,,,,,,,,,,,,,,,
cell_embedding,A,chip94581.5.18.1.CATCAATCGGT,day_32,T89,ciliating.late,32.0,10889.0,0.751363252350658,1.0,-9.529584493802552,8.086200614369785,,,,,,,,,,,,,,,,,,,,,,,,,,,,,,,,,,
cell_embedding,A,chip94581.5.19.0.CCAAGTTCCAT,day_32,T89,ciliated,32.0,8822.0,0.808853997010386,1.0,-2.422470495236403,7.569208925766474,,,,,,,,,,,,,,,,,,,,,,,,,,,,,,,,,,
cell_embedding,A,chip94581.5.19.50.CCAATACCTTG,day_32,T89,d.basal,32.0,10508.0,,0.0,1.8074058953748773,6.549353138253264,,,,,,,,,,,,,,,,,,,,,,,,,,,,,,,,,,
cell_embedding,A,chip94581.5.19.6.CCAATAACTCT,day_32,T89,ciliating.late,32.0,4026.0,0.811452039681117,1.0,-0.3040191056868589,5.501118268177578,,,,,,,,,,,,,,,,,,,,,,,,,,,,,,,,,,
cell_embedding,A,chip94581.5.20.24.CCAATCATTGC,day_32,T89,ciliating.late,32.0,4589.0,0.585077585597106,1.0,-7.0923636025399235,0.4233342136867266,,,,,,,,,,,,,,,,,,,,,,,,,,,,,,,,,,
cell_embedding,A,chip94581.5.20.57.CATGAAGTATG,day_32,T89,ciliating.late,32.0,5979.0,0.620549320861083,1.0,-12.929998268328768,1.2349415671144452,,,,,,,,,,,,,,,,,,,,,,,,,,,,,,,,,,
cell_embedding,A,chip94581.5.23.9.CCTACGCTTGA,day_32,T89,ciliating.late,32.0,6424.0,0.674270644999141,1.0,-13.347117169615933,5.244132562075847,,,,,,,,,,,,,,,,,,,,,,,,,,,,,,,,,,
cell_embedding,A,chip94581.5.24.24.CCTCAGTCAAG,day_32,T89,ciliated,32.0,7845.0,0.796470143977181,1.0,-1.955624102988608,5.665266920695244,,,,,,,,,,,,,,,,,,,,,,,,,,,,,,,,,,
cell_embedding,A,chip94581.5.24.54.CCGCGATCATA,day_32,T89,d.basal,32.0,2733.0,,0.0,-5.696080264106781,-9.068981323022935,,,,,,,,,,,,,,,,,,,,,,,,,,,,,,,,,,
cell_embedding,A,chip94581.5.25.35.CCGGCTCATAA,day_32,T89,ciliated,32.0,6630.0,0.73500533908501,1.0,-6.5157989007468595,2.9436039784553083,,,,,,,,,,,,,,,,,,,,,,,,,,,,,,,,,,
cell_embedding,A,chip94581.5.26.10.CGCGTTGATCG,day_32,T89,ciliating.late,32.0,3871.0,0.64331234126919,1.0,-9.793286236854744,2.2672389205517125,,,,,,,,,,,,,,,,,,,,,,,,,,,,,,,,,,
cell_embedding,A,chip94581.5.26.27.CCTCCGGTATG,day_32,T89,d.basal,32.0,5481.0,0.423930101931528,1.0,-0.6555742590556546,-2.361189994516404,,,,,,,,,,,,,,,,,,,,,,,,,,,,,,,,,,
cell_embedding,A,chip94581.5.26.29.CCTCCTTAACG,day_32,T89,ciliating.late,32.0,5771.0,0.659788425177405,1.0,-12.700032676036866,3.831111408077534,,,,,,,,,,,,,,,,,,,,,,,,,,,,,,,,,,
cell_embedding,A,chip94581.5.26.52.CCGGATTACTA,day_32,T89,d.basal,32.0,2222.0,,0.0,-2.415711156021319,-10.514570459900307,,,,,,,,,,,,,,,,,,,,,,,,,,,,,,,,,,
cell_embedding,A,chip94581.5.54.33.TCAGGAACCTC,day_32,T89,ciliating.late,32.0,8122.0,0.689445585096653,1.0,-11.36060013466156,4.9916221486978545,,,,,,,,,,,,,,,,,,,,,,,,,,,,,,,,,,
cell_embedding,A,chip94581.5.55.2.TCCATGAAGGT,day_32,T89,ciliating.late,32.0,3154.0,0.526808574929513,1.0,-4.594013288546453,-2.082743415403245,,,,,,,,,,,,,,,,,,,,,,,,,,,,,,,,,,
cell_embedding,A,chip94581.5.55.54.TCCAATATCTA,day_32,T89,p.basal,32.0,3304.0,0.461934167308397,0.622019264316031,-2.418374865690114,-4.777612265847905,,,,,,,,,,,,,,,,,,,,,,,,,,,,,,,,,,
cell_embedding,A,chip94581.5.55.59.TCCAAGTACTT,day_32,T89,ciliated,32.0,19023.0,0.826636174394171,1.0,-3.587700224428508,10.603352204608004,,,,,,,,,,,,,,,,,,,,,,,,,,,,,,,,,,
cell_embedding,A,chip94581.5.56.29.TCCGGTTGGAA,day_32,T89,ciliating.late,32.0,5580.0,0.614687565690621,1.0,-13.128191520916232,1.7118327071685475,,,,,,,,,,,,,,,,,,,,,,,,,,,,,,,,,,
cell_embedding,A,chip94581.5.56.35.TCCGTCCTTAG,day_32,T89,ciliating.late,32.0,6237.0,0.682868281152125,1.0,-12.304329770276922,5.119587359984976,,,,,,,,,,,,,,,,,,,,,,,,,,,,,,,,,,
cell_embedding,A,chip94581.5.57.28.TCAAGAGCTGC,day_32,T89,d.basal,32.0,2321.0,,0.0,-7.763405240709859,-8.938519196986547,,,,,,,,,,,,,,,,,,,,,,,,,,,,,,,,,,
cell_embedding,A,chip94581.5.57.35.TCAATCAACCG,day_32,T89,ciliating.late,32.0,4445.0,0.601110535514679,1.0,-15.681140189044418,-1.0534368106462069,,,,,,,,,,,,,,,,,,,,,,,,,,,,,,,,,,
cell_embedding,A,chip94581.5.57.9.TCCTCGACTTC,day_32,T89,d.basal,32.0,7291.0,,0.0,-2.8656160159301707,1.1573687768490588,,,,,,,,,,,,,,,,,,,,,,,,,,,,,,,,,,
cell_embedding,A,chip94581.5.60.30.TGCGTAGTCGG,day_32,T89,ciliating.late,32.0,3261.0,0.608563440457658,1.0,-14.902949112197067,-0.8415762117965548,,,,,,,,,,,,,,,,,,,,,,,,,,,,,,,,,,
cell_embedding,A,chip94581.5.60.56.TGAGTACTTAA,day_32,T89,ciliated,32.0,10577.0,0.779875327865315,1.0,-7.103033518398706,8.381347332433416,,,,,,,,,,,,,,,,,,,,,,,,,,,,,,,,,,
cell_embedding,A,chip94581.5.62.51.TGATACGAGCT,day_32,T89,ciliated,32.0,6836.0,0.681074124547788,1.0,-11.167694189608463,3.64997800044112,,,,,,,,,,,,,,,,,,,,,,,,,,,,,,,,,,
cell_embedding,A,chip94581.5.62.58.TGATAGCTCTG,day_32,T89,ciliating.late,32.0,9766.0,0.782022970683993,1.0,-6.720030337970186,9.623691453146291,,,,,,,,,,,,,,,,,,,,,,,,,,,,,,,,,,
donor_equal_cell_bin,B-D,,,T84,,-2.3608247422680413,,0.1568707718207384,,,,1.0,97.0,0.44345190414020136,1.079447008776139,-0.39614557302105047,-0.2415734347022388,-0.3491985402717925,0.9727467269156659,1.530206824905361,-0.219811416508218,-0.0877411390126673,-0.049043672773807806,,,,,,,,,,,,,,,,,,,,,,
donor_equal_cell_bin,B-D,,,T84,,-2.3684210526315788,,0.23711132650999495,,,,2.0,76.0,0.5985877678418244,1.085247757891012,-0.3156223272786944,-0.08077304209535244,-0.30770613738214897,0.79805050401234,1.6787421987820956,-0.15035503147538948,0.07162034924458753,0.16621120691573443,,,,,,,,,,,,,,,,,,,,,,
donor_equal_cell_bin,B-D,,,T84,,-0.05,,0.2773771661343166,,,,3.0,20.0,0.2723724750390012,0.5222266278976483,-0.28962320342491565,-0.09647136559341467,-0.3330360905676021,0.5298260396910243,1.0216117977320205,-0.21981141650821803,-0.0877411390126673,-0.0490436727738078,,,,,,,,,,,,,,,,,,,,,,
donor_equal_cell_bin,B-D,,,T84,,3.0606060606060606,,0.3141419949296701,,,,4.0,33.0,0.2722103913492953,0.3978380100123154,-0.24632792827619604,-0.051231061676210304,-0.19691154007838363,0.6909861794641239,0.9448802669759713,-0.219811416508218,-0.0877411390126673,-0.0490436727738078,,,,,,,,,,,,,,,,,,,,,,
donor_equal_cell_bin,B-D,,,T84,,3.477272727272727,,0.3717838827859957,,,,5.0,44.0,-0.021399532370634786,-0.12878097214715634,-0.28502681902749455,-0.07876689796504033,-0.24307007777204373,0.3929739135479968,0.4630525168172909,-0.219811416508218,-0.0877411390126673,-0.049043672773807806,,,,,,,,,,,,,,,,,,,,,,
donor_equal_cell_bin,B-D,,,T84,,7.018518518518518,,0.4557634631811426,,,,6.0,54.0,-0.32544898242477616,-0.5965349939925382,-0.1249087054623497,0.08656052054077527,-0.19099675132925925,0.18494482556885522,-0.3893015532632344,-0.044121244079011405,0.14363763272257282,-0.0490436727738078,,,,,,,,,,,,,,,,,,,,,,
donor_equal_cell_bin,B-D,,,T84,,24.38888888888889,,0.5933862332008811,,,,7.0,36.0,-0.6908921111651369,-0.9740221321327213,0.6838650452485143,0.3092202488103735,0.5183548340738648,-0.7017147148131759,-2.50174202481494,0.2519383701718068,0.6316311859004697,-0.0490436727738078,,,,,,,,,,,,,,,,,,,,,,
donor_equal_cell_bin,B-D,,,T84,,24.017857142857142,,0.6533886098721711,,,,8.0,56.0,-0.5258399833256653,-0.9430484212334417,0.9578805916266618,0.31326832171273467,0.5378235795595138,-0.4606239813322346,-2.676192455352282,0.06230365874519813,-0.0877411390126673,-0.0490436727738078,,,,,,,,,,,,,,,,,,,,,,
donor_equal_cell_bin,B-D,,,T84,,22.152542372881356,,0.7012878915972376,,,,9.0,59.0,-0.28573730013188225,-0.8252015723571612,1.0278287291115078,0.46774778877505147,0.7212269832085851,-0.31578746094118965,-2.3497854428700484,0.34317696353121907,0.2124542031428223,-0.0490436727738078,,,,,,,,,,,,,,,,,,,,,,
donor_equal_cell_bin,B-D,,,T84,,17.03448275862069,,0.8257885610642025,,,,10.0,29.0,0.03618994725000932,-0.5518206773653639,0.9161979701125179,0.5499362716986881,1.2960435208302483,0.13861420880034275,-1.5495267027392106,1.5159396186426912,-0.0877411390126673,-0.0490436727738078,,,,,,,,,,,,,,,,,,,,,,
donor_equal_cell_bin,B-D,,,T85,,0.18421052631578946,,0.1449739885134714,,,,1.0,38.0,0.17891746935752606,0.6973923821508773,-0.39617722506245184,-0.22630553135013337,-0.35613464710204573,0.4519924310425867,1.0346001947547665,-0.21981141650821803,-0.0877411390126673,-0.0490436727738078,,,,,,,,,,,,,,,,,,,,,,
donor_equal_cell_bin,B-D,,,T85,,1.392156862745098,,0.24068064799345773,,,,2.0,51.0,0.23491089457731545,0.5632823792608754,-0.368307066021843,-0.1754025185879872,-0.3004087676226238,0.5561552169464136,1.0903176492155342,-0.219811416508218,-0.0877411390126673,-0.0490436727738078,,,,,,,,,,,,,,,,,,,,,,
donor_equal_cell_bin,B-D,,,T85,,0.7096774193548387,,0.2772094231161581,,,,3.0,62.0,0.49055872295985203,0.877656946385619,-0.319930364046245,-0.11697963992130114,-0.35832274270235764,0.6232680089718178,1.4839312536853357,-0.219811416508218,-0.0877411390126673,-0.0490436727738078,,,,,,,,,,,,,,,,,,,,,,
donor_equal_cell_bin,B-D,,,T85,,3.4,,0.31096605306951103,,,,4.0,60.0,0.340354697114038,0.34567008211793543,-0.22235361723173433,-0.033893236317438874,-0.21897800440544218,0.5211069512849742,1.0302422473217352,-0.219811416508218,-0.0877411390126673,0.2664719014835773,,,,,,,,,,,,,,,,,,,,,,
donor_equal_cell_bin,B-D,,,T85,,2.933333333333333,,0.3668069443505725,,,,5.0,45.0,0.1605451586293978,0.31899691633836774,-0.2697820786533776,-0.060744091493800764,-0.2679886226392694,0.4291436566765026,0.7770541889561877,-0.219811416508218,0.16536438390533198,-0.0490436727738078,,,,,,,,,,,,,,,,,,,,,,
donor_equal_cell_bin,B-D,,,T85,,10.294117647058824,,0.4731259820885597,,,,6.0,51.0,-0.24137394719309763,-0.18838751963015624,-0.09026100976251109,0.05883156290940045,-0.028264892463114366,-0.01948613286564919,-0.29293130528621186,0.31281597037472003,-0.0877411390126673,-0.0490436727738078,,,,,,,,,,,,,,,,,,,,,,
donor_equal_cell_bin,B-D,,,T85,,21.715686274509803,,0.5897882895946175,,,,7.0,102.0,-0.683585971172393,-0.823609988612482,0.5194497463578701,0.06607307581819226,0.24747194591610938,-0.6366283400097107,-2.197815066078435,0.08606602685375013,-0.0877411390126673,-0.0490436727738078,,,,,,,,,,,,,,,,,,,,,,
donor_equal_cell_bin,B-D,,,T85,,23.12121212121212,,0.6526879128996315,,,,8.0,66.0,-0.39558709169051465,-0.7671247250793953,0.9184703816308788,0.4300600291933287,0.5589597972427848,-0.6763565899812978,-2.3625658336698616,0.13786430120515078,0.23889294000214428,-0.0490436727738078,,,,,,,,,,,,,,,,,,,,,,
donor_equal_cell_bin,B-D,,,T85,,23.948275862068964,,0.7080495811582068,,,,9.0,58.0,-0.20453772076869114,-0.5735943715309857,1.0536683101036453,0.4491636961943182,1.055159947752622,-0.40472080986402675,-2.2432542867724212,1.0199478895337846,-0.0877411390126673,-0.0490436727738078,,,,,,,,,,,,,,,,,,,,,,
donor_equal_cell_bin,B-D,,,T85,,22.209302325581394,,0.823387664399911,,,,10.0,86.0,0.07440661120633978,-0.3088731407354685,0.925211167892505,0.43972824805345145,1.6116422197143692,-0.22125283591870007,-1.4938302371492405,1.498670601626403,-0.0877411390126673,-0.0490436727738078,,,,,,,,,,,,,,,,,,,,,,
donor_equal_cell_bin,B-D,,,T89,,-0.2222222222222222,,0.1456994745576544,,,,1.0,18.0,0.2361058000993928,0.587606210304462,-0.3836998425006509,-0.21688551561112832,-0.2932441893903106,0.7491087768456235,1.1197289632372245,-0.219811416508218,-0.0877411390126673,-0.0490436727738078,,,,,,,,,,,,,,,,,,,,,,
donor_equal_cell_bin,B-D,,,T89,,-1.0769230769230769,,0.24174441392417434,,,,2.0,26.0,0.59817961577405,0.8726508946665863,-0.309292864094687,-0.14493087001701194,-0.2909202005467076,0.8265182813927431,1.666804228791069,-0.219811416508218,-0.0877411390126673,-0.0490436727738078,,,,,,,,,,,,,,,,,,,,,,
donor_equal_cell_bin,B-D,,,T89,,-1.1408450704225352,,0.28103849926432417,,,,3.0,71.0,0.7374098142259758,0.9796234828177595,-0.24217873852456698,-0.08911630354934243,-0.18845032928481859,0.7540434148587583,1.8092076089397553,-0.219811416508218,-0.0877411390126673,-0.0490436727738078,,,,,,,,,,,,,,,,,,,,,,
donor_equal_cell_bin,B-D,,,T89,,2.533333333333333,,0.3131888919566801,,,,4.0,60.0,0.3956044623218247,0.5370322900353143,-0.24790212801230238,-0.07299531984229793,-0.1365550170937609,0.6021837116952721,1.1788646463197159,0.008361809086297894,-0.0877411390126673,0.29948378290310235,,,,,,,,,,,,,,,,,,,,,,
donor_equal_cell_bin,B-D,,,T89,,6.828125,,0.3712273536153673,,,,5.0,64.0,0.07685951240966006,0.0007476312753503401,-0.2658469640580185,-0.058414279529132807,-0.25035467622940133,0.19554787871110363,0.6133044844809592,-0.14277041018791758,-0.0877411390126673,-0.0490436727738078,,,,,,,,,,,,,,,,,,,,,,
donor_equal_cell_bin,B-D,,,T89,,11.808510638297872,,0.4528309418761118,,,,6.0,47.0,-0.30911462787695826,-0.41809378987623463,-0.10411497973255744,0.1673345681728995,-0.1770942175803857,-0.15593223984768434,-0.3954021368758886,-0.1080517614860323,0.6714765249421668,0.5042920030548221,,,,,,,,,,,,,,,,,,,,,,
donor_equal_cell_bin,B-D,,,T89,,23.866666666666667,,0.6019818867022303,,,,7.0,15.0,-0.5837598124595164,-0.5427946766244874,0.7856186709278299,0.33325813275790234,0.4043651613844058,-0.6109617235204615,-2.4806290608868524,0.07608595693944649,-0.0877411390126673,-0.0490436727738078,,,,,,,,,,,,,,,,,,,,,,
donor_equal_cell_bin,B-D,,,T89,,24.903225806451612,,0.6537874739404842,,,,8.0,31.0,-0.4663252576997133,-0.7678860272138119,0.9313978482298909,0.3257160856888311,0.48950630351973523,-0.5534412869716611,-2.5179295577306102,-0.03588642749603257,-0.0877411390126673,-0.0490436727738078,,,,,,,,,,,,,,,,,,,,,,
donor_equal_cell_bin,B-D,,,T89,,23.97222222222222,,0.7046562237220111,,,,9.0,36.0,-0.3240188772152145,-0.6280595629459746,1.139638412063701,0.7266747705533065,0.9241167788527684,-0.48455894224822216,-2.618888492374101,0.2695411321019912,1.2046656320839577,-0.0490436727738078,,,,,,,,,,,,,,,,,,,,,,
donor_equal_cell_bin,B-D,,,T89,,18.18421052631579,,0.8193255710128767,,,,10.0,38.0,0.1325975558434191,-0.15182102165708344,0.8602651235609289,0.476296671384711,1.0489958808067172,0.11944085717152839,-1.270149634823083,0.8783725925853219,0.20741477150513973,-0.0490436727738078,,,,,,,,,,,,,,,,,,,,,,
trajectory_test,B-D,,,,,,,,,,,,,,,,,,,,,,,ABNORMAL_REPAIR,3.0,-0.285752755191688,-0.567945594633798,-0.0035599157495774,0.0488511824838134,-0.276767676767677,all_negative,0.0610639781047667,,,,,,,,,,,,,
trajectory_test,B-D,,,,,,,,,,,,,,,,,,,,,,,KRT14_KRT17_REPAIR,3.0,-1.40547481383295,-2.34801252551623,-0.462937102149677,0.0234420313344869,-0.583838383838384,all_negative,0.0390700522241449,,,,,,,,,,,,,
trajectory_test,B-D,,,,,,,,,,,,,,,,,,,,,,,CILIA_CONSENSUS,3.0,1.54931822597824,1.44210471614228,1.65653173581419,0.0002585691506827,0.874747474747475,all_positive,0.0025856915068272,,,,,,,,,,,,,
trajectory_test,B-D,,,,,,,,,,,,,,,,,,,,,,,MULTICILIOGENESIS,3.0,0.999893725134612,0.817852955450065,1.18193449481916,0.0017856346287125,0.858585858585859,all_positive,0.0044640865717812,,,,,,,,,,,,,
trajectory_test,B-D,,,,,,,,,,,,,,,,,,,,,,,MATURE_CILIATED,3.0,1.64273007062378,0.917475198056715,2.36798494319085,0.0103653213372595,0.729292929292929,all_positive,0.020730642674519,,,,,,,,,,,,,
trajectory_test,B-D,,,,,,,,,,,,,,,,,,,,,,,KRT4_KRT13_TRANSITIONAL_FATE,3.0,-0.983375112904585,-1.15709502030804,-0.809655205501132,0.0016814799759636,-0.523232323232323,all_negative,0.0044640865717812,,,,,,,,,,,,,
trajectory_test,B-D,,,,,,,,,,,,,,,,,,,,,,,Repair_Cilia_Imbalance,3.0,-3.27038394292428,-3.85156357149514,-2.68920431435341,0.0017015359876044,-0.648484848484848,all_negative,0.0044640865717812,,,,,,,,,,,,,
trajectory_test,B-D,,,,,,,,,,,,,,,,,,,,,,,FOXJ1,3.0,1.3426894400414,0.163957524209044,2.52142135587376,0.0391985518826623,0.539471135931842,all_positive,0.0559979312609461,,,,,,,,,,,,,
trajectory_test,B-D,,,,,,,,,,,,,,,,,,,,,,,MCIDAS,3.0,0.360320642861671,-0.794727590086744,1.51536887581009,0.3115951168064,0.174186308558109,all_positive,0.3115951168064,,,,,,,,,,,,,
trajectory_test,B-D,,,,,,,,,,,,,,,,,,,,,,,GMNC,3.0,-0.0568900264840072,-0.119750001999866,0.0059699490318513,0.0600675889239227,-0.124488149003001,all_negative,0.0667417654710253,,,,,,,,,,,,,
equal_cell_bin_qc,QC,,,,,,,,,,,,153.0,,,,,,,,,,,,3.0,,,,,,,,1.0,0.0,0.15260174491608702,0.212016709396924,96.0,0.0,24.0,0.0,0.0,0.0,6.0,27.0,1.0
equal_cell_bin_qc,QC,,,,,,,,,,,,153.0,,,,,,,,,,,,3.0,,,,,,,,2.0,0.21223289033746,0.23908842238205552,0.261588748338711,84.0,3.0,24.0,0.0,0.0,0.0,19.0,23.0,1.0
equal_cell_bin_qc,QC,,,,,,,,,,,,153.0,,,,,,,,,,,,3.0,,,,,,,,3.0,0.261588748338711,0.27900824185395523,0.292225941825862,86.0,1.0,7.0,0.0,0.0,0.0,24.0,35.0,1.0
equal_cell_bin_qc,QC,,,,,,,,,,,,153.0,,,,,,,,,,,,3.0,,,,,,,,4.0,0.292393744925391,0.3125227616617685,0.335415194405438,35.0,1.0,3.0,0.0,0.0,0.0,56.0,58.0,1.0
equal_cell_bin_qc,QC,,,,,,,,,,,,153.0,,,,,,,,,,,,3.0,,,,,,,,5.0,0.335442457441611,0.370087280847994,0.408825480686426,11.0,1.0,2.0,0.0,1.0,0.0,77.0,61.0,1.0
equal_cell_bin_qc,QC,,,,,,,,,,,,152.0,,,,,,,,,,,,3.0,,,,,,,,6.0,0.408902533698361,0.46068227872681244,0.563975954996793,1.0,0.0,0.0,4.0,19.0,7.0,47.0,74.0,1.0
equal_cell_bin_qc,QC,,,,,,,,,,,,153.0,,,,,,,,,,,,3.0,,,,,,,,7.0,0.564834018062791,0.591830315257622,0.619850133447327,0.0,0.0,0.0,36.0,8.0,109.0,0.0,0.0,1.0
equal_cell_bin_qc,QC,,,,,,,,,,,,153.0,,,,,,,,,,,,3.0,,,,,,,,8.0,0.620371974999599,0.6531671640285769,0.680176563260044,0.0,0.0,0.0,10.0,13.0,130.0,0.0,0.0,1.0
equal_cell_bin_qc,QC,,,,,,,,,,,,153.0,,,,,,,,,,,,3.0,,,,,,,,9.0,0.680267428172687,0.7046436951987282,0.742982810085842,0.0,0.0,0.0,22.0,13.0,118.0,0.0,0.0,1.0
equal_cell_bin_qc,QC,,,,,,,,,,,,153.0,,,,,,,,,,,,3.0,,,,,,,,10.0,0.743686009454013,0.8228338503774086,1.0,2.0,0.0,0.0,80.0,12.0,39.0,0.0,20.0,1.0
